DateKey,MonthStart,EmployeeID,DepartmentID,CostCenterID,FTE,LaborCost,EmploymentStatus
20250101,2025-01-01,E10033,D01,CC101,1.0,14425.9,Active
20250101,2025-01-01,E10034,D01,CC101,1.0,12554.85,Active
20250101,2025-01-01,E10040,D02,CC202,1.0,6597.44,Active
20250101,2025-01-01,E10042,D02,CC202,1.0,10760.3,Active
20250101,2025-01-01,E10062,D02,CC202,1.0,10130.09,Active
20250101,2025-01-01,E10069,D02,CC202,1.0,14236.83,Active
20250101,2025-01-01,E10074,D02,CC201,1.0,13714.56,Active
20250101,2025-01-01,E10086,D02,CC202,1.0,7995.58,Active
20250101,2025-01-01,E10089,D02,CC202,1.0,15774.85,Active
20250101,2025-01-01,E10109,D02,CC201,1.0,9252.14,Active
20250101,2025-01-01,E10132,D03,CC301,1.0,13472.24,Active
20250101,2025-01-01,E10141,D03,CC301,1.0,15793.08,Active
20250101,2025-01-01,E10152,D03,CC301,1.0,5476.7,Active
20250101,2025-01-01,E10157,D03,CC301,1.0,9462.81,Active
20250101,2025-01-01,E10162,D03,CC301,1.0,14381.71,Active
20250101,2025-01-01,E10169,D03,CC301,1.0,8911.92,Active
20250101,2025-01-01,E10172,D03,CC301,1.0,9973.17,Active
20250101,2025-01-01,E10178,D03,CC301,1.0,11040.36,Active
20250101,2025-01-01,E10181,D03,CC301,0.8,11958.18,Active
20250101,2025-01-01,E10197,D03,CC301,0.8,11511.65,Active
20250101,2025-01-01,E10208,D04,CC401,1.0,7609.26,Active
20250101,2025-01-01,E10211,D04,CC401,1.0,8225.04,Active
20250101,2025-01-01,E10212,D04,CC401,1.0,7006.55,Active
20250101,2025-01-01,E10219,D04,CC401,1.0,8455.78,Active
20250101,2025-01-01,E10239,D04,CC401,1.0,8425.4,Active
20250101,2025-01-01,E10256,D05,CC501,1.0,12072.15,Active
20250101,2025-01-01,E10289,D05,CC501,1.0,13822.73,Active
20250101,2025-01-01,E10307,D05,CC501,1.0,10914.25,Active
20250101,2025-01-01,E10312,D05,CC502,1.0,13351.65,Active
20250101,2025-01-01,E10329,D06,CC601,1.0,13281.46,Active
20250101,2025-01-01,E10336,D06,CC601,1.0,15600.18,Active
20250101,2025-01-01,E10338,D06,CC601,1.0,12499.63,Active
20250101,2025-01-01,E10341,D06,CC601,1.0,12450.68,Active
20250101,2025-01-01,E10353,D06,CC601,1.0,14255.14,Active
20250101,2025-01-01,E10358,D06,CC601,1.0,12707.26,Active
20250101,2025-01-01,E10365,D07,CC701,1.0,12901.57,Active
20250101,2025-01-01,E10366,D07,CC701,1.0,14811.61,Active
20250101,2025-01-01,E10369,D07,CC701,1.0,15052.17,Active
20250101,2025-01-01,E10398,D07,CC701,1.0,9102.97,Active
20250101,2025-01-01,E10401,D07,CC701,0.8,7242.34,Active
20250101,2025-01-01,E10410,D08,CC801,1.0,7366.09,Active
20250101,2025-01-01,E10418,D08,CC802,1.0,16252.26,Active
20250101,2025-01-01,E10447,D08,CC801,1.0,9645.7,Active
20250101,2025-01-01,E10451,D08,CC802,1.0,15680.34,Active
20250101,2025-01-01,E10455,D08,CC802,1.0,12474.55,Active
20250101,2025-01-01,E10463,D08,CC801,1.0,10029.11,Active
20250101,2025-01-01,E10470,D08,CC802,1.0,9560.65,Active
20250201,2025-02-01,E10007,D01,CC102,0.8,5919.87,Active
20250201,2025-02-01,E10008,D01,CC102,1.0,7168.61,Active
20250201,2025-02-01,E10010,D01,CC102,0.8,11314.07,Active
20250201,2025-02-01,E10024,D01,CC101,1.0,10506.6,Active
20250201,2025-02-01,E10029,D01,CC102,1.0,5642.16,Active
20250201,2025-02-01,E10030,D01,CC102,1.0,10513.95,Active
20250201,2025-02-01,E10033,D01,CC101,1.0,14189.14,Active
20250201,2025-02-01,E10034,D01,CC101,1.0,12445.96,Active
20250201,2025-02-01,E10036,D01,CC102,1.0,10451.18,Active
20250201,2025-02-01,E10040,D02,CC202,1.0,6528.79,Active
20250201,2025-02-01,E10042,D02,CC202,1.0,10656.7,Active
20250201,2025-02-01,E10054,D02,CC202,1.0,15777.88,Active
20250201,2025-02-01,E10058,D02,CC201,1.0,6686.61,Active
20250201,2025-02-01,E10059,D02,CC202,1.0,10725.42,Active
20250201,2025-02-01,E10062,D02,CC202,1.0,10138.07,Active
20250201,2025-02-01,E10063,D02,CC201,1.0,13928.08,Active
20250201,2025-02-01,E10068,D02,CC202,1.0,10116.18,Active
20250201,2025-02-01,E10069,D02,CC202,1.0,14079.91,Active
20250201,2025-02-01,E10074,D02,CC201,1.0,13894.98,Active
20250201,2025-02-01,E10075,D02,CC201,1.0,9758.84,Active
20250201,2025-02-01,E10086,D02,CC202,1.0,8093.08,Active
20250201,2025-02-01,E10089,D02,CC202,1.0,15741.79,Active
20250201,2025-02-01,E10096,D02,CC202,1.0,10504.87,Active
20250201,2025-02-01,E10097,D02,CC202,1.0,11174.91,Active
20250201,2025-02-01,E10104,D02,CC201,1.0,11546.59,Active
20250201,2025-02-01,E10109,D02,CC201,1.0,9239.74,Active
20250201,2025-02-01,E10121,D02,CC201,1.0,11191.51,Active
20250201,2025-02-01,E10123,D02,CC202,1.0,11980.97,Active
20250201,2025-02-01,E10126,D02,CC202,0.8,9112.69,Active
20250201,2025-02-01,E10132,D03,CC301,1.0,13518.0,Active
20250201,2025-02-01,E10141,D03,CC301,1.0,15751.95,Active
20250201,2025-02-01,E10146,D03,CC301,1.0,6795.07,Active
20250201,2025-02-01,E10152,D03,CC301,1.0,5536.92,Active
20250201,2025-02-01,E10157,D03,CC301,1.0,9392.23,Active
20250201,2025-02-01,E10162,D03,CC301,1.0,14306.6,Active
20250201,2025-02-01,E10163,D03,CC301,1.0,11700.8,Active
20250201,2025-02-01,E10165,D03,CC301,1.0,13541.47,Active
20250201,2025-02-01,E10169,D03,CC301,1.0,8903.21,Active
20250201,2025-02-01,E10172,D03,CC301,1.0,10019.31,Active
20250201,2025-02-01,E10176,D03,CC301,1.0,14270.98,Active
20250201,2025-02-01,E10178,D03,CC301,1.0,11020.83,Active
20250201,2025-02-01,E10179,D03,CC301,1.0,12128.66,Active
20250201,2025-02-01,E10181,D03,CC301,1.0,14963.66,Active
20250201,2025-02-01,E10189,D03,CC301,1.0,11797.28,Active
20250201,2025-02-01,E10197,D03,CC301,1.0,14230.37,Active
20250201,2025-02-01,E10199,D03,CC301,1.0,12741.12,Active
20250201,2025-02-01,E10208,D04,CC401,1.0,7540.58,Active
20250201,2025-02-01,E10211,D04,CC401,1.0,8237.8,Active
20250201,2025-02-01,E10212,D04,CC401,1.0,6959.26,Active
20250201,2025-02-01,E10215,D04,CC401,1.0,13936.51,Active
20250201,2025-02-01,E10219,D04,CC401,1.0,8558.45,Active
20250201,2025-02-01,E10221,D04,CC401,1.0,13902.58,Active
20250201,2025-02-01,E10234,D04,CC401,1.0,10935.96,Active
20250201,2025-02-01,E10239,D04,CC401,1.0,8525.73,Active
20250201,2025-02-01,E10256,D05,CC501,1.0,11870.49,Active
20250201,2025-02-01,E10266,D05,CC501,1.0,12064.67,Active
20250201,2025-02-01,E10285,D05,CC502,1.0,5530.31,Active
20250201,2025-02-01,E10289,D05,CC501,1.0,13641.78,Active
20250201,2025-02-01,E10292,D05,CC501,1.0,15040.14,Active
20250201,2025-02-01,E10300,D05,CC501,0.8,11318.58,Active
20250201,2025-02-01,E10307,D05,CC501,1.0,10768.27,Active
20250201,2025-02-01,E10312,D05,CC502,1.0,13342.76,Active
20250201,2025-02-01,E10316,D05,CC501,1.0,5987.67,Active
20250201,2025-02-01,E10329,D06,CC601,1.0,13375.73,Active
20250201,2025-02-01,E10336,D06,CC601,1.0,15376.01,Active
20250201,2025-02-01,E10338,D06,CC601,1.0,12353.33,Active
20250201,2025-02-01,E10341,D06,CC601,0.8,9981.52,Active
20250201,2025-02-01,E10346,D06,CC601,1.0,13755.43,Active
20250201,2025-02-01,E10349,D06,CC601,1.0,11048.99,Active
20250201,2025-02-01,E10353,D06,CC601,1.0,14214.55,Active
20250201,2025-02-01,E10358,D06,CC601,1.0,12564.81,Active
20250201,2025-02-01,E10359,D07,CC701,1.0,13889.67,Active
20250201,2025-02-01,E10365,D07,CC701,1.0,12920.44,Active
20250201,2025-02-01,E10366,D07,CC701,1.0,14776.83,Active
20250201,2025-02-01,E10369,D07,CC701,1.0,14871.83,Active
20250201,2025-02-01,E10372,D07,CC701,1.0,8693.89,Active
20250201,2025-02-01,E10377,D07,CC701,1.0,13113.76,Active
20250201,2025-02-01,E10381,D07,CC701,1.0,8987.09,Active
20250201,2025-02-01,E10386,D07,CC701,1.0,11830.79,Active
20250201,2025-02-01,E10387,D07,CC701,1.0,6785.83,Active
20250201,2025-02-01,E10398,D07,CC701,1.0,9139.06,Active
20250201,2025-02-01,E10401,D07,CC701,1.0,9128.13,Active
20250201,2025-02-01,E10404,D08,CC801,1.0,13604.05,Active
20250201,2025-02-01,E10410,D08,CC801,1.0,7429.3,Active
20250201,2025-02-01,E10411,D08,CC802,1.0,12532.59,Active
20250201,2025-02-01,E10413,D08,CC801,1.0,10812.73,Active
20250201,2025-02-01,E10417,D08,CC801,1.0,12592.44,Active
20250201,2025-02-01,E10418,D08,CC802,1.0,16190.38,Active
20250201,2025-02-01,E10424,D08,CC801,1.0,11856.99,Active
20250201,2025-02-01,E10429,D08,CC802,1.0,10841.35,Active
20250201,2025-02-01,E10434,D08,CC801,0.8,4796.24,Active
20250201,2025-02-01,E10444,D08,CC802,1.0,12897.31,Active
20250201,2025-02-01,E10445,D08,CC802,1.0,6408.2,Active
20250201,2025-02-01,E10447,D08,CC801,1.0,9609.48,Active
20250201,2025-02-01,E10448,D08,CC802,1.0,13221.45,Active
20250201,2025-02-01,E10451,D08,CC802,1.0,15840.79,Active
20250201,2025-02-01,E10455,D08,CC802,1.0,12271.53,Active
20250201,2025-02-01,E10461,D08,CC801,1.0,15578.98,Active
20250201,2025-02-01,E10463,D08,CC801,1.0,10009.08,Active
20250201,2025-02-01,E10470,D08,CC802,1.0,9596.89,Active
20250301,2025-03-01,E10001,D01,CC102,1.0,14528.8,Active
20250301,2025-03-01,E10007,D01,CC102,1.0,7429.81,Active
20250301,2025-03-01,E10008,D01,CC102,1.0,7185.5,Active
20250301,2025-03-01,E10010,D01,CC102,1.0,14123.08,Active
20250301,2025-03-01,E10024,D01,CC101,1.0,10472.83,Active
20250301,2025-03-01,E10029,D01,CC102,1.0,5640.71,Active
20250301,2025-03-01,E10030,D01,CC102,1.0,10420.35,Active
20250301,2025-03-01,E10033,D01,CC101,1.0,14339.98,Active
20250301,2025-03-01,E10034,D01,CC101,1.0,12525.53,Active
20250301,2025-03-01,E10036,D01,CC102,1.0,10367.83,Active
20250301,2025-03-01,E10040,D02,CC202,1.0,6506.86,Active
20250301,2025-03-01,E10042,D02,CC202,1.0,10815.27,Active
20250301,2025-03-01,E10049,D02,CC202,1.0,13162.22,Active
20250301,2025-03-01,E10053,D02,CC202,1.0,7200.41,Active
20250301,2025-03-01,E10054,D02,CC202,1.0,15759.04,Active
20250301,2025-03-01,E10057,D02,CC201,1.0,15025.85,Active
20250301,2025-03-01,E10058,D02,CC201,1.0,6755.73,Active
20250301,2025-03-01,E10059,D02,CC202,1.0,10664.83,Active
20250301,2025-03-01,E10061,D02,CC201,1.0,14776.59,Active
20250301,2025-03-01,E10062,D02,CC202,1.0,10289.31,Active
20250301,2025-03-01,E10063,D02,CC201,1.0,13879.47,Active
20250301,2025-03-01,E10067,D02,CC201,0.8,7330.56,Active
20250301,2025-03-01,E10068,D02,CC202,1.0,10250.08,Active
20250301,2025-03-01,E10069,D02,CC202,1.0,14089.76,Active
20250301,2025-03-01,E10074,D02,CC201,1.0,13891.36,Active
20250301,2025-03-01,E10075,D02,CC201,0.8,7821.95,Active
20250301,2025-03-01,E10086,D02,CC202,1.0,8001.83,Active
20250301,2025-03-01,E10089,D02,CC202,1.0,15738.76,Active
20250301,2025-03-01,E10096,D02,CC202,1.0,10543.28,Active
20250301,2025-03-01,E10097,D02,CC202,1.0,11206.79,Active
20250301,2025-03-01,E10100,D02,CC202,1.0,10659.81,Active
20250301,2025-03-01,E10101,D02,CC201,1.0,10974.28,Active
20250301,2025-03-01,E10104,D02,CC201,1.0,11689.1,Active
20250301,2025-03-01,E10107,D02,CC202,1.0,9952.33,Active
20250301,2025-03-01,E10109,D02,CC201,1.0,9144.26,Active
20250301,2025-03-01,E10112,D02,CC202,1.0,10445.71,Active
20250301,2025-03-01,E10121,D02,CC201,0.8,9029.33,Active
20250301,2025-03-01,E10123,D02,CC202,1.0,12113.54,Active
20250301,2025-03-01,E10126,D02,CC202,1.0,11393.94,Active
20250301,2025-03-01,E10127,D02,CC201,1.0,13769.73,Active
20250301,2025-03-01,E10132,D03,CC301,1.0,13573.57,Active
20250301,2025-03-01,E10139,D03,CC301,1.0,16268.61,Active
20250301,2025-03-01,E10141,D03,CC301,1.0,16006.0,Active
20250301,2025-03-01,E10142,D03,CC301,1.0,15340.47,Active
20250301,2025-03-01,E10145,D03,CC301,1.0,11484.8,Active
20250301,2025-03-01,E10146,D03,CC301,1.0,6823.4,Active
20250301,2025-03-01,E10152,D03,CC301,1.0,5543.91,Active
20250301,2025-03-01,E10153,D03,CC301,1.0,15132.77,Active
20250301,2025-03-01,E10157,D03,CC301,1.0,9493.61,Active
20250301,2025-03-01,E10162,D03,CC301,1.0,14244.32,Active
20250301,2025-03-01,E10163,D03,CC301,1.0,11648.91,Active
20250301,2025-03-01,E10164,D03,CC301,1.0,12497.5,Active
20250301,2025-03-01,E10165,D03,CC301,1.0,13555.62,Active
20250301,2025-03-01,E10169,D03,CC301,1.0,8868.73,Active
20250301,2025-03-01,E10172,D03,CC301,1.0,10011.29,Active
20250301,2025-03-01,E10176,D03,CC301,1.0,14226.74,Active
20250301,2025-03-01,E10178,D03,CC301,1.0,11037.99,Active
20250301,2025-03-01,E10179,D03,CC301,1.0,12194.27,Active
20250301,2025-03-01,E10181,D03,CC301,0.8,12013.29,Active
20250301,2025-03-01,E10182,D03,CC301,1.0,10252.62,Active
20250301,2025-03-01,E10189,D03,CC301,1.0,11940.98,Active
20250301,2025-03-01,E10195,D03,CC301,0.8,9552.45,Active
20250301,2025-03-01,E10197,D03,CC301,1.0,14178.71,Active
20250301,2025-03-01,E10199,D03,CC301,1.0,12627.71,Active
20250301,2025-03-01,E10207,D04,CC401,1.0,7516.32,Active
20250301,2025-03-01,E10208,D04,CC401,1.0,7647.88,Active
20250301,2025-03-01,E10209,D04,CC401,1.0,8327.13,Active
20250301,2025-03-01,E10211,D04,CC401,1.0,8275.87,Active
20250301,2025-03-01,E10212,D04,CC401,1.0,6888.87,Active
20250301,2025-03-01,E10215,D04,CC401,1.0,13958.48,Active
20250301,2025-03-01,E10219,D04,CC401,1.0,8468.98,Active
20250301,2025-03-01,E10221,D04,CC401,1.0,14113.31,Active
20250301,2025-03-01,E10222,D04,CC401,1.0,13490.72,Active
20250301,2025-03-01,E10234,D04,CC401,1.0,10970.46,Active
20250301,2025-03-01,E10239,D04,CC401,1.0,8545.33,Active
20250301,2025-03-01,E10247,D04,CC401,1.0,6890.17,Active
20250301,2025-03-01,E10251,D05,CC502,1.0,15847.52,Active
20250301,2025-03-01,E10256,D05,CC501,1.0,12096.52,Active
20250301,2025-03-01,E10257,D05,CC502,1.0,15386.26,Active
20250301,2025-03-01,E10266,D05,CC501,1.0,12104.7,Active
20250301,2025-03-01,E10280,D05,CC502,1.0,13634.3,Active
20250301,2025-03-01,E10282,D05,CC501,1.0,8455.23,Active
20250301,2025-03-01,E10283,D05,CC501,1.0,12007.96,Active
20250301,2025-03-01,E10285,D05,CC502,1.0,5611.85,Active
20250301,2025-03-01,E10286,D05,CC501,1.0,7341.42,Active
20250301,2025-03-01,E10289,D05,CC501,1.0,13639.41,Active
20250301,2025-03-01,E10292,D05,CC501,1.0,15040.27,Active
20250301,2025-03-01,E10293,D05,CC502,1.0,6664.97,Active
20250301,2025-03-01,E10300,D05,CC501,1.0,14121.33,Active
20250301,2025-03-01,E10302,D05,CC502,1.0,12447.0,Active
20250301,2025-03-01,E10307,D05,CC501,1.0,10764.11,Active
20250301,2025-03-01,E10308,D05,CC501,1.0,12357.44,Active
20250301,2025-03-01,E10310,D05,CC501,1.0,12336.46,Active
20250301,2025-03-01,E10312,D05,CC502,1.0,13349.43,Active
20250301,2025-03-01,E10315,D05,CC502,1.0,5489.9,Active
20250301,2025-03-01,E10316,D05,CC501,1.0,5994.38,Active
20250301,2025-03-01,E10320,D05,CC502,1.0,8695.4,Active
20250301,2025-03-01,E10328,D06,CC601,1.0,7599.44,Active
20250301,2025-03-01,E10329,D06,CC601,1.0,13258.47,Active
20250301,2025-03-01,E10336,D06,CC601,1.0,15337.76,Active
20250301,2025-03-01,E10338,D06,CC601,1.0,12414.64,Active
20250301,2025-03-01,E10341,D06,CC601,1.0,12532.85,Active
20250301,2025-03-01,E10346,D06,CC601,1.0,13822.97,Active
20250301,2025-03-01,E10347,D06,CC601,1.0,7795.87,Active
20250301,2025-03-01,E10349,D06,CC601,1.0,11178.05,Active
20250301,2025-03-01,E10353,D06,CC601,1.0,14143.86,Active
20250301,2025-03-01,E10358,D06,CC601,1.0,12701.67,Active
20250301,2025-03-01,E10359,D07,CC701,1.0,14063.52,Active
20250301,2025-03-01,E10365,D07,CC701,1.0,12945.79,Active
20250301,2025-03-01,E10366,D07,CC701,1.0,14712.07,Active
20250301,2025-03-01,E10369,D07,CC701,1.0,14843.78,Active
20250301,2025-03-01,E10372,D07,CC701,1.0,8620.73,Active
20250301,2025-03-01,E10373,D07,CC701,1.0,14903.08,Active
20250301,2025-03-01,E10374,D07,CC701,1.0,6349.83,Active
20250301,2025-03-01,E10375,D07,CC701,1.0,15833.87,Active
20250301,2025-03-01,E10377,D07,CC701,1.0,13191.72,Active
20250301,2025-03-01,E10380,D07,CC701,1.0,12368.9,Active
20250301,2025-03-01,E10381,D07,CC701,1.0,9135.79,Active
20250301,2025-03-01,E10386,D07,CC701,1.0,11793.33,Active
20250301,2025-03-01,E10387,D07,CC701,1.0,6813.03,Active
20250301,2025-03-01,E10394,D07,CC701,1.0,14639.3,Active
20250301,2025-03-01,E10398,D07,CC701,1.0,9058.65,Active
20250301,2025-03-01,E10401,D07,CC701,1.0,9024.97,Active
20250301,2025-03-01,E10404,D08,CC801,1.0,13587.6,Active
20250301,2025-03-01,E10410,D08,CC801,1.0,7376.11,Active
20250301,2025-03-01,E10411,D08,CC802,0.8,10012.85,Active
20250301,2025-03-01,E10412,D08,CC801,1.0,9915.0,Active
20250301,2025-03-01,E10413,D08,CC801,1.0,10729.47,Active
20250301,2025-03-01,E10417,D08,CC801,1.0,12579.79,Active
20250301,2025-03-01,E10418,D08,CC802,1.0,16284.28,Active
20250301,2025-03-01,E10424,D08,CC801,1.0,11729.52,Active
20250301,2025-03-01,E10428,D08,CC801,1.0,14546.27,Active
20250301,2025-03-01,E10429,D08,CC802,1.0,10913.23,Active
20250301,2025-03-01,E10434,D08,CC801,1.0,5969.04,Active
20250301,2025-03-01,E10436,D08,CC802,1.0,7800.34,Active
20250301,2025-03-01,E10440,D08,CC802,1.0,6193.15,Active
20250301,2025-03-01,E10444,D08,CC802,1.0,12752.43,Active
20250301,2025-03-01,E10445,D08,CC802,1.0,6401.96,Active
20250301,2025-03-01,E10447,D08,CC801,1.0,9490.8,Active
20250301,2025-03-01,E10448,D08,CC802,1.0,13315.28,Active
20250301,2025-03-01,E10451,D08,CC802,1.0,15755.79,Active
20250301,2025-03-01,E10452,D08,CC802,1.0,13530.15,Active
20250301,2025-03-01,E10454,D08,CC802,1.0,11642.92,Active
20250301,2025-03-01,E10455,D08,CC802,1.0,12251.61,Active
20250301,2025-03-01,E10457,D08,CC802,1.0,9306.57,Active
20250301,2025-03-01,E10461,D08,CC801,1.0,15731.41,Active
20250301,2025-03-01,E10463,D08,CC801,1.0,10009.97,Active
20250301,2025-03-01,E10468,D08,CC801,1.0,15129.75,Active
20250301,2025-03-01,E10469,D08,CC802,1.0,6934.52,Active
20250301,2025-03-01,E10470,D08,CC802,1.0,9493.09,Active
20250401,2025-04-01,E10001,D01,CC102,1.0,14342.18,Active
20250401,2025-04-01,E10005,D01,CC102,1.0,14019.66,Active
20250401,2025-04-01,E10007,D01,CC102,1.0,7371.36,Active
20250401,2025-04-01,E10008,D01,CC102,1.0,7150.51,Active
20250401,2025-04-01,E10010,D01,CC102,1.0,14217.83,Active
20250401,2025-04-01,E10016,D01,CC102,1.0,13164.61,Active
20250401,2025-04-01,E10020,D01,CC101,1.0,8585.95,Active
20250401,2025-04-01,E10024,D01,CC101,1.0,10566.31,Active
20250401,2025-04-01,E10028,D01,CC102,1.0,13551.6,Active
20250401,2025-04-01,E10029,D01,CC102,1.0,5639.91,Active
20250401,2025-04-01,E10030,D01,CC102,1.0,10531.09,Active
20250401,2025-04-01,E10033,D01,CC101,1.0,14306.65,Active
20250401,2025-04-01,E10034,D01,CC101,0.8,10042.52,Active
20250401,2025-04-01,E10036,D01,CC102,0.8,8444.02,Active
20250401,2025-04-01,E10039,D02,CC202,1.0,14536.65,Active
20250401,2025-04-01,E10040,D02,CC202,1.0,6589.87,Active
20250401,2025-04-01,E10042,D02,CC202,1.0,10697.97,Active
20250401,2025-04-01,E10043,D02,CC202,1.0,11183.15,Active
20250401,2025-04-01,E10047,D02,CC201,1.0,10252.23,Active
20250401,2025-04-01,E10049,D02,CC202,1.0,13193.09,Active
20250401,2025-04-01,E10053,D02,CC202,1.0,7104.33,Active
20250401,2025-04-01,E10054,D02,CC202,1.0,15672.53,Active
20250401,2025-04-01,E10057,D02,CC201,1.0,15238.01,Active
20250401,2025-04-01,E10058,D02,CC201,1.0,6684.21,Active
20250401,2025-04-01,E10059,D02,CC202,1.0,10745.85,Active
20250401,2025-04-01,E10061,D02,CC201,1.0,15015.47,Active
20250401,2025-04-01,E10062,D02,CC202,1.0,10257.48,Active
20250401,2025-04-01,E10063,D02,CC201,1.0,13955.21,Active
20250401,2025-04-01,E10065,D02,CC202,1.0,7145.61,Active
20250401,2025-04-01,E10067,D02,CC201,1.0,9124.49,Active
20250401,2025-04-01,E10068,D02,CC202,1.0,10127.23,Active
20250401,2025-04-01,E10069,D02,CC202,1.0,14233.99,Active
20250401,2025-04-01,E10074,D02,CC201,0.8,10985.0,Active
20250401,2025-04-01,E10075,D02,CC201,1.0,9749.52,Active
20250401,2025-04-01,E10082,D02,CC202,1.0,6356.34,Active
20250401,2025-04-01,E10086,D02,CC202,1.0,8065.18,Active
20250401,2025-04-01,E10089,D02,CC202,1.0,15786.9,Active
20250401,2025-04-01,E10091,D02,CC201,1.0,16127.9,Active
20250401,2025-04-01,E10096,D02,CC202,1.0,10653.93,Active
20250401,2025-04-01,E10097,D02,CC202,1.0,11041.64,Active
20250401,2025-04-01,E10100,D02,CC202,1.0,10643.63,Active
20250401,2025-04-01,E10101,D02,CC201,1.0,11093.69,Active
20250401,2025-04-01,E10102,D02,CC201,1.0,5852.0,Active
20250401,2025-04-01,E10104,D02,CC201,1.0,11623.78,Active
20250401,2025-04-01,E10107,D02,CC202,1.0,10101.51,Active
20250401,2025-04-01,E10109,D02,CC201,1.0,9141.2,Active
20250401,2025-04-01,E10112,D02,CC202,1.0,10418.79,Active
20250401,2025-04-01,E10119,D02,CC201,1.0,11392.39,Active
20250401,2025-04-01,E10121,D02,CC201,1.0,11175.08,Active
20250401,2025-04-01,E10123,D02,CC202,1.0,12141.64,Active
20250401,2025-04-01,E10126,D02,CC202,1.0,11426.54,Active
20250401,2025-04-01,E10127,D02,CC201,1.0,13808.99,Active
20250401,2025-04-01,E10132,D03,CC301,1.0,13676.25,Active
20250401,2025-04-01,E10137,D03,CC301,1.0,12413.69,Active
20250401,2025-04-01,E10139,D03,CC301,1.0,16269.98,Active
20250401,2025-04-01,E10141,D03,CC301,1.0,15982.61,Active
20250401,2025-04-01,E10142,D03,CC301,1.0,15410.07,Active
20250401,2025-04-01,E10144,D03,CC301,1.0,11045.33,Active
20250401,2025-04-01,E10145,D03,CC301,1.0,11580.09,Active
20250401,2025-04-01,E10146,D03,CC301,1.0,6836.58,Active
20250401,2025-04-01,E10150,D03,CC301,1.0,8895.65,Active
20250401,2025-04-01,E10152,D03,CC301,1.0,5555.69,Active
20250401,2025-04-01,E10153,D03,CC301,1.0,15019.15,Active
20250401,2025-04-01,E10157,D03,CC301,1.0,9491.15,Active
20250401,2025-04-01,E10159,D03,CC301,1.0,12106.51,Active
20250401,2025-04-01,E10160,D03,CC301,1.0,16055.24,Active
20250401,2025-04-01,E10162,D03,CC301,1.0,14306.72,Active
20250401,2025-04-01,E10163,D03,CC301,1.0,11529.02,Active
20250401,2025-04-01,E10164,D03,CC301,1.0,12629.28,Active
20250401,2025-04-01,E10165,D03,CC301,1.0,13457.28,Active
20250401,2025-04-01,E10167,D03,CC301,1.0,5686.82,Active
20250401,2025-04-01,E10169,D03,CC301,1.0,8907.62,Active
20250401,2025-04-01,E10172,D03,CC301,1.0,10060.2,Active
20250401,2025-04-01,E10174,D03,CC301,1.0,10075.61,Active
20250401,2025-04-01,E10175,D03,CC301,1.0,9099.04,Active
20250401,2025-04-01,E10176,D03,CC301,1.0,14238.46,Active
20250401,2025-04-01,E10178,D03,CC301,1.0,10992.4,Active
20250401,2025-04-01,E10179,D03,CC301,1.0,12183.94,Active
20250401,2025-04-01,E10181,D03,CC301,1.0,15020.62,Active
20250401,2025-04-01,E10182,D03,CC301,1.0,10155.95,Active
20250401,2025-04-01,E10185,D03,CC301,1.0,13937.8,Active
20250401,2025-04-01,E10189,D03,CC301,1.0,11846.14,Active
20250401,2025-04-01,E10192,D03,CC301,1.0,5879.87,Active
20250401,2025-04-01,E10195,D03,CC301,1.0,12095.08,Active
20250401,2025-04-01,E10197,D03,CC301,1.0,14373.12,Active
20250401,2025-04-01,E10199,D03,CC301,1.0,12635.62,Active
20250401,2025-04-01,E10203,D04,CC401,1.0,12444.59,Active
20250401,2025-04-01,E10207,D04,CC401,1.0,7488.38,Active
20250401,2025-04-01,E10208,D04,CC401,1.0,7623.76,Active
20250401,2025-04-01,E10209,D04,CC401,1.0,8215.8,Active
20250401,2025-04-01,E10211,D04,CC401,1.0,8373.12,Active
20250401,2025-04-01,E10212,D04,CC401,1.0,6960.12,Active
20250401,2025-04-01,E10215,D04,CC401,1.0,13960.78,Active
20250401,2025-04-01,E10217,D04,CC401,1.0,13829.73,Active
20250401,2025-04-01,E10219,D04,CC401,1.0,8409.12,Active
20250401,2025-04-01,E10221,D04,CC401,0.8,11214.34,Active
20250401,2025-04-01,E10222,D04,CC401,1.0,13685.08,Active
20250401,2025-04-01,E10226,D04,CC401,1.0,7612.11,Active
20250401,2025-04-01,E10230,D04,CC401,1.0,10432.91,Active
20250401,2025-04-01,E10234,D04,CC401,1.0,10982.36,Active
20250401,2025-04-01,E10238,D04,CC401,1.0,16247.33,Active
20250401,2025-04-01,E10239,D04,CC401,1.0,8482.39,Active
20250401,2025-04-01,E10247,D04,CC401,1.0,6819.89,Active
20250401,2025-04-01,E10249,D05,CC502,1.0,12875.44,Active
20250401,2025-04-01,E10251,D05,CC502,1.0,15731.23,Active
20250401,2025-04-01,E10254,D05,CC502,1.0,8957.44,Active
20250401,2025-04-01,E10256,D05,CC501,1.0,12078.22,Active
20250401,2025-04-01,E10257,D05,CC502,1.0,15283.37,Active
20250401,2025-04-01,E10262,D05,CC502,1.0,7725.35,Active
20250401,2025-04-01,E10266,D05,CC501,1.0,12072.03,Active
20250401,2025-04-01,E10275,D05,CC501,1.0,9905.56,Active
20250401,2025-04-01,E10279,D05,CC501,1.0,5567.62,Active
20250401,2025-04-01,E10280,D05,CC502,1.0,13642.58,Active
20250401,2025-04-01,E10282,D05,CC501,1.0,8497.11,Active
20250401,2025-04-01,E10283,D05,CC501,1.0,12040.73,Active
20250401,2025-04-01,E10285,D05,CC502,1.0,5596.05,Active
20250401,2025-04-01,E10286,D05,CC501,1.0,7335.28,Active
20250401,2025-04-01,E10289,D05,CC501,0.8,11007.57,Active
20250401,2025-04-01,E10292,D05,CC501,1.0,14939.96,Active
20250401,2025-04-01,E10293,D05,CC502,1.0,6643.82,Active
20250401,2025-04-01,E10296,D05,CC502,1.0,7316.03,Active
20250401,2025-04-01,E10299,D05,CC502,0.8,10938.32,Active
20250401,2025-04-01,E10300,D05,CC501,1.0,14099.03,Active
20250401,2025-04-01,E10302,D05,CC502,1.0,12225.95,Active
20250401,2025-04-01,E10305,D05,CC502,1.0,15119.85,Active
20250401,2025-04-01,E10306,D05,CC501,1.0,13546.5,Active
20250401,2025-04-01,E10307,D05,CC501,1.0,10747.56,Active
20250401,2025-04-01,E10308,D05,CC501,1.0,12395.06,Active
20250401,2025-04-01,E10310,D05,CC501,1.0,12519.61,Active
20250401,2025-04-01,E10312,D05,CC502,1.0,13355.39,Active
20250401,2025-04-01,E10313,D05,CC501,1.0,6048.11,Active
20250401,2025-04-01,E10314,D05,CC502,1.0,9543.22,Active
20250401,2025-04-01,E10315,D05,CC502,1.0,5567.71,Active
20250401,2025-04-01,E10316,D05,CC501,1.0,5972.31,Active
20250401,2025-04-01,E10317,D05,CC501,1.0,7326.82,Active
20250401,2025-04-01,E10318,D05,CC502,1.0,10033.09,Active
20250401,2025-04-01,E10320,D05,CC502,1.0,8685.1,Active
20250401,2025-04-01,E10321,D05,CC501,1.0,13909.26,Active
20250401,2025-04-01,E10328,D06,CC601,1.0,7564.73,Active
20250401,2025-04-01,E10329,D06,CC601,1.0,13271.07,Active
20250401,2025-04-01,E10336,D06,CC601,1.0,15444.03,Active
20250401,2025-04-01,E10337,D06,CC601,1.0,15359.36,Active
20250401,2025-04-01,E10338,D06,CC601,1.0,12527.88,Active
20250401,2025-04-01,E10340,D06,CC601,1.0,15883.18,Active
20250401,2025-04-01,E10341,D06,CC601,1.0,12514.08,Active
20250401,2025-04-01,E10346,D06,CC601,1.0,13969.64,Active
20250401,2025-04-01,E10347,D06,CC601,1.0,7654.8,Active
20250401,2025-04-01,E10349,D06,CC601,1.0,11041.56,Active
20250401,2025-04-01,E10351,D06,CC601,1.0,10961.69,Active
20250401,2025-04-01,E10353,D06,CC601,1.0,14147.22,Active
20250401,2025-04-01,E10358,D06,CC601,1.0,12630.24,Active
20250401,2025-04-01,E10359,D07,CC701,1.0,13970.77,Active
20250401,2025-04-01,E10363,D07,CC701,1.0,12625.83,Active
20250401,2025-04-01,E10365,D07,CC701,1.0,13000.38,Active
20250401,2025-04-01,E10366,D07,CC701,1.0,14997.11,Active
20250401,2025-04-01,E10367,D07,CC701,1.0,12116.84,Active
20250401,2025-04-01,E10369,D07,CC701,1.0,14765.86,Active
20250401,2025-04-01,E10372,D07,CC701,0.8,6842.83,Active
20250401,2025-04-01,E10373,D07,CC701,1.0,14883.55,Active
20250401,2025-04-01,E10374,D07,CC701,1.0,6393.64,Active
20250401,2025-04-01,E10375,D07,CC701,1.0,15691.35,Active
20250401,2025-04-01,E10377,D07,CC701,1.0,13166.38,Active
20250401,2025-04-01,E10380,D07,CC701,1.0,12432.37,Active
20250401,2025-04-01,E10381,D07,CC701,1.0,9125.92,Active
20250401,2025-04-01,E10385,D07,CC701,1.0,8655.96,Active
20250401,2025-04-01,E10386,D07,CC701,1.0,11970.75,Active
20250401,2025-04-01,E10387,D07,CC701,1.0,6814.68,Active
20250401,2025-04-01,E10393,D07,CC701,1.0,10454.24,Active
20250401,2025-04-01,E10394,D07,CC701,1.0,14546.77,Active
20250401,2025-04-01,E10397,D07,CC701,1.0,13065.0,Active
20250401,2025-04-01,E10398,D07,CC701,1.0,9128.56,Active
20250401,2025-04-01,E10399,D07,CC701,1.0,6075.26,Active
20250401,2025-04-01,E10401,D07,CC701,1.0,9093.29,Active
20250401,2025-04-01,E10404,D08,CC801,1.0,13493.08,Active
20250401,2025-04-01,E10407,D08,CC801,1.0,13574.87,Active
20250401,2025-04-01,E10410,D08,CC801,1.0,7473.26,Active
20250401,2025-04-01,E10411,D08,CC802,1.0,12548.48,Active
20250401,2025-04-01,E10412,D08,CC801,1.0,9782.76,Active
20250401,2025-04-01,E10413,D08,CC801,1.0,10654.84,Active
20250401,2025-04-01,E10417,D08,CC801,1.0,12787.65,Active
20250401,2025-04-01,E10418,D08,CC802,1.0,16214.12,Active
20250401,2025-04-01,E10424,D08,CC801,1.0,11684.31,Active
20250401,2025-04-01,E10425,D08,CC801,1.0,15034.18,Active
20250401,2025-04-01,E10428,D08,CC801,0.8,11668.12,Active
20250401,2025-04-01,E10429,D08,CC802,1.0,10865.75,Active
20250401,2025-04-01,E10431,D08,CC802,1.0,15601.87,Active
20250401,2025-04-01,E10434,D08,CC801,1.0,5947.1,Active
20250401,2025-04-01,E10435,D08,CC801,1.0,14795.24,Active
20250401,2025-04-01,E10436,D08,CC802,1.0,7789.3,Active
20250401,2025-04-01,E10440,D08,CC802,1.0,6223.65,Active
20250401,2025-04-01,E10441,D08,CC801,1.0,11490.8,Active
20250401,2025-04-01,E10444,D08,CC802,1.0,12979.4,Active
20250401,2025-04-01,E10445,D08,CC802,1.0,6423.99,Active
20250401,2025-04-01,E10447,D08,CC801,1.0,9495.28,Active
20250401,2025-04-01,E10448,D08,CC802,1.0,13247.29,Active
20250401,2025-04-01,E10451,D08,CC802,1.0,15812.61,Active
20250401,2025-04-01,E10452,D08,CC802,1.0,13382.06,Active
20250401,2025-04-01,E10454,D08,CC802,1.0,11655.01,Active
20250401,2025-04-01,E10455,D08,CC802,1.0,12470.4,Active
20250401,2025-04-01,E10456,D08,CC802,1.0,9889.18,Active
20250401,2025-04-01,E10457,D08,CC802,1.0,9279.73,Active
20250401,2025-04-01,E10461,D08,CC801,1.0,15812.61,Active
20250401,2025-04-01,E10463,D08,CC801,1.0,10031.62,Active
20250401,2025-04-01,E10468,D08,CC801,1.0,14998.74,Active
20250401,2025-04-01,E10469,D08,CC802,1.0,6840.16,Active
20250401,2025-04-01,E10470,D08,CC802,1.0,9483.01,Active
20250501,2025-05-01,E10001,D01,CC102,1.0,14511.03,Active
20250501,2025-05-01,E10005,D01,CC102,1.0,14070.64,Active
20250501,2025-05-01,E10007,D01,CC102,1.0,7399.08,Active
20250501,2025-05-01,E10008,D01,CC102,1.0,7221.28,Active
20250501,2025-05-01,E10009,D01,CC101,1.0,15839.37,Active
20250501,2025-05-01,E10010,D01,CC102,1.0,14253.55,Active
20250501,2025-05-01,E10016,D01,CC102,1.0,13060.19,Active
20250501,2025-05-01,E10019,D01,CC102,0.8,5448.04,Active
20250501,2025-05-01,E10020,D01,CC101,1.0,8586.57,Active
20250501,2025-05-01,E10024,D01,CC101,1.0,10491.2,Active
20250501,2025-05-01,E10028,D01,CC102,1.0,13509.85,Active
20250501,2025-05-01,E10029,D01,CC102,1.0,5680.2,Active
20250501,2025-05-01,E10030,D01,CC102,1.0,10388.29,Active
20250501,2025-05-01,E10033,D01,CC101,1.0,14366.33,Active
20250501,2025-05-01,E10034,D01,CC101,1.0,12421.96,Active
20250501,2025-05-01,E10036,D01,CC102,1.0,10520.93,Active
20250501,2025-05-01,E10039,D02,CC202,1.0,14431.45,Active
20250501,2025-05-01,E10040,D02,CC202,1.0,6567.25,Active
20250501,2025-05-01,E10042,D02,CC202,1.0,10804.35,Active
20250501,2025-05-01,E10043,D02,CC202,1.0,11132.34,Active
20250501,2025-05-01,E10047,D02,CC201,1.0,10134.4,Active
20250501,2025-05-01,E10049,D02,CC202,1.0,13184.07,Active
20250501,2025-05-01,E10052,D02,CC202,0.8,5111.13,Active
20250501,2025-05-01,E10053,D02,CC202,1.0,7104.42,Active
20250501,2025-05-01,E10054,D02,CC202,1.0,15526.65,Active
20250501,2025-05-01,E10055,D02,CC201,1.0,11563.21,Active
20250501,2025-05-01,E10057,D02,CC201,1.0,15275.67,Active
20250501,2025-05-01,E10058,D02,CC201,1.0,6691.01,Active
20250501,2025-05-01,E10059,D02,CC202,1.0,10636.29,Active
20250501,2025-05-01,E10061,D02,CC201,1.0,14929.08,Active
20250501,2025-05-01,E10062,D02,CC202,1.0,10263.48,Active
20250501,2025-05-01,E10063,D02,CC201,1.0,13820.99,Active
20250501,2025-05-01,E10065,D02,CC202,1.0,7100.17,Active
20250501,2025-05-01,E10067,D02,CC201,1.0,9121.67,Active
20250501,2025-05-01,E10068,D02,CC202,1.0,10256.9,Active
20250501,2025-05-01,E10069,D02,CC202,1.0,14141.94,Active
20250501,2025-05-01,E10070,D02,CC202,1.0,6364.48,Active
20250501,2025-05-01,E10074,D02,CC201,0.8,10998.84,Active
20250501,2025-05-01,E10075,D02,CC201,1.0,9880.59,Active
20250501,2025-05-01,E10082,D02,CC202,1.0,6416.99,Active
20250501,2025-05-01,E10086,D02,CC202,1.0,8085.54,Active
20250501,2025-05-01,E10089,D02,CC202,1.0,15698.74,Active
20250501,2025-05-01,E10090,D02,CC202,1.0,5463.51,Active
20250501,2025-05-01,E10091,D02,CC201,1.0,16271.15,Active
20250501,2025-05-01,E10096,D02,CC202,1.0,10534.63,Active
20250501,2025-05-01,E10097,D02,CC202,1.0,11094.44,Active
20250501,2025-05-01,E10098,D02,CC202,1.0,12460.17,Active
20250501,2025-05-01,E10100,D02,CC202,1.0,10755.03,Active
20250501,2025-05-01,E10101,D02,CC201,1.0,11110.25,Active
20250501,2025-05-01,E10102,D02,CC201,1.0,5866.76,Active
20250501,2025-05-01,E10104,D02,CC201,1.0,11685.27,Active
20250501,2025-05-01,E10106,D02,CC201,1.0,5756.73,Active
20250501,2025-05-01,E10107,D02,CC202,1.0,10026.69,Active
20250501,2025-05-01,E10108,D02,CC202,1.0,14370.12,Active
20250501,2025-05-01,E10109,D02,CC201,1.0,9210.52,Active
20250501,2025-05-01,E10112,D02,CC202,1.0,10548.21,Active
20250501,2025-05-01,E10116,D02,CC201,1.0,14689.22,Active
20250501,2025-05-01,E10119,D02,CC201,1.0,11284.46,Active
20250501,2025-05-01,E10121,D02,CC201,1.0,11197.14,Active
20250501,2025-05-01,E10122,D02,CC202,1.0,8188.74,Active
20250501,2025-05-01,E10123,D02,CC202,1.0,11972.26,Active
20250501,2025-05-01,E10126,D02,CC202,1.0,11319.1,Active
20250501,2025-05-01,E10127,D02,CC201,1.0,13759.94,Active
20250501,2025-05-01,E10128,D02,CC201,1.0,12918.61,Active
20250501,2025-05-01,E10130,D02,CC202,1.0,8950.57,Active
20250501,2025-05-01,E10132,D03,CC301,1.0,13536.76,Active
20250501,2025-05-01,E10134,D03,CC301,1.0,11331.15,Active
20250501,2025-05-01,E10136,D03,CC301,0.8,9398.6,Active
20250501,2025-05-01,E10137,D03,CC301,1.0,12394.76,Active
20250501,2025-05-01,E10138,D03,CC301,1.0,10268.97,Active
20250501,2025-05-01,E10139,D03,CC301,1.0,15955.16,Active
20250501,2025-05-01,E10141,D03,CC301,1.0,15806.96,Active
20250501,2025-05-01,E10142,D03,CC301,1.0,15540.17,Active
20250501,2025-05-01,E10144,D03,CC301,1.0,11038.25,Active
20250501,2025-05-01,E10145,D03,CC301,1.0,11454.1,Active
20250501,2025-05-01,E10146,D03,CC301,1.0,6857.34,Active
20250501,2025-05-01,E10149,D03,CC301,1.0,13136.71,Active
20250501,2025-05-01,E10150,D03,CC301,1.0,8888.26,Active
20250501,2025-05-01,E10152,D03,CC301,1.0,5490.27,Active
20250501,2025-05-01,E10153,D03,CC301,1.0,15183.83,Active
20250501,2025-05-01,E10157,D03,CC301,1.0,9555.15,Active
20250501,2025-05-01,E10159,D03,CC301,1.0,12163.58,Active
20250501,2025-05-01,E10160,D03,CC301,1.0,15861.05,Active
20250501,2025-05-01,E10161,D03,CC301,1.0,13121.06,Active
20250501,2025-05-01,E10162,D03,CC301,1.0,14362.87,Active
20250501,2025-05-01,E10163,D03,CC301,1.0,11545.04,Active
20250501,2025-05-01,E10164,D03,CC301,1.0,12609.83,Active
20250501,2025-05-01,E10165,D03,CC301,1.0,13415.58,Active
20250501,2025-05-01,E10166,D03,CC301,1.0,14749.76,Active
20250501,2025-05-01,E10167,D03,CC301,1.0,5695.85,Active
20250501,2025-05-01,E10169,D03,CC301,1.0,8941.94,Active
20250501,2025-05-01,E10170,D03,CC301,1.0,11052.51,Active
20250501,2025-05-01,E10172,D03,CC301,1.0,10089.97,Active
20250501,2025-05-01,E10174,D03,CC301,1.0,10037.26,Active
20250501,2025-05-01,E10175,D03,CC301,1.0,9006.22,Active
20250501,2025-05-01,E10176,D03,CC301,1.0,14065.03,Active
20250501,2025-05-01,E10177,D03,CC301,1.0,10678.55,Active
20250501,2025-05-01,E10178,D03,CC301,1.0,11136.98,Active
20250501,2025-05-01,E10179,D03,CC301,1.0,12112.55,Active
20250501,2025-05-01,E10181,D03,CC301,1.0,15089.94,Active
20250501,2025-05-01,E10182,D03,CC301,1.0,10248.21,Active
20250501,2025-05-01,E10185,D03,CC301,1.0,13918.77,Active
20250501,2025-05-01,E10189,D03,CC301,1.0,11846.58,Active
20250501,2025-05-01,E10192,D03,CC301,1.0,5877.97,Active
20250501,2025-05-01,E10193,D03,CC301,1.0,11092.01,Active
20250501,2025-05-01,E10194,D03,CC301,1.0,11211.64,Active
20250501,2025-05-01,E10195,D03,CC301,0.8,9651.27,Active
20250501,2025-05-01,E10197,D03,CC301,1.0,14271.78,Active
20250501,2025-05-01,E10199,D03,CC301,1.0,12629.79,Active
20250501,2025-05-01,E10203,D04,CC401,1.0,12326.54,Active
20250501,2025-05-01,E10207,D04,CC401,1.0,7598.84,Active
20250501,2025-05-01,E10208,D04,CC401,1.0,7649.96,Active
20250501,2025-05-01,E10209,D04,CC401,0.8,6595.68,Active
20250501,2025-05-01,E10211,D04,CC401,1.0,8331.11,Active
20250501,2025-05-01,E10212,D04,CC401,1.0,6905.89,Active
20250501,2025-05-01,E10215,D04,CC401,1.0,14155.86,Active
20250501,2025-05-01,E10217,D04,CC401,1.0,13660.87,Active
20250501,2025-05-01,E10219,D04,CC401,1.0,8405.2,Active
20250501,2025-05-01,E10221,D04,CC401,1.0,14067.27,Active
20250501,2025-05-01,E10222,D04,CC401,1.0,13449.55,Active
20250501,2025-05-01,E10226,D04,CC401,1.0,7597.43,Active
20250501,2025-05-01,E10230,D04,CC401,1.0,10429.66,Active
20250501,2025-05-01,E10234,D04,CC401,1.0,10959.03,Active
20250501,2025-05-01,E10235,D04,CC401,1.0,6466.31,Active
20250501,2025-05-01,E10237,D04,CC401,1.0,14253.07,Active
20250501,2025-05-01,E10238,D04,CC401,1.0,16357.43,Active
20250501,2025-05-01,E10239,D04,CC401,1.0,8516.11,Active
20250501,2025-05-01,E10247,D04,CC401,1.0,6872.89,Active
20250501,2025-05-01,E10249,D05,CC502,1.0,12906.7,Active
20250501,2025-05-01,E10251,D05,CC502,1.0,15805.71,Active
20250501,2025-05-01,E10254,D05,CC502,1.0,9073.86,Active
20250501,2025-05-01,E10255,D05,CC501,1.0,12674.88,Active
20250501,2025-05-01,E10256,D05,CC501,1.0,11996.57,Active
20250501,2025-05-01,E10257,D05,CC502,1.0,15251.88,Active
20250501,2025-05-01,E10258,D05,CC501,1.0,8687.35,Active
20250501,2025-05-01,E10262,D05,CC502,1.0,7710.17,Active
20250501,2025-05-01,E10265,D05,CC502,1.0,16242.54,Active
20250501,2025-05-01,E10266,D05,CC501,1.0,11981.49,Active
20250501,2025-05-01,E10269,D05,CC502,1.0,15252.49,Active
20250501,2025-05-01,E10270,D05,CC501,1.0,14383.84,Active
20250501,2025-05-01,E10274,D05,CC501,0.8,8984.92,Active
20250501,2025-05-01,E10275,D05,CC501,1.0,9985.89,Active
20250501,2025-05-01,E10279,D05,CC501,1.0,5525.12,Active
20250501,2025-05-01,E10280,D05,CC502,1.0,13682.41,Active
20250501,2025-05-01,E10282,D05,CC501,1.0,8516.75,Active
20250501,2025-05-01,E10283,D05,CC501,1.0,12140.44,Active
20250501,2025-05-01,E10284,D05,CC501,1.0,13574.67,Active
20250501,2025-05-01,E10285,D05,CC502,1.0,5564.37,Active
20250501,2025-05-01,E10286,D05,CC501,1.0,7368.27,Active
20250501,2025-05-01,E10289,D05,CC501,1.0,13799.24,Active
20250501,2025-05-01,E10292,D05,CC501,1.0,15067.69,Active
20250501,2025-05-01,E10293,D05,CC502,1.0,6653.11,Active
20250501,2025-05-01,E10296,D05,CC502,1.0,7305.19,Active
20250501,2025-05-01,E10298,D05,CC501,1.0,9413.27,Active
20250501,2025-05-01,E10299,D05,CC502,1.0,13875.54,Active
20250501,2025-05-01,E10300,D05,CC501,1.0,13982.86,Active
20250501,2025-05-01,E10301,D05,CC502,1.0,11985.55,Active
20250501,2025-05-01,E10302,D05,CC502,1.0,12436.76,Active
20250501,2025-05-01,E10305,D05,CC502,1.0,15166.38,Active
20250501,2025-05-01,E10306,D05,CC501,1.0,13601.59,Active
20250501,2025-05-01,E10307,D05,CC501,1.0,10820.75,Active
20250501,2025-05-01,E10308,D05,CC501,1.0,12379.78,Active
20250501,2025-05-01,E10310,D05,CC501,0.8,10006.4,Active
20250501,2025-05-01,E10312,D05,CC502,1.0,13278.01,Active
20250501,2025-05-01,E10313,D05,CC501,1.0,6097.31,Active
20250501,2025-05-01,E10314,D05,CC502,1.0,9635.6,Active
20250501,2025-05-01,E10315,D05,CC502,1.0,5559.45,Active
20250501,2025-05-01,E10316,D05,CC501,1.0,5991.81,Active
20250501,2025-05-01,E10317,D05,CC501,1.0,7290.46,Active
20250501,2025-05-01,E10318,D05,CC502,1.0,10121.3,Active
20250501,2025-05-01,E10319,D05,CC502,1.0,7530.17,Active
20250501,2025-05-01,E10320,D05,CC502,1.0,8670.66,Active
20250501,2025-05-01,E10321,D05,CC501,1.0,13790.82,Active
20250501,2025-05-01,E10325,D06,CC601,1.0,7127.67,Active
20250501,2025-05-01,E10326,D06,CC601,1.0,8842.01,Active
20250501,2025-05-01,E10328,D06,CC601,1.0,7606.78,Active
20250501,2025-05-01,E10329,D06,CC601,1.0,13489.55,Active
20250501,2025-05-01,E10334,D06,CC601,1.0,13506.71,Active
20250501,2025-05-01,E10336,D06,CC601,1.0,15460.95,Active
20250501,2025-05-01,E10337,D06,CC601,1.0,15333.5,Active
20250501,2025-05-01,E10338,D06,CC601,1.0,12517.36,Active
20250501,2025-05-01,E10340,D06,CC601,1.0,15656.53,Active
20250501,2025-05-01,E10341,D06,CC601,1.0,12461.25,Active
20250501,2025-05-01,E10346,D06,CC601,1.0,13777.74,Active
20250501,2025-05-01,E10347,D06,CC601,1.0,7786.79,Active
20250501,2025-05-01,E10348,D06,CC601,1.0,14262.97,Active
20250501,2025-05-01,E10349,D06,CC601,1.0,11042.12,Active
20250501,2025-05-01,E10351,D06,CC601,1.0,10945.88,Active
20250501,2025-05-01,E10353,D06,CC601,1.0,14251.69,Active
20250501,2025-05-01,E10354,D06,CC601,1.0,14985.49,Active
20250501,2025-05-01,E10358,D06,CC601,1.0,12648.81,Active
20250501,2025-05-01,E10359,D07,CC701,1.0,14056.4,Active
20250501,2025-05-01,E10363,D07,CC701,1.0,12561.18,Active
20250501,2025-05-01,E10365,D07,CC701,1.0,12993.34,Active
20250501,2025-05-01,E10366,D07,CC701,1.0,14730.77,Active
20250501,2025-05-01,E10367,D07,CC701,1.0,12216.08,Active
20250501,2025-05-01,E10369,D07,CC701,1.0,14792.29,Active
20250501,2025-05-01,E10372,D07,CC701,1.0,8655.66,Active
20250501,2025-05-01,E10373,D07,CC701,1.0,14854.03,Active
20250501,2025-05-01,E10374,D07,CC701,1.0,6455.94,Active
20250501,2025-05-01,E10375,D07,CC701,1.0,15853.07,Active
20250501,2025-05-01,E10377,D07,CC701,1.0,13299.08,Active
20250501,2025-05-01,E10379,D07,CC701,1.0,15616.56,Active
20250501,2025-05-01,E10380,D07,CC701,1.0,12398.79,Active
20250501,2025-05-01,E10381,D07,CC701,1.0,9059.25,Active
20250501,2025-05-01,E10385,D07,CC701,1.0,8530.59,Active
20250501,2025-05-01,E10386,D07,CC701,1.0,11772.31,Active
20250501,2025-05-01,E10387,D07,CC701,1.0,6895.1,Active
20250501,2025-05-01,E10393,D07,CC701,1.0,10291.65,Active
20250501,2025-05-01,E10394,D07,CC701,1.0,14573.28,Active
20250501,2025-05-01,E10396,D07,CC701,1.0,13170.4,Active
20250501,2025-05-01,E10397,D07,CC701,1.0,13087.59,Active
20250501,2025-05-01,E10398,D07,CC701,1.0,9139.84,Active
20250501,2025-05-01,E10399,D07,CC701,1.0,6074.11,Active
20250501,2025-05-01,E10401,D07,CC701,1.0,9031.28,Active
20250501,2025-05-01,E10403,D08,CC802,1.0,7631.14,Active
20250501,2025-05-01,E10404,D08,CC801,1.0,13667.98,Active
20250501,2025-05-01,E10405,D08,CC801,0.8,5839.94,Active
20250501,2025-05-01,E10407,D08,CC801,1.0,13580.36,Active
20250501,2025-05-01,E10410,D08,CC801,1.0,7340.63,Active
20250501,2025-05-01,E10411,D08,CC802,1.0,12602.38,Active
20250501,2025-05-01,E10412,D08,CC801,1.0,9739.11,Active
20250501,2025-05-01,E10413,D08,CC801,0.8,8596.9,Active
20250501,2025-05-01,E10417,D08,CC801,1.0,12675.6,Active
20250501,2025-05-01,E10418,D08,CC802,1.0,16251.1,Active
20250501,2025-05-01,E10419,D08,CC801,1.0,6420.55,Active
20250501,2025-05-01,E10421,D08,CC801,0.8,5256.98,Active
20250501,2025-05-01,E10424,D08,CC801,1.0,11791.82,Active
20250501,2025-05-01,E10425,D08,CC801,1.0,15222.76,Active
20250501,2025-05-01,E10428,D08,CC801,1.0,14683.83,Active
20250501,2025-05-01,E10429,D08,CC802,0.8,8793.67,Active
20250501,2025-05-01,E10431,D08,CC802,1.0,15671.25,Active
20250501,2025-05-01,E10434,D08,CC801,1.0,5900.75,Active
20250501,2025-05-01,E10435,D08,CC801,1.0,14835.47,Active
20250501,2025-05-01,E10436,D08,CC802,1.0,7775.84,Active
20250501,2025-05-01,E10437,D08,CC801,1.0,12174.84,Active
20250501,2025-05-01,E10440,D08,CC802,0.8,4951.79,Active
20250501,2025-05-01,E10441,D08,CC801,1.0,11492.72,Active
20250501,2025-05-01,E10444,D08,CC802,1.0,12957.09,Active
20250501,2025-05-01,E10445,D08,CC802,1.0,6431.0,Active
20250501,2025-05-01,E10446,D08,CC802,1.0,13954.71,Active
20250501,2025-05-01,E10447,D08,CC801,1.0,9614.65,Active
20250501,2025-05-01,E10448,D08,CC802,1.0,13237.29,Active
20250501,2025-05-01,E10451,D08,CC802,1.0,15553.27,Active
20250501,2025-05-01,E10452,D08,CC802,1.0,13518.96,Active
20250501,2025-05-01,E10454,D08,CC802,1.0,11550.02,Active
20250501,2025-05-01,E10455,D08,CC802,1.0,12367.61,Active
20250501,2025-05-01,E10456,D08,CC802,1.0,9898.81,Active
20250501,2025-05-01,E10457,D08,CC802,1.0,9296.63,Active
20250501,2025-05-01,E10459,D08,CC802,1.0,6430.39,Active
20250501,2025-05-01,E10461,D08,CC801,1.0,15808.9,Active
20250501,2025-05-01,E10463,D08,CC801,1.0,10088.2,Active
20250501,2025-05-01,E10468,D08,CC801,1.0,15082.13,Active
20250501,2025-05-01,E10469,D08,CC802,1.0,6923.05,Active
20250501,2025-05-01,E10470,D08,CC802,1.0,9515.46,Active
20250601,2025-06-01,E10001,D01,CC102,1.0,14445.01,Active
20250601,2025-06-01,E10003,D01,CC102,0.8,10125.65,Active
20250601,2025-06-01,E10004,D01,CC101,1.0,16312.73,Active
20250601,2025-06-01,E10005,D01,CC102,1.0,14045.08,Active
20250601,2025-06-01,E10006,D01,CC102,1.0,13632.74,Active
20250601,2025-06-01,E10007,D01,CC102,1.0,7420.92,Active
20250601,2025-06-01,E10008,D01,CC102,1.0,7203.77,Active
20250601,2025-06-01,E10009,D01,CC101,1.0,15669.17,Active
20250601,2025-06-01,E10010,D01,CC102,1.0,14179.93,Active
20250601,2025-06-01,E10016,D01,CC102,1.0,13165.78,Active
20250601,2025-06-01,E10019,D01,CC102,1.0,6841.9,Active
20250601,2025-06-01,E10020,D01,CC101,0.8,6893.76,Active
20250601,2025-06-01,E10023,D01,CC101,1.0,6385.85,Active
20250601,2025-06-01,E10024,D01,CC101,1.0,10419.8,Active
20250601,2025-06-01,E10026,D01,CC102,1.0,10379.84,Active
20250601,2025-06-01,E10028,D01,CC102,1.0,13507.89,Active
20250601,2025-06-01,E10029,D01,CC102,0.8,4496.38,Active
20250601,2025-06-01,E10030,D01,CC102,1.0,10422.28,Active
20250601,2025-06-01,E10033,D01,CC101,0.8,11383.22,Active
20250601,2025-06-01,E10034,D01,CC101,1.0,12436.89,Active
20250601,2025-06-01,E10036,D01,CC102,0.8,8395.78,Active
20250601,2025-06-01,E10039,D02,CC202,1.0,14552.51,Active
20250601,2025-06-01,E10040,D02,CC202,1.0,6611.07,Active
20250601,2025-06-01,E10042,D02,CC202,1.0,10772.32,Active
20250601,2025-06-01,E10043,D02,CC202,1.0,11247.24,Active
20250601,2025-06-01,E10047,D02,CC201,1.0,10183.39,Active
20250601,2025-06-01,E10049,D02,CC202,1.0,13341.71,Active
20250601,2025-06-01,E10052,D02,CC202,0.8,5073.76,Active
20250601,2025-06-01,E10053,D02,CC202,1.0,7182.18,Active
20250601,2025-06-01,E10054,D02,CC202,1.0,15771.42,Active
20250601,2025-06-01,E10055,D02,CC201,1.0,11473.74,Active
20250601,2025-06-01,E10056,D02,CC201,1.0,9334.16,Active
20250601,2025-06-01,E10057,D02,CC201,1.0,15031.42,Active
20250601,2025-06-01,E10058,D02,CC201,1.0,6725.46,Active
20250601,2025-06-01,E10059,D02,CC202,1.0,10641.11,Active
20250601,2025-06-01,E10060,D02,CC202,0.8,11096.96,Active
20250601,2025-06-01,E10061,D02,CC201,1.0,14785.43,Active
20250601,2025-06-01,E10062,D02,CC202,1.0,10203.82,Active
20250601,2025-06-01,E10063,D02,CC201,1.0,13884.24,Active
20250601,2025-06-01,E10065,D02,CC202,1.0,7138.51,Active
20250601,2025-06-01,E10067,D02,CC201,1.0,9130.06,Active
20250601,2025-06-01,E10068,D02,CC202,1.0,10231.01,Active
20250601,2025-06-01,E10069,D02,CC202,1.0,14230.36,Active
20250601,2025-06-01,E10070,D02,CC202,1.0,6351.75,Active
20250601,2025-06-01,E10074,D02,CC201,1.0,13778.91,Active
20250601,2025-06-01,E10075,D02,CC201,1.0,9797.27,Active
20250601,2025-06-01,E10078,D02,CC202,1.0,5543.27,Active
20250601,2025-06-01,E10081,D02,CC202,1.0,13834.09,Active
20250601,2025-06-01,E10082,D02,CC202,0.8,5141.94,Active
20250601,2025-06-01,E10086,D02,CC202,1.0,8087.9,Active
20250601,2025-06-01,E10088,D02,CC201,1.0,10853.14,Active
20250601,2025-06-01,E10089,D02,CC202,1.0,15723.83,Active
20250601,2025-06-01,E10090,D02,CC202,1.0,5557.1,Active
20250601,2025-06-01,E10091,D02,CC201,1.0,16198.15,Active
20250601,2025-06-01,E10092,D02,CC201,1.0,12702.66,Active
20250601,2025-06-01,E10096,D02,CC202,0.8,8423.09,Active
20250601,2025-06-01,E10097,D02,CC202,0.8,8954.07,Active
20250601,2025-06-01,E10098,D02,CC202,1.0,12363.05,Active
20250601,2025-06-01,E10100,D02,CC202,0.8,8599.4,Active
20250601,2025-06-01,E10101,D02,CC201,1.0,11057.34,Active
20250601,2025-06-01,E10102,D02,CC201,1.0,5784.45,Active
20250601,2025-06-01,E10104,D02,CC201,1.0,11726.89,Active
20250601,2025-06-01,E10106,D02,CC201,1.0,5787.74,Active
20250601,2025-06-01,E10107,D02,CC202,1.0,9991.18,Active
20250601,2025-06-01,E10108,D02,CC202,1.0,14302.75,Active
20250601,2025-06-01,E10109,D02,CC201,1.0,9182.08,Active
20250601,2025-06-01,E10111,D02,CC201,1.0,10572.32,Active
20250601,2025-06-01,E10112,D02,CC202,1.0,10427.47,Active
20250601,2025-06-01,E10116,D02,CC201,1.0,14936.73,Active
20250601,2025-06-01,E10119,D02,CC201,1.0,11280.67,Active
20250601,2025-06-01,E10121,D02,CC201,1.0,11175.06,Active
20250601,2025-06-01,E10122,D02,CC202,1.0,8137.43,Active
20250601,2025-06-01,E10123,D02,CC202,1.0,12136.99,Active
20250601,2025-06-01,E10126,D02,CC202,1.0,11242.44,Active
20250601,2025-06-01,E10127,D02,CC201,0.8,11110.17,Active
20250601,2025-06-01,E10128,D02,CC201,1.0,12677.7,Active
20250601,2025-06-01,E10130,D02,CC202,1.0,8976.21,Active
20250601,2025-06-01,E10131,D03,CC301,1.0,15731.04,Active
20250601,2025-06-01,E10132,D03,CC301,1.0,13616.48,Active
20250601,2025-06-01,E10134,D03,CC301,1.0,11376.75,Active
20250601,2025-06-01,E10136,D03,CC301,1.0,11689.16,Active
20250601,2025-06-01,E10137,D03,CC301,1.0,12476.78,Active
20250601,2025-06-01,E10138,D03,CC301,1.0,10196.6,Active
20250601,2025-06-01,E10139,D03,CC301,1.0,16256.49,Active
20250601,2025-06-01,E10141,D03,CC301,1.0,15855.56,Active
20250601,2025-06-01,E10142,D03,CC301,1.0,15444.27,Active
20250601,2025-06-01,E10144,D03,CC301,1.0,11030.38,Active
20250601,2025-06-01,E10145,D03,CC301,1.0,11556.14,Active
20250601,2025-06-01,E10146,D03,CC301,0.8,5428.99,Active
20250601,2025-06-01,E10149,D03,CC301,1.0,13098.89,Active
20250601,2025-06-01,E10150,D03,CC301,1.0,8998.59,Active
20250601,2025-06-01,E10152,D03,CC301,1.0,5478.09,Active
20250601,2025-06-01,E10153,D03,CC301,1.0,15223.38,Active
20250601,2025-06-01,E10157,D03,CC301,1.0,9458.38,Active
20250601,2025-06-01,E10159,D03,CC301,1.0,12127.93,Active
20250601,2025-06-01,E10160,D03,CC301,1.0,15995.44,Active
20250601,2025-06-01,E10161,D03,CC301,1.0,13038.16,Active
20250601,2025-06-01,E10162,D03,CC301,1.0,14342.07,Active
20250601,2025-06-01,E10163,D03,CC301,1.0,11650.46,Active
20250601,2025-06-01,E10164,D03,CC301,1.0,12583.3,Active
20250601,2025-06-01,E10165,D03,CC301,1.0,13546.46,Active
20250601,2025-06-01,E10166,D03,CC301,1.0,14601.75,Active
20250601,2025-06-01,E10167,D03,CC301,1.0,5741.59,Active
20250601,2025-06-01,E10169,D03,CC301,1.0,8968.41,Active
20250601,2025-06-01,E10170,D03,CC301,1.0,11012.31,Active
20250601,2025-06-01,E10171,D03,CC301,1.0,5907.99,Active
20250601,2025-06-01,E10172,D03,CC301,1.0,9987.17,Active
20250601,2025-06-01,E10173,D03,CC301,1.0,9093.65,Active
20250601,2025-06-01,E10174,D03,CC301,1.0,10098.38,Active
20250601,2025-06-01,E10175,D03,CC301,1.0,9088.47,Active
20250601,2025-06-01,E10176,D03,CC301,0.8,11273.18,Active
20250601,2025-06-01,E10177,D03,CC301,1.0,10593.28,Active
20250601,2025-06-01,E10178,D03,CC301,1.0,11134.1,Active
20250601,2025-06-01,E10179,D03,CC301,1.0,12047.29,Active
20250601,2025-06-01,E10181,D03,CC301,1.0,15143.6,Active
20250601,2025-06-01,E10182,D03,CC301,1.0,10164.06,Active
20250601,2025-06-01,E10185,D03,CC301,1.0,14093.56,Active
20250601,2025-06-01,E10187,D03,CC301,1.0,12731.33,Active
20250601,2025-06-01,E10189,D03,CC301,1.0,11885.59,Active
20250601,2025-06-01,E10192,D03,CC301,1.0,5891.39,Active
20250601,2025-06-01,E10193,D03,CC301,1.0,11097.17,Active
20250601,2025-06-01,E10194,D03,CC301,1.0,11338.86,Active
20250601,2025-06-01,E10195,D03,CC301,1.0,11876.0,Active
20250601,2025-06-01,E10196,D03,CC301,1.0,11026.64,Active
20250601,2025-06-01,E10197,D03,CC301,1.0,14293.38,Active
20250601,2025-06-01,E10199,D03,CC301,1.0,12767.83,Active
20250601,2025-06-01,E10203,D04,CC401,1.0,12362.6,Active
20250601,2025-06-01,E10206,D04,CC401,1.0,5748.02,Active
20250601,2025-06-01,E10207,D04,CC401,1.0,7625.44,Active
20250601,2025-06-01,E10208,D04,CC401,1.0,7550.14,Active
20250601,2025-06-01,E10209,D04,CC401,1.0,8309.04,Active
20250601,2025-06-01,E10210,D04,CC401,1.0,8144.37,Active
20250601,2025-06-01,E10211,D04,CC401,1.0,8281.06,Active
20250601,2025-06-01,E10212,D04,CC401,1.0,6956.52,Active
20250601,2025-06-01,E10213,D04,CC401,1.0,8688.74,Active
20250601,2025-06-01,E10214,D04,CC401,1.0,12567.66,Active
20250601,2025-06-01,E10215,D04,CC401,1.0,14168.52,Active
20250601,2025-06-01,E10217,D04,CC401,1.0,13807.1,Active
20250601,2025-06-01,E10219,D04,CC401,1.0,8458.91,Active
20250601,2025-06-01,E10221,D04,CC401,1.0,13924.5,Active
20250601,2025-06-01,E10222,D04,CC401,1.0,13670.71,Active
20250601,2025-06-01,E10226,D04,CC401,1.0,7730.35,Active
20250601,2025-06-01,E10230,D04,CC401,1.0,10495.73,Active
20250601,2025-06-01,E10234,D04,CC401,1.0,10911.73,Active
20250601,2025-06-01,E10235,D04,CC401,1.0,6496.21,Active
20250601,2025-06-01,E10236,D04,CC401,1.0,9028.57,Active
20250601,2025-06-01,E10237,D04,CC401,1.0,14390.39,Active
20250601,2025-06-01,E10238,D04,CC401,1.0,16389.1,Active
20250601,2025-06-01,E10239,D04,CC401,1.0,8551.29,Active
20250601,2025-06-01,E10247,D04,CC401,1.0,6870.85,Active
20250601,2025-06-01,E10249,D05,CC502,1.0,12801.03,Active
20250601,2025-06-01,E10251,D05,CC502,1.0,15843.12,Active
20250601,2025-06-01,E10254,D05,CC502,0.8,7271.21,Active
20250601,2025-06-01,E10255,D05,CC501,1.0,12769.05,Active
20250601,2025-06-01,E10256,D05,CC501,1.0,11867.12,Active
20250601,2025-06-01,E10257,D05,CC502,1.0,15170.93,Active
20250601,2025-06-01,E10258,D05,CC501,1.0,8684.37,Active
20250601,2025-06-01,E10262,D05,CC502,1.0,7720.07,Active
20250601,2025-06-01,E10265,D05,CC502,1.0,16285.7,Active
20250601,2025-06-01,E10266,D05,CC501,1.0,11907.73,Active
20250601,2025-06-01,E10269,D05,CC502,1.0,15504.02,Active
20250601,2025-06-01,E10270,D05,CC501,1.0,14345.93,Active
20250601,2025-06-01,E10274,D05,CC501,1.0,11357.83,Active
20250601,2025-06-01,E10275,D05,CC501,1.0,9953.87,Active
20250601,2025-06-01,E10276,D05,CC502,1.0,10883.1,Active
20250601,2025-06-01,E10279,D05,CC501,1.0,5608.84,Active
20250601,2025-06-01,E10280,D05,CC502,1.0,13510.06,Active
20250601,2025-06-01,E10282,D05,CC501,1.0,8440.95,Active
20250601,2025-06-01,E10283,D05,CC501,1.0,12027.67,Active
20250601,2025-06-01,E10284,D05,CC501,1.0,13534.49,Active
20250601,2025-06-01,E10285,D05,CC502,1.0,5628.65,Active
20250601,2025-06-01,E10286,D05,CC501,1.0,7448.28,Active
20250601,2025-06-01,E10289,D05,CC501,1.0,13706.14,Active
20250601,2025-06-01,E10290,D05,CC501,1.0,7647.41,Active
20250601,2025-06-01,E10292,D05,CC501,1.0,14862.6,Active
20250601,2025-06-01,E10293,D05,CC502,1.0,6559.41,Active
20250601,2025-06-01,E10294,D05,CC501,1.0,7491.36,Active
20250601,2025-06-01,E10296,D05,CC502,1.0,7363.16,Active
20250601,2025-06-01,E10297,D05,CC501,1.0,10349.01,Active
20250601,2025-06-01,E10298,D05,CC501,1.0,9494.66,Active
20250601,2025-06-01,E10299,D05,CC502,1.0,13678.04,Active
20250601,2025-06-01,E10300,D05,CC501,1.0,14143.87,Active
20250601,2025-06-01,E10301,D05,CC502,1.0,12007.17,Active
20250601,2025-06-01,E10302,D05,CC502,0.8,9779.7,Active
20250601,2025-06-01,E10305,D05,CC502,1.0,15070.31,Active
20250601,2025-06-01,E10306,D05,CC501,1.0,13627.27,Active
20250601,2025-06-01,E10307,D05,CC501,1.0,10827.74,Active
20250601,2025-06-01,E10308,D05,CC501,1.0,12437.81,Active
20250601,2025-06-01,E10310,D05,CC501,1.0,12459.54,Active
20250601,2025-06-01,E10312,D05,CC502,1.0,13332.51,Active
20250601,2025-06-01,E10313,D05,CC501,1.0,6019.68,Active
20250601,2025-06-01,E10314,D05,CC502,1.0,9642.66,Active
20250601,2025-06-01,E10315,D05,CC502,1.0,5509.56,Active
20250601,2025-06-01,E10316,D05,CC501,1.0,5974.93,Active
20250601,2025-06-01,E10317,D05,CC501,1.0,7394.21,Active
20250601,2025-06-01,E10318,D05,CC502,1.0,10026.94,Active
20250601,2025-06-01,E10319,D05,CC502,1.0,7569.83,Active
20250601,2025-06-01,E10320,D05,CC502,1.0,8670.89,Active
20250601,2025-06-01,E10321,D05,CC501,1.0,13859.26,Active
20250601,2025-06-01,E10322,D05,CC502,1.0,7303.05,Active
20250601,2025-06-01,E10325,D06,CC601,1.0,7151.45,Active
20250601,2025-06-01,E10326,D06,CC601,1.0,8821.17,Active
20250601,2025-06-01,E10328,D06,CC601,1.0,7563.33,Active
20250601,2025-06-01,E10329,D06,CC601,1.0,13303.08,Active
20250601,2025-06-01,E10331,D06,CC601,1.0,8857.5,Active
20250601,2025-06-01,E10334,D06,CC601,1.0,13468.95,Active
20250601,2025-06-01,E10336,D06,CC601,1.0,15406.49,Active
20250601,2025-06-01,E10337,D06,CC601,1.0,15392.17,Active
20250601,2025-06-01,E10338,D06,CC601,1.0,12414.07,Active
20250601,2025-06-01,E10340,D06,CC601,1.0,15680.49,Active
20250601,2025-06-01,E10341,D06,CC601,1.0,12389.34,Active
20250601,2025-06-01,E10346,D06,CC601,1.0,13806.83,Active
20250601,2025-06-01,E10347,D06,CC601,1.0,7737.22,Active
20250601,2025-06-01,E10348,D06,CC601,1.0,14205.29,Active
20250601,2025-06-01,E10349,D06,CC601,1.0,11237.23,Active
20250601,2025-06-01,E10351,D06,CC601,1.0,10858.65,Active
20250601,2025-06-01,E10353,D06,CC601,1.0,14074.82,Active
20250601,2025-06-01,E10354,D06,CC601,1.0,14976.56,Active
20250601,2025-06-01,E10358,D06,CC601,1.0,12707.28,Active
20250601,2025-06-01,E10359,D07,CC701,1.0,14098.01,Active
20250601,2025-06-01,E10362,D07,CC701,1.0,15133.75,Active
20250601,2025-06-01,E10363,D07,CC701,1.0,12617.92,Active
20250601,2025-06-01,E10365,D07,CC701,1.0,12922.94,Active
20250601,2025-06-01,E10366,D07,CC701,1.0,14965.19,Active
20250601,2025-06-01,E10367,D07,CC701,1.0,12220.67,Active
20250601,2025-06-01,E10369,D07,CC701,1.0,14855.96,Active
20250601,2025-06-01,E10371,D07,CC701,1.0,15606.49,Active
20250601,2025-06-01,E10372,D07,CC701,1.0,8557.98,Active
20250601,2025-06-01,E10373,D07,CC701,0.8,12054.41,Active
20250601,2025-06-01,E10374,D07,CC701,1.0,6388.81,Active
20250601,2025-06-01,E10375,D07,CC701,1.0,15680.55,Active
20250601,2025-06-01,E10377,D07,CC701,1.0,13129.72,Active
20250601,2025-06-01,E10378,D07,CC701,1.0,13678.15,Active
20250601,2025-06-01,E10379,D07,CC701,1.0,15631.96,Active
20250601,2025-06-01,E10380,D07,CC701,1.0,12350.06,Active
20250601,2025-06-01,E10381,D07,CC701,1.0,9102.82,Active
20250601,2025-06-01,E10385,D07,CC701,1.0,8535.46,Active
20250601,2025-06-01,E10386,D07,CC701,1.0,11917.35,Active
20250601,2025-06-01,E10387,D07,CC701,1.0,6826.45,Active
20250601,2025-06-01,E10390,D07,CC701,0.8,11342.55,Active
20250601,2025-06-01,E10393,D07,CC701,1.0,10316.97,Active
20250601,2025-06-01,E10394,D07,CC701,1.0,14729.01,Active
20250601,2025-06-01,E10396,D07,CC701,1.0,13128.73,Active
20250601,2025-06-01,E10397,D07,CC701,1.0,13029.18,Active
20250601,2025-06-01,E10398,D07,CC701,1.0,8976.58,Active
20250601,2025-06-01,E10399,D07,CC701,1.0,5992.66,Active
20250601,2025-06-01,E10401,D07,CC701,1.0,9137.52,Active
20250601,2025-06-01,E10402,D07,CC701,1.0,9648.89,Active
20250601,2025-06-01,E10403,D08,CC802,1.0,7640.61,Active
20250601,2025-06-01,E10404,D08,CC801,1.0,13591.23,Active
20250601,2025-06-01,E10405,D08,CC801,1.0,7235.16,Active
20250601,2025-06-01,E10407,D08,CC801,1.0,13422.89,Active
20250601,2025-06-01,E10408,D08,CC801,1.0,11661.15,Active
20250601,2025-06-01,E10410,D08,CC801,1.0,7409.63,Active
20250601,2025-06-01,E10411,D08,CC802,1.0,12421.87,Active
20250601,2025-06-01,E10412,D08,CC801,1.0,9809.02,Active
20250601,2025-06-01,E10413,D08,CC801,1.0,10716.52,Active
20250601,2025-06-01,E10417,D08,CC801,1.0,12729.24,Active
20250601,2025-06-01,E10418,D08,CC802,1.0,16238.14,Active
20250601,2025-06-01,E10419,D08,CC801,1.0,6430.13,Active
20250601,2025-06-01,E10421,D08,CC801,1.0,6583.14,Active
20250601,2025-06-01,E10424,D08,CC801,1.0,11724.84,Active
20250601,2025-06-01,E10425,D08,CC801,1.0,15202.91,Active
20250601,2025-06-01,E10427,D08,CC801,1.0,6883.71,Active
20250601,2025-06-01,E10428,D08,CC801,1.0,14589.94,Active
20250601,2025-06-01,E10429,D08,CC802,1.0,10879.77,Active
20250601,2025-06-01,E10431,D08,CC802,1.0,15642.42,Active
20250601,2025-06-01,E10434,D08,CC801,1.0,5922.59,Active
20250601,2025-06-01,E10435,D08,CC801,1.0,14691.05,Active
20250601,2025-06-01,E10436,D08,CC802,0.8,6260.93,Active
20250601,2025-06-01,E10437,D08,CC801,1.0,12262.16,Active
20250601,2025-06-01,E10440,D08,CC802,1.0,6199.81,Active
20250601,2025-06-01,E10441,D08,CC801,1.0,11514.61,Active
20250601,2025-06-01,E10444,D08,CC802,1.0,12860.95,Active
20250601,2025-06-01,E10445,D08,CC802,1.0,6485.55,Active
20250601,2025-06-01,E10446,D08,CC802,1.0,13980.11,Active
20250601,2025-06-01,E10447,D08,CC801,1.0,9531.15,Active
20250601,2025-06-01,E10448,D08,CC802,1.0,13246.73,Active
20250601,2025-06-01,E10451,D08,CC802,1.0,15591.72,Active
20250601,2025-06-01,E10452,D08,CC802,1.0,13604.33,Active
20250601,2025-06-01,E10454,D08,CC802,0.8,9264.47,Active
20250601,2025-06-01,E10455,D08,CC802,1.0,12447.9,Active
20250601,2025-06-01,E10456,D08,CC802,1.0,10033.02,Active
20250601,2025-06-01,E10457,D08,CC802,1.0,9269.84,Active
20250601,2025-06-01,E10459,D08,CC802,1.0,6392.02,Active
20250601,2025-06-01,E10461,D08,CC801,1.0,15811.06,Active
20250601,2025-06-01,E10463,D08,CC801,1.0,10049.9,Active
20250601,2025-06-01,E10468,D08,CC801,1.0,14959.57,Active
20250601,2025-06-01,E10469,D08,CC802,1.0,6852.36,Active
20250601,2025-06-01,E10470,D08,CC802,1.0,9503.4,Active
20250701,2025-07-01,E10001,D01,CC102,1.0,14505.97,Active
20250701,2025-07-01,E10003,D01,CC102,1.0,12494.04,Active
20250701,2025-07-01,E10004,D01,CC101,1.0,16415.03,Active
20250701,2025-07-01,E10005,D01,CC102,1.0,14191.05,Active
20250701,2025-07-01,E10006,D01,CC102,1.0,13405.71,Active
20250701,2025-07-01,E10007,D01,CC102,1.0,7433.84,Active
20250701,2025-07-01,E10008,D01,CC102,0.8,5768.09,Active
20250701,2025-07-01,E10009,D01,CC101,1.0,15645.53,Active
20250701,2025-07-01,E10010,D01,CC102,1.0,14070.75,Active
20250701,2025-07-01,E10014,D01,CC102,1.0,12145.93,Active
20250701,2025-07-01,E10015,D01,CC102,1.0,9125.03,Active
20250701,2025-07-01,E10016,D01,CC102,1.0,13169.72,Active
20250701,2025-07-01,E10019,D01,CC102,1.0,6821.58,Active
20250701,2025-07-01,E10020,D01,CC101,1.0,8608.21,Active
20250701,2025-07-01,E10022,D01,CC102,1.0,13363.54,Active
20250701,2025-07-01,E10023,D01,CC101,1.0,6385.04,Active
20250701,2025-07-01,E10024,D01,CC101,1.0,10483.72,Active
20250701,2025-07-01,E10025,D01,CC102,1.0,14979.32,Active
20250701,2025-07-01,E10026,D01,CC102,1.0,10329.89,Active
20250701,2025-07-01,E10028,D01,CC102,1.0,13582.28,Active
20250701,2025-07-01,E10029,D01,CC102,1.0,5614.45,Active
20250701,2025-07-01,E10030,D01,CC102,1.0,10390.74,Active
20250701,2025-07-01,E10032,D01,CC101,1.0,6356.81,Active
20250701,2025-07-01,E10033,D01,CC101,1.0,14309.64,Active
20250701,2025-07-01,E10034,D01,CC101,1.0,12432.49,Active
20250701,2025-07-01,E10035,D01,CC101,1.0,14768.49,Active
20250701,2025-07-01,E10036,D01,CC102,1.0,10536.31,Active
20250701,2025-07-01,E10037,D01,CC102,1.0,15270.91,Active
20250701,2025-07-01,E10039,D02,CC202,1.0,14334.72,Active
20250701,2025-07-01,E10040,D02,CC202,1.0,6634.57,Active
20250701,2025-07-01,E10041,D02,CC202,1.0,13512.99,Active
20250701,2025-07-01,E10042,D02,CC202,1.0,10645.34,Active
20250701,2025-07-01,E10043,D02,CC202,1.0,11134.18,Active
20250701,2025-07-01,E10047,D02,CC201,1.0,10106.83,Active
20250701,2025-07-01,E10049,D02,CC202,1.0,13263.17,Active
20250701,2025-07-01,E10050,D02,CC202,1.0,12695.6,Active
20250701,2025-07-01,E10052,D02,CC202,1.0,6343.24,Active
20250701,2025-07-01,E10053,D02,CC202,1.0,7132.99,Active
20250701,2025-07-01,E10054,D02,CC202,1.0,15651.14,Active
20250701,2025-07-01,E10055,D02,CC201,1.0,11487.17,Active
20250701,2025-07-01,E10056,D02,CC201,1.0,9392.88,Active
20250701,2025-07-01,E10057,D02,CC201,1.0,15271.38,Active
20250701,2025-07-01,E10058,D02,CC201,1.0,6737.23,Active
20250701,2025-07-01,E10059,D02,CC202,1.0,10792.91,Active
20250701,2025-07-01,E10060,D02,CC202,1.0,13785.84,Active
20250701,2025-07-01,E10061,D02,CC201,1.0,14964.29,Active
20250701,2025-07-01,E10062,D02,CC202,1.0,10181.93,Active
20250701,2025-07-01,E10063,D02,CC201,1.0,13781.47,Active
20250701,2025-07-01,E10065,D02,CC202,1.0,7153.45,Active
20250701,2025-07-01,E10067,D02,CC201,1.0,9120.27,Active
20250701,2025-07-01,E10068,D02,CC202,1.0,10221.17,Active
20250701,2025-07-01,E10069,D02,CC202,1.0,14335.79,Active
20250701,2025-07-01,E10070,D02,CC202,1.0,6340.83,Active
20250701,2025-07-01,E10071,D02,CC201,1.0,12528.1,Active
20250701,2025-07-01,E10073,D02,CC202,1.0,15180.47,Active
20250701,2025-07-01,E10074,D02,CC201,0.8,10989.52,Active
20250701,2025-07-01,E10075,D02,CC201,1.0,9778.14,Active
20250701,2025-07-01,E10076,D02,CC201,1.0,12706.04,Active
20250701,2025-07-01,E10078,D02,CC202,1.0,5493.73,Active
20250701,2025-07-01,E10081,D02,CC202,1.0,13906.69,Active
20250701,2025-07-01,E10082,D02,CC202,0.8,5117.13,Active
20250701,2025-07-01,E10083,D02,CC201,1.0,13497.4,Active
20250701,2025-07-01,E10086,D02,CC202,1.0,8122.28,Active
20250701,2025-07-01,E10087,D02,CC201,1.0,6711.33,Active
20250701,2025-07-01,E10088,D02,CC201,1.0,10977.56,Active
20250701,2025-07-01,E10089,D02,CC202,1.0,15632.32,Active
20250701,2025-07-01,E10090,D02,CC202,1.0,5544.03,Active
20250701,2025-07-01,E10091,D02,CC201,1.0,16006.82,Active
20250701,2025-07-01,E10092,D02,CC201,0.8,10218.15,Active
20250701,2025-07-01,E10093,D02,CC202,1.0,8176.6,Active
20250701,2025-07-01,E10096,D02,CC202,1.0,10532.51,Active
20250701,2025-07-01,E10097,D02,CC202,1.0,11228.58,Active
20250701,2025-07-01,E10098,D02,CC202,0.8,9901.81,Active
20250701,2025-07-01,E10100,D02,CC202,1.0,10616.56,Active
20250701,2025-07-01,E10101,D02,CC201,1.0,11116.55,Active
20250701,2025-07-01,E10102,D02,CC201,1.0,5825.9,Active
20250701,2025-07-01,E10104,D02,CC201,0.8,9377.74,Active
20250701,2025-07-01,E10106,D02,CC201,1.0,5741.43,Active
20250701,2025-07-01,E10107,D02,CC202,1.0,10102.62,Active
20250701,2025-07-01,E10108,D02,CC202,1.0,14446.07,Active
20250701,2025-07-01,E10109,D02,CC201,1.0,9311.97,Active
20250701,2025-07-01,E10110,D02,CC202,1.0,8868.93,Active
20250701,2025-07-01,E10111,D02,CC201,1.0,10507.36,Active
20250701,2025-07-01,E10112,D02,CC202,1.0,10445.34,Active
20250701,2025-07-01,E10115,D02,CC202,1.0,5905.99,Active
20250701,2025-07-01,E10116,D02,CC201,1.0,14758.73,Active
20250701,2025-07-01,E10119,D02,CC201,1.0,11321.18,Active
20250701,2025-07-01,E10121,D02,CC201,1.0,11267.41,Active
20250701,2025-07-01,E10122,D02,CC202,1.0,8032.17,Active
20250701,2025-07-01,E10123,D02,CC202,1.0,11987.23,Active
20250701,2025-07-01,E10125,D02,CC202,1.0,8904.62,Active
20250701,2025-07-01,E10126,D02,CC202,1.0,11334.33,Active
20250701,2025-07-01,E10127,D02,CC201,1.0,13663.54,Active
20250701,2025-07-01,E10128,D02,CC201,1.0,12857.91,Active
20250701,2025-07-01,E10130,D02,CC202,1.0,8937.51,Active
20250701,2025-07-01,E10131,D03,CC301,1.0,15726.61,Active
20250701,2025-07-01,E10132,D03,CC301,1.0,13517.53,Active
20250701,2025-07-01,E10134,D03,CC301,1.0,11346.18,Active
20250701,2025-07-01,E10136,D03,CC301,1.0,11739.69,Active
20250701,2025-07-01,E10137,D03,CC301,1.0,12542.12,Active
20250701,2025-07-01,E10138,D03,CC301,1.0,10219.76,Active
20250701,2025-07-01,E10139,D03,CC301,1.0,15997.74,Active
20250701,2025-07-01,E10141,D03,CC301,0.8,12735.8,Active
20250701,2025-07-01,E10142,D03,CC301,1.0,15318.42,Active
20250701,2025-07-01,E10144,D03,CC301,1.0,10919.03,Active
20250701,2025-07-01,E10145,D03,CC301,1.0,11638.33,Active
20250701,2025-07-01,E10146,D03,CC301,1.0,6762.15,Active
20250701,2025-07-01,E10149,D03,CC301,1.0,13052.6,Active
20250701,2025-07-01,E10150,D03,CC301,1.0,8952.59,Active
20250701,2025-07-01,E10152,D03,CC301,1.0,5521.9,Active
20250701,2025-07-01,E10153,D03,CC301,1.0,15182.01,Active
20250701,2025-07-01,E10154,D03,CC301,1.0,13845.23,Active
20250701,2025-07-01,E10156,D03,CC301,1.0,9310.06,Active
20250701,2025-07-01,E10157,D03,CC301,1.0,9411.97,Active
20250701,2025-07-01,E10159,D03,CC301,1.0,12184.52,Active
20250701,2025-07-01,E10160,D03,CC301,1.0,16015.65,Active
20250701,2025-07-01,E10161,D03,CC301,1.0,13126.48,Active
20250701,2025-07-01,E10162,D03,CC301,1.0,14435.06,Active
20250701,2025-07-01,E10163,D03,CC301,1.0,11519.77,Active
20250701,2025-07-01,E10164,D03,CC301,1.0,12535.24,Active
20250701,2025-07-01,E10165,D03,CC301,1.0,13400.93,Active
20250701,2025-07-01,E10166,D03,CC301,1.0,14758.59,Active
20250701,2025-07-01,E10167,D03,CC301,1.0,5668.88,Active
20250701,2025-07-01,E10169,D03,CC301,1.0,8930.37,Active
20250701,2025-07-01,E10170,D03,CC301,1.0,11084.92,Active
20250701,2025-07-01,E10171,D03,CC301,0.8,4763.15,Active
20250701,2025-07-01,E10172,D03,CC301,1.0,10076.86,Active
20250701,2025-07-01,E10173,D03,CC301,0.8,7252.46,Active
20250701,2025-07-01,E10174,D03,CC301,1.0,10073.32,Active
20250701,2025-07-01,E10175,D03,CC301,1.0,9095.1,Active
20250701,2025-07-01,E10176,D03,CC301,1.0,14189.74,Active
20250701,2025-07-01,E10177,D03,CC301,1.0,10480.52,Active
20250701,2025-07-01,E10178,D03,CC301,1.0,11070.63,Active
20250701,2025-07-01,E10179,D03,CC301,1.0,12144.8,Active
20250701,2025-07-01,E10181,D03,CC301,1.0,15187.06,Active
20250701,2025-07-01,E10182,D03,CC301,1.0,10213.38,Active
20250701,2025-07-01,E10185,D03,CC301,1.0,14026.45,Active
20250701,2025-07-01,E10187,D03,CC301,1.0,12888.74,Active
20250701,2025-07-01,E10189,D03,CC301,1.0,11934.56,Active
20250701,2025-07-01,E10191,D03,CC301,1.0,12176.2,Active
20250701,2025-07-01,E10192,D03,CC301,1.0,5969.17,Active
20250701,2025-07-01,E10193,D03,CC301,1.0,10987.6,Active
20250701,2025-07-01,E10194,D03,CC301,0.8,9052.18,Active
20250701,2025-07-01,E10195,D03,CC301,1.0,12077.68,Active
20250701,2025-07-01,E10196,D03,CC301,1.0,11156.66,Active
20250701,2025-07-01,E10197,D03,CC301,1.0,14454.77,Active
20250701,2025-07-01,E10198,D03,CC301,1.0,15902.37,Active
20250701,2025-07-01,E10199,D03,CC301,1.0,12799.57,Active
20250701,2025-07-01,E10203,D04,CC401,1.0,12321.09,Active
20250701,2025-07-01,E10205,D04,CC401,1.0,7497.54,Active
20250701,2025-07-01,E10206,D04,CC401,1.0,5745.92,Active
20250701,2025-07-01,E10207,D04,CC401,0.8,6007.32,Active
20250701,2025-07-01,E10208,D04,CC401,1.0,7583.26,Active
20250701,2025-07-01,E10209,D04,CC401,1.0,8249.76,Active
20250701,2025-07-01,E10210,D04,CC401,1.0,8053.55,Active
20250701,2025-07-01,E10211,D04,CC401,1.0,8321.87,Active
20250701,2025-07-01,E10212,D04,CC401,1.0,6926.82,Active
20250701,2025-07-01,E10213,D04,CC401,1.0,8732.15,Active
20250701,2025-07-01,E10214,D04,CC401,1.0,12654.83,Active
20250701,2025-07-01,E10215,D04,CC401,1.0,14172.89,Active
20250701,2025-07-01,E10217,D04,CC401,1.0,13803.61,Active
20250701,2025-07-01,E10219,D04,CC401,1.0,8533.65,Active
20250701,2025-07-01,E10221,D04,CC401,1.0,13910.51,Active
20250701,2025-07-01,E10222,D04,CC401,1.0,13485.82,Active
20250701,2025-07-01,E10226,D04,CC401,1.0,7716.39,Active
20250701,2025-07-01,E10227,D04,CC401,1.0,10102.96,Active
20250701,2025-07-01,E10230,D04,CC401,1.0,10469.44,Active
20250701,2025-07-01,E10231,D04,CC401,1.0,10135.18,Active
20250701,2025-07-01,E10234,D04,CC401,1.0,10905.41,Active
20250701,2025-07-01,E10235,D04,CC401,1.0,6538.46,Active
20250701,2025-07-01,E10236,D04,CC401,1.0,9045.85,Active
20250701,2025-07-01,E10237,D04,CC401,1.0,14372.65,Active
20250701,2025-07-01,E10238,D04,CC401,1.0,16335.14,Active
20250701,2025-07-01,E10239,D04,CC401,1.0,8532.93,Active
20250701,2025-07-01,E10240,D04,CC401,1.0,14258.89,Active
20250701,2025-07-01,E10242,D04,CC401,1.0,13265.72,Active
20250701,2025-07-01,E10245,D04,CC401,1.0,13048.31,Active
20250701,2025-07-01,E10247,D04,CC401,1.0,6818.61,Active
20250701,2025-07-01,E10249,D05,CC502,1.0,12959.26,Active
20250701,2025-07-01,E10251,D05,CC502,0.8,12725.86,Active
20250701,2025-07-01,E10253,D05,CC502,1.0,9619.56,Active
20250701,2025-07-01,E10254,D05,CC502,1.0,9076.69,Active
20250701,2025-07-01,E10255,D05,CC501,1.0,12652.39,Active
20250701,2025-07-01,E10256,D05,CC501,1.0,11889.83,Active
20250701,2025-07-01,E10257,D05,CC502,1.0,15409.18,Active
20250701,2025-07-01,E10258,D05,CC501,0.8,6861.72,Active
20250701,2025-07-01,E10260,D05,CC501,1.0,16124.97,Active
20250701,2025-07-01,E10262,D05,CC502,1.0,7682.27,Active
20250701,2025-07-01,E10265,D05,CC502,1.0,16146.78,Active
20250701,2025-07-01,E10266,D05,CC501,1.0,11954.14,Active
20250701,2025-07-01,E10269,D05,CC502,1.0,15439.16,Active
20250701,2025-07-01,E10270,D05,CC501,1.0,14452.28,Active
20250701,2025-07-01,E10271,D05,CC502,1.0,15154.47,Active
20250701,2025-07-01,E10273,D05,CC501,1.0,5912.66,Active
20250701,2025-07-01,E10274,D05,CC501,1.0,11245.16,Active
20250701,2025-07-01,E10275,D05,CC501,1.0,10003.24,Active
20250701,2025-07-01,E10276,D05,CC502,1.0,10889.59,Active
20250701,2025-07-01,E10277,D05,CC501,1.0,8136.38,Active
20250701,2025-07-01,E10279,D05,CC501,1.0,5624.55,Active
20250701,2025-07-01,E10280,D05,CC502,1.0,13474.94,Active
20250701,2025-07-01,E10282,D05,CC501,1.0,8517.52,Active
20250701,2025-07-01,E10283,D05,CC501,1.0,11916.01,Active
20250701,2025-07-01,E10284,D05,CC501,1.0,13376.72,Active
20250701,2025-07-01,E10285,D05,CC502,1.0,5566.41,Active
20250701,2025-07-01,E10286,D05,CC501,1.0,7411.95,Active
20250701,2025-07-01,E10288,D05,CC501,1.0,10228.36,Active
20250701,2025-07-01,E10289,D05,CC501,1.0,13844.15,Active
20250701,2025-07-01,E10290,D05,CC501,1.0,7573.87,Active
20250701,2025-07-01,E10291,D05,CC501,1.0,9018.05,Active
20250701,2025-07-01,E10292,D05,CC501,1.0,15042.72,Active
20250701,2025-07-01,E10293,D05,CC502,1.0,6605.69,Active
20250701,2025-07-01,E10294,D05,CC501,0.8,6036.65,Active
20250701,2025-07-01,E10296,D05,CC502,1.0,7276.67,Active
20250701,2025-07-01,E10297,D05,CC501,1.0,10468.93,Active
20250701,2025-07-01,E10298,D05,CC501,1.0,9437.5,Active
20250701,2025-07-01,E10299,D05,CC502,1.0,13890.86,Active
20250701,2025-07-01,E10300,D05,CC501,1.0,13945.73,Active
20250701,2025-07-01,E10301,D05,CC502,1.0,12027.59,Active
20250701,2025-07-01,E10302,D05,CC502,1.0,12337.16,Active
20250701,2025-07-01,E10304,D05,CC501,1.0,13368.53,Active
20250701,2025-07-01,E10305,D05,CC502,1.0,15051.57,Active
20250701,2025-07-01,E10306,D05,CC501,1.0,13687.23,Active
20250701,2025-07-01,E10307,D05,CC501,1.0,10828.09,Active
20250701,2025-07-01,E10308,D05,CC501,1.0,12299.15,Active
20250701,2025-07-01,E10310,D05,CC501,1.0,12482.48,Active
20250701,2025-07-01,E10312,D05,CC502,1.0,13258.15,Active
20250701,2025-07-01,E10313,D05,CC501,1.0,6015.42,Active
20250701,2025-07-01,E10314,D05,CC502,1.0,9659.18,Active
20250701,2025-07-01,E10315,D05,CC502,1.0,5518.0,Active
20250701,2025-07-01,E10316,D05,CC501,1.0,5986.39,Active
20250701,2025-07-01,E10317,D05,CC501,1.0,7309.42,Active
20250701,2025-07-01,E10318,D05,CC502,1.0,10141.13,Active
20250701,2025-07-01,E10319,D05,CC502,1.0,7641.77,Active
20250701,2025-07-01,E10320,D05,CC502,1.0,8733.3,Active
20250701,2025-07-01,E10321,D05,CC501,1.0,13892.1,Active
20250701,2025-07-01,E10322,D05,CC502,1.0,7314.88,Active
20250701,2025-07-01,E10323,D05,CC501,1.0,13454.22,Active
20250701,2025-07-01,E10325,D06,CC601,1.0,7170.8,Active
20250701,2025-07-01,E10326,D06,CC601,1.0,8727.88,Active
20250701,2025-07-01,E10327,D06,CC601,1.0,10557.72,Active
20250701,2025-07-01,E10328,D06,CC601,1.0,7520.56,Active
20250701,2025-07-01,E10329,D06,CC601,1.0,13385.41,Active
20250701,2025-07-01,E10331,D06,CC601,1.0,8757.01,Active
20250701,2025-07-01,E10332,D06,CC601,1.0,16037.51,Active
20250701,2025-07-01,E10333,D06,CC601,1.0,7152.99,Active
20250701,2025-07-01,E10334,D06,CC601,1.0,13645.93,Active
20250701,2025-07-01,E10336,D06,CC601,1.0,15507.52,Active
20250701,2025-07-01,E10337,D06,CC601,1.0,15372.85,Active
20250701,2025-07-01,E10338,D06,CC601,1.0,12546.23,Active
20250701,2025-07-01,E10340,D06,CC601,0.8,12562.61,Active
20250701,2025-07-01,E10341,D06,CC601,1.0,12415.33,Active
20250701,2025-07-01,E10342,D06,CC601,1.0,16072.99,Active
20250701,2025-07-01,E10344,D06,CC601,1.0,8763.02,Active
20250701,2025-07-01,E10346,D06,CC601,1.0,13792.19,Active
20250701,2025-07-01,E10347,D06,CC601,0.8,6224.36,Active
20250701,2025-07-01,E10348,D06,CC601,1.0,14326.8,Active
20250701,2025-07-01,E10349,D06,CC601,1.0,11103.0,Active
20250701,2025-07-01,E10350,D06,CC601,1.0,9604.09,Active
20250701,2025-07-01,E10351,D06,CC601,1.0,10850.4,Active
20250701,2025-07-01,E10353,D06,CC601,1.0,14260.86,Active
20250701,2025-07-01,E10354,D06,CC601,0.8,11938.96,Active
20250701,2025-07-01,E10356,D06,CC601,1.0,6136.73,Active
20250701,2025-07-01,E10358,D06,CC601,1.0,12780.96,Active
20250701,2025-07-01,E10359,D07,CC701,0.8,11324.74,Active
20250701,2025-07-01,E10362,D07,CC701,1.0,15084.21,Active
20250701,2025-07-01,E10363,D07,CC701,1.0,12759.4,Active
20250701,2025-07-01,E10365,D07,CC701,1.0,13040.08,Active
20250701,2025-07-01,E10366,D07,CC701,1.0,14738.53,Active
20250701,2025-07-01,E10367,D07,CC701,1.0,12267.04,Active
20250701,2025-07-01,E10369,D07,CC701,1.0,14810.38,Active
20250701,2025-07-01,E10371,D07,CC701,1.0,15620.22,Active
20250701,2025-07-01,E10372,D07,CC701,1.0,8621.05,Active
20250701,2025-07-01,E10373,D07,CC701,1.0,15011.54,Active
20250701,2025-07-01,E10374,D07,CC701,1.0,6414.58,Active
20250701,2025-07-01,E10375,D07,CC701,1.0,15745.67,Active
20250701,2025-07-01,E10377,D07,CC701,1.0,13302.58,Active
20250701,2025-07-01,E10378,D07,CC701,1.0,13819.6,Active
20250701,2025-07-01,E10379,D07,CC701,1.0,15761.74,Active
20250701,2025-07-01,E10380,D07,CC701,1.0,12400.24,Active
20250701,2025-07-01,E10381,D07,CC701,1.0,9052.71,Active
20250701,2025-07-01,E10383,D07,CC701,1.0,13481.56,Active
20250701,2025-07-01,E10385,D07,CC701,1.0,8551.42,Active
20250701,2025-07-01,E10386,D07,CC701,1.0,11872.4,Active
20250701,2025-07-01,E10387,D07,CC701,1.0,6833.1,Active
20250701,2025-07-01,E10388,D07,CC701,1.0,5522.78,Active
20250701,2025-07-01,E10390,D07,CC701,1.0,14128.29,Active
20250701,2025-07-01,E10392,D07,CC701,1.0,8860.82,Active
20250701,2025-07-01,E10393,D07,CC701,1.0,10414.01,Active
20250701,2025-07-01,E10394,D07,CC701,1.0,14678.43,Active
20250701,2025-07-01,E10396,D07,CC701,1.0,13127.13,Active
20250701,2025-07-01,E10397,D07,CC701,1.0,13191.78,Active
20250701,2025-07-01,E10398,D07,CC701,1.0,9017.63,Active
20250701,2025-07-01,E10399,D07,CC701,1.0,6025.12,Active
20250701,2025-07-01,E10401,D07,CC701,1.0,9085.46,Active
20250701,2025-07-01,E10402,D07,CC701,1.0,9763.67,Active
20250701,2025-07-01,E10403,D08,CC802,1.0,7577.8,Active
20250701,2025-07-01,E10404,D08,CC801,1.0,13691.02,Active
20250701,2025-07-01,E10405,D08,CC801,1.0,7211.42,Active
20250701,2025-07-01,E10407,D08,CC801,1.0,13465.71,Active
20250701,2025-07-01,E10408,D08,CC801,1.0,11784.49,Active
20250701,2025-07-01,E10409,D08,CC801,1.0,10037.47,Active
20250701,2025-07-01,E10410,D08,CC801,1.0,7359.35,Active
20250701,2025-07-01,E10411,D08,CC802,1.0,12427.12,Active
20250701,2025-07-01,E10412,D08,CC801,1.0,9925.46,Active
20250701,2025-07-01,E10413,D08,CC801,1.0,10846.09,Active
20250701,2025-07-01,E10414,D08,CC801,1.0,16053.61,Active
20250701,2025-07-01,E10417,D08,CC801,1.0,12650.15,Active
20250701,2025-07-01,E10418,D08,CC802,1.0,16028.21,Active
20250701,2025-07-01,E10419,D08,CC801,1.0,6542.55,Active
20250701,2025-07-01,E10420,D08,CC802,0.8,9852.03,Active
20250701,2025-07-01,E10421,D08,CC801,1.0,6583.44,Active
20250701,2025-07-01,E10423,D08,CC802,1.0,11342.92,Active
20250701,2025-07-01,E10424,D08,CC801,1.0,11764.22,Active
20250701,2025-07-01,E10425,D08,CC801,1.0,15233.09,Active
20250701,2025-07-01,E10427,D08,CC801,1.0,6891.06,Active
20250701,2025-07-01,E10428,D08,CC801,1.0,14678.46,Active
20250701,2025-07-01,E10429,D08,CC802,0.8,8743.84,Active
20250701,2025-07-01,E10431,D08,CC802,1.0,15628.33,Active
20250701,2025-07-01,E10434,D08,CC801,1.0,5982.13,Active
20250701,2025-07-01,E10435,D08,CC801,1.0,14678.34,Active
20250701,2025-07-01,E10436,D08,CC802,1.0,7798.28,Active
20250701,2025-07-01,E10437,D08,CC801,1.0,12172.9,Active
20250701,2025-07-01,E10439,D08,CC802,1.0,15566.37,Active
20250701,2025-07-01,E10440,D08,CC802,1.0,6263.56,Active
20250701,2025-07-01,E10441,D08,CC801,1.0,11466.07,Active
20250701,2025-07-01,E10442,D08,CC802,1.0,8865.96,Active
20250701,2025-07-01,E10443,D08,CC802,1.0,8203.89,Active
20250701,2025-07-01,E10444,D08,CC802,1.0,12782.69,Active
20250701,2025-07-01,E10445,D08,CC802,1.0,6440.5,Active
20250701,2025-07-01,E10446,D08,CC802,1.0,14203.93,Active
20250701,2025-07-01,E10447,D08,CC801,1.0,9506.13,Active
20250701,2025-07-01,E10448,D08,CC802,1.0,13282.26,Active
20250701,2025-07-01,E10451,D08,CC802,1.0,15786.72,Active
20250701,2025-07-01,E10452,D08,CC802,1.0,13495.52,Active
20250701,2025-07-01,E10454,D08,CC802,1.0,11658.79,Active
20250701,2025-07-01,E10455,D08,CC802,1.0,12320.52,Active
20250701,2025-07-01,E10456,D08,CC802,1.0,9957.52,Active
20250701,2025-07-01,E10457,D08,CC802,1.0,9249.74,Active
20250701,2025-07-01,E10459,D08,CC802,1.0,6356.54,Active
20250701,2025-07-01,E10460,D08,CC801,1.0,14594.11,Active
20250701,2025-07-01,E10461,D08,CC801,1.0,15614.42,Active
20250701,2025-07-01,E10463,D08,CC801,1.0,10084.58,Active
20250701,2025-07-01,E10465,D08,CC801,1.0,15247.64,Active
20250701,2025-07-01,E10466,D08,CC801,1.0,13604.77,Active
20250701,2025-07-01,E10468,D08,CC801,0.8,11929.27,Active
20250701,2025-07-01,E10469,D08,CC802,1.0,6913.47,Active
20250701,2025-07-01,E10470,D08,CC802,1.0,9602.19,Active
20250801,2025-08-01,E10001,D01,CC102,1.0,14587.33,Active
20250801,2025-08-01,E10002,D01,CC101,1.0,8392.52,Active
20250801,2025-08-01,E10003,D01,CC102,1.0,12517.39,Active
20250801,2025-08-01,E10004,D01,CC101,1.0,16387.83,Active
20250801,2025-08-01,E10005,D01,CC102,1.0,14093.35,Active
20250801,2025-08-01,E10006,D01,CC102,1.0,13500.21,Active
20250801,2025-08-01,E10007,D01,CC102,1.0,7388.91,Active
20250801,2025-08-01,E10008,D01,CC102,1.0,7279.57,Active
20250801,2025-08-01,E10009,D01,CC101,0.8,12738.61,Active
20250801,2025-08-01,E10010,D01,CC102,1.0,14070.03,Active
20250801,2025-08-01,E10013,D01,CC101,1.0,11899.69,Active
20250801,2025-08-01,E10014,D01,CC102,1.0,12168.98,Active
20250801,2025-08-01,E10015,D01,CC102,1.0,9129.69,Active
20250801,2025-08-01,E10016,D01,CC102,1.0,13286.74,Active
20250801,2025-08-01,E10018,D01,CC102,1.0,15375.29,Active
20250801,2025-08-01,E10019,D01,CC102,1.0,6880.78,Active
20250801,2025-08-01,E10020,D01,CC101,1.0,8608.61,Active
20250801,2025-08-01,E10022,D01,CC102,1.0,13293.68,Active
20250801,2025-08-01,E10023,D01,CC101,1.0,6293.44,Active
20250801,2025-08-01,E10024,D01,CC101,1.0,10375.44,Active
20250801,2025-08-01,E10025,D01,CC102,1.0,14952.49,Active
20250801,2025-08-01,E10026,D01,CC102,1.0,10458.17,Active
20250801,2025-08-01,E10028,D01,CC102,1.0,13418.89,Active
20250801,2025-08-01,E10029,D01,CC102,1.0,5625.26,Active
20250801,2025-08-01,E10030,D01,CC102,1.0,10486.64,Active
20250801,2025-08-01,E10032,D01,CC101,1.0,6427.1,Active
20250801,2025-08-01,E10033,D01,CC101,1.0,14338.87,Active
20250801,2025-08-01,E10034,D01,CC101,1.0,12360.15,Active
20250801,2025-08-01,E10035,D01,CC101,1.0,14756.64,Active
20250801,2025-08-01,E10036,D01,CC102,1.0,10407.02,Active
20250801,2025-08-01,E10037,D01,CC102,1.0,15086.81,Active
20250801,2025-08-01,E10038,D01,CC101,1.0,14765.36,Active
20250801,2025-08-01,E10039,D02,CC202,1.0,14351.89,Active
20250801,2025-08-01,E10040,D02,CC202,1.0,6580.99,Active
20250801,2025-08-01,E10041,D02,CC202,1.0,13441.42,Active
20250801,2025-08-01,E10042,D02,CC202,1.0,10678.36,Active
20250801,2025-08-01,E10043,D02,CC202,1.0,11105.82,Active
20250801,2025-08-01,E10045,D02,CC202,1.0,15484.79,Active
20250801,2025-08-01,E10046,D02,CC202,1.0,5689.84,Active
20250801,2025-08-01,E10047,D02,CC201,1.0,10195.56,Active
20250801,2025-08-01,E10049,D02,CC202,1.0,13300.89,Active
20250801,2025-08-01,E10050,D02,CC202,1.0,12640.67,Active
20250801,2025-08-01,E10051,D02,CC201,1.0,14674.57,Active
20250801,2025-08-01,E10052,D02,CC202,1.0,6431.26,Active
20250801,2025-08-01,E10053,D02,CC202,1.0,7144.28,Active
20250801,2025-08-01,E10054,D02,CC202,0.8,12591.09,Active
20250801,2025-08-01,E10055,D02,CC201,1.0,11480.42,Active
20250801,2025-08-01,E10056,D02,CC201,1.0,9322.79,Active
20250801,2025-08-01,E10057,D02,CC201,1.0,15270.19,Active
20250801,2025-08-01,E10058,D02,CC201,1.0,6741.74,Active
20250801,2025-08-01,E10059,D02,CC202,1.0,10671.86,Active
20250801,2025-08-01,E10060,D02,CC202,1.0,13735.85,Active
20250801,2025-08-01,E10061,D02,CC201,1.0,15051.32,Active
20250801,2025-08-01,E10062,D02,CC202,1.0,10192.56,Active
20250801,2025-08-01,E10063,D02,CC201,1.0,14045.57,Active
20250801,2025-08-01,E10065,D02,CC202,1.0,7110.08,Active
20250801,2025-08-01,E10066,D02,CC201,1.0,10835.35,Active
20250801,2025-08-01,E10067,D02,CC201,1.0,9156.0,Active
20250801,2025-08-01,E10068,D02,CC202,1.0,10237.11,Active
20250801,2025-08-01,E10069,D02,CC202,1.0,14120.71,Active
20250801,2025-08-01,E10070,D02,CC202,1.0,6415.35,Active
20250801,2025-08-01,E10071,D02,CC201,1.0,12652.37,Active
20250801,2025-08-01,E10073,D02,CC202,1.0,15181.8,Active
20250801,2025-08-01,E10074,D02,CC201,1.0,13734.05,Active
20250801,2025-08-01,E10075,D02,CC201,1.0,9817.78,Active
20250801,2025-08-01,E10076,D02,CC201,1.0,12513.22,Active
20250801,2025-08-01,E10078,D02,CC202,1.0,5577.16,Active
20250801,2025-08-01,E10080,D02,CC202,1.0,15092.34,Active
20250801,2025-08-01,E10081,D02,CC202,1.0,14039.68,Active
20250801,2025-08-01,E10082,D02,CC202,1.0,6391.06,Active
20250801,2025-08-01,E10083,D02,CC201,1.0,13539.0,Active
20250801,2025-08-01,E10086,D02,CC202,1.0,8139.95,Active
20250801,2025-08-01,E10087,D02,CC201,1.0,6701.84,Active
20250801,2025-08-01,E10088,D02,CC201,1.0,10870.87,Active
20250801,2025-08-01,E10089,D02,CC202,1.0,15594.93,Active
20250801,2025-08-01,E10090,D02,CC202,1.0,5510.83,Active
20250801,2025-08-01,E10091,D02,CC201,1.0,16121.64,Active
20250801,2025-08-01,E10092,D02,CC201,1.0,12739.23,Active
20250801,2025-08-01,E10093,D02,CC202,1.0,8214.44,Active
20250801,2025-08-01,E10095,D02,CC201,1.0,14507.62,Active
20250801,2025-08-01,E10096,D02,CC202,1.0,10667.35,Active
20250801,2025-08-01,E10097,D02,CC202,0.8,8957.62,Active
20250801,2025-08-01,E10098,D02,CC202,1.0,12396.82,Active
20250801,2025-08-01,E10099,D02,CC201,1.0,9943.79,Active
20250801,2025-08-01,E10100,D02,CC202,1.0,10765.0,Active
20250801,2025-08-01,E10101,D02,CC201,1.0,11023.31,Active
20250801,2025-08-01,E10102,D02,CC201,1.0,5779.51,Active
20250801,2025-08-01,E10104,D02,CC201,1.0,11726.63,Active
20250801,2025-08-01,E10106,D02,CC201,1.0,5732.98,Active
20250801,2025-08-01,E10107,D02,CC202,1.0,10017.23,Active
20250801,2025-08-01,E10108,D02,CC202,1.0,14310.21,Active
20250801,2025-08-01,E10109,D02,CC201,1.0,9146.82,Active
20250801,2025-08-01,E10110,D02,CC202,1.0,8842.51,Active
20250801,2025-08-01,E10111,D02,CC201,1.0,10596.84,Active
20250801,2025-08-01,E10112,D02,CC202,1.0,10467.31,Active
20250801,2025-08-01,E10113,D02,CC201,1.0,13225.58,Active
20250801,2025-08-01,E10115,D02,CC202,1.0,5928.86,Active
20250801,2025-08-01,E10116,D02,CC201,1.0,14950.89,Active
20250801,2025-08-01,E10119,D02,CC201,1.0,11237.14,Active
20250801,2025-08-01,E10121,D02,CC201,1.0,11172.72,Active
20250801,2025-08-01,E10122,D02,CC202,1.0,8098.79,Active
20250801,2025-08-01,E10123,D02,CC202,1.0,11939.07,Active
20250801,2025-08-01,E10125,D02,CC202,1.0,8839.13,Active
20250801,2025-08-01,E10126,D02,CC202,1.0,11261.67,Active
20250801,2025-08-01,E10127,D02,CC201,1.0,13841.58,Active
20250801,2025-08-01,E10128,D02,CC201,1.0,12807.09,Active
20250801,2025-08-01,E10130,D02,CC202,1.0,8835.93,Active
20250801,2025-08-01,E10131,D03,CC301,1.0,15508.0,Active
20250801,2025-08-01,E10132,D03,CC301,1.0,13651.8,Active
20250801,2025-08-01,E10133,D03,CC301,1.0,10992.47,Active
20250801,2025-08-01,E10134,D03,CC301,1.0,11429.61,Active
20250801,2025-08-01,E10135,D03,CC301,1.0,15245.13,Active
20250801,2025-08-01,E10136,D03,CC301,1.0,11790.21,Active
20250801,2025-08-01,E10137,D03,CC301,1.0,12550.96,Active
20250801,2025-08-01,E10138,D03,CC301,1.0,10232.98,Active
20250801,2025-08-01,E10139,D03,CC301,1.0,15962.41,Active
20250801,2025-08-01,E10141,D03,CC301,1.0,15826.16,Active
20250801,2025-08-01,E10142,D03,CC301,1.0,15425.17,Active
20250801,2025-08-01,E10144,D03,CC301,0.8,8788.35,Active
20250801,2025-08-01,E10145,D03,CC301,1.0,11552.56,Active
20250801,2025-08-01,E10146,D03,CC301,0.8,5425.18,Active
20250801,2025-08-01,E10149,D03,CC301,0.8,10492.37,Active
20250801,2025-08-01,E10150,D03,CC301,1.0,8990.39,Active
20250801,2025-08-01,E10151,D03,CC301,1.0,9025.75,Active
20250801,2025-08-01,E10152,D03,CC301,1.0,5532.1,Active
20250801,2025-08-01,E10153,D03,CC301,1.0,15285.94,Active
20250801,2025-08-01,E10154,D03,CC301,1.0,13983.58,Active
20250801,2025-08-01,E10156,D03,CC301,1.0,9396.03,Active
20250801,2025-08-01,E10157,D03,CC301,1.0,9546.74,Active
20250801,2025-08-01,E10158,D03,CC301,1.0,13797.02,Active
20250801,2025-08-01,E10159,D03,CC301,1.0,12287.23,Active
20250801,2025-08-01,E10160,D03,CC301,1.0,15850.26,Active
20250801,2025-08-01,E10161,D03,CC301,1.0,13173.78,Active
20250801,2025-08-01,E10162,D03,CC301,1.0,14383.6,Active
20250801,2025-08-01,E10163,D03,CC301,1.0,11649.18,Active
20250801,2025-08-01,E10164,D03,CC301,1.0,12603.13,Active
20250801,2025-08-01,E10165,D03,CC301,1.0,13614.34,Active
20250801,2025-08-01,E10166,D03,CC301,1.0,14571.21,Active
20250801,2025-08-01,E10167,D03,CC301,1.0,5653.64,Active
20250801,2025-08-01,E10169,D03,CC301,1.0,8867.08,Active
20250801,2025-08-01,E10170,D03,CC301,1.0,11049.24,Active
20250801,2025-08-01,E10171,D03,CC301,1.0,5897.2,Active
20250801,2025-08-01,E10172,D03,CC301,1.0,9968.28,Active
20250801,2025-08-01,E10173,D03,CC301,1.0,9109.88,Active
20250801,2025-08-01,E10174,D03,CC301,1.0,10058.57,Active
20250801,2025-08-01,E10175,D03,CC301,1.0,9089.18,Active
20250801,2025-08-01,E10176,D03,CC301,1.0,14100.5,Active
20250801,2025-08-01,E10177,D03,CC301,1.0,10519.54,Active
20250801,2025-08-01,E10178,D03,CC301,1.0,10975.29,Active
20250801,2025-08-01,E10179,D03,CC301,1.0,12244.45,Active
20250801,2025-08-01,E10180,D03,CC301,1.0,6390.18,Active
20250801,2025-08-01,E10181,D03,CC301,1.0,15034.2,Active
20250801,2025-08-01,E10182,D03,CC301,1.0,10184.08,Active
20250801,2025-08-01,E10185,D03,CC301,1.0,13921.45,Active
20250801,2025-08-01,E10186,D03,CC301,1.0,13995.33,Active
20250801,2025-08-01,E10187,D03,CC301,1.0,12696.31,Active
20250801,2025-08-01,E10188,D03,CC301,1.0,11731.48,Active
20250801,2025-08-01,E10189,D03,CC301,1.0,11857.74,Active
20250801,2025-08-01,E10191,D03,CC301,1.0,12144.09,Active
20250801,2025-08-01,E10192,D03,CC301,1.0,5965.59,Active
20250801,2025-08-01,E10193,D03,CC301,1.0,10983.12,Active
20250801,2025-08-01,E10194,D03,CC301,1.0,11289.66,Active
20250801,2025-08-01,E10195,D03,CC301,1.0,11956.37,Active
20250801,2025-08-01,E10196,D03,CC301,1.0,10968.66,Active
20250801,2025-08-01,E10197,D03,CC301,1.0,14437.83,Active
20250801,2025-08-01,E10198,D03,CC301,1.0,15899.75,Active
20250801,2025-08-01,E10199,D03,CC301,1.0,12586.61,Active
20250801,2025-08-01,E10202,D04,CC401,1.0,15339.62,Active
20250801,2025-08-01,E10203,D04,CC401,1.0,12322.97,Active
20250801,2025-08-01,E10204,D04,CC401,1.0,8123.05,Active
20250801,2025-08-01,E10205,D04,CC401,1.0,7431.72,Active
20250801,2025-08-01,E10206,D04,CC401,1.0,5739.75,Active
20250801,2025-08-01,E10207,D04,CC401,1.0,7487.95,Active
20250801,2025-08-01,E10208,D04,CC401,1.0,7598.33,Active
20250801,2025-08-01,E10209,D04,CC401,1.0,8269.41,Active
20250801,2025-08-01,E10210,D04,CC401,1.0,8174.76,Active
20250801,2025-08-01,E10211,D04,CC401,1.0,8348.92,Active
20250801,2025-08-01,E10212,D04,CC401,1.0,7013.69,Active
20250801,2025-08-01,E10213,D04,CC401,1.0,8784.51,Active
20250801,2025-08-01,E10214,D04,CC401,1.0,12600.51,Active
20250801,2025-08-01,E10215,D04,CC401,1.0,13993.49,Active
20250801,2025-08-01,E10217,D04,CC401,1.0,13664.27,Active
20250801,2025-08-01,E10219,D04,CC401,1.0,8446.38,Active
20250801,2025-08-01,E10221,D04,CC401,1.0,13910.35,Active
20250801,2025-08-01,E10222,D04,CC401,1.0,13638.4,Active
20250801,2025-08-01,E10223,D04,CC401,1.0,7330.96,Active
20250801,2025-08-01,E10225,D04,CC401,1.0,9868.01,Active
20250801,2025-08-01,E10226,D04,CC401,1.0,7635.81,Active
20250801,2025-08-01,E10227,D04,CC401,1.0,9987.73,Active
20250801,2025-08-01,E10230,D04,CC401,1.0,10583.26,Active
20250801,2025-08-01,E10231,D04,CC401,1.0,10186.61,Active
20250801,2025-08-01,E10232,D04,CC401,1.0,9534.24,Active
20250801,2025-08-01,E10233,D04,CC401,1.0,12342.33,Active
20250801,2025-08-01,E10234,D04,CC401,1.0,10886.06,Active
20250801,2025-08-01,E10235,D04,CC401,1.0,6540.65,Active
20250801,2025-08-01,E10236,D04,CC401,1.0,9027.0,Active
20250801,2025-08-01,E10237,D04,CC401,1.0,14361.24,Active
20250801,2025-08-01,E10238,D04,CC401,1.0,16379.72,Active
20250801,2025-08-01,E10239,D04,CC401,0.8,6857.17,Active
20250801,2025-08-01,E10240,D04,CC401,1.0,14218.29,Active
20250801,2025-08-01,E10241,D04,CC401,1.0,16190.84,Active
20250801,2025-08-01,E10242,D04,CC401,1.0,13192.07,Active
20250801,2025-08-01,E10243,D04,CC401,0.8,9521.8,Active
20250801,2025-08-01,E10244,D04,CC401,1.0,6451.13,Active
20250801,2025-08-01,E10245,D04,CC401,1.0,13001.91,Active
20250801,2025-08-01,E10246,D04,CC401,1.0,11581.51,Active
20250801,2025-08-01,E10247,D04,CC401,1.0,6797.99,Active
20250801,2025-08-01,E10248,D04,CC401,1.0,14522.58,Active
20250801,2025-08-01,E10249,D05,CC502,1.0,12868.67,Active
20250801,2025-08-01,E10251,D05,CC502,1.0,15645.56,Active
20250801,2025-08-01,E10253,D05,CC502,1.0,9658.69,Active
20250801,2025-08-01,E10254,D05,CC502,1.0,9055.43,Active
20250801,2025-08-01,E10255,D05,CC501,1.0,12822.35,Active
20250801,2025-08-01,E10256,D05,CC501,1.0,11912.58,Active
20250801,2025-08-01,E10257,D05,CC502,1.0,15202.8,Active
20250801,2025-08-01,E10258,D05,CC501,1.0,8561.06,Active
20250801,2025-08-01,E10259,D05,CC502,1.0,5534.26,Active
20250801,2025-08-01,E10260,D05,CC501,1.0,16287.54,Active
20250801,2025-08-01,E10262,D05,CC502,1.0,7642.32,Active
20250801,2025-08-01,E10263,D05,CC502,1.0,11716.84,Active
20250801,2025-08-01,E10265,D05,CC502,1.0,16331.94,Active
20250801,2025-08-01,E10266,D05,CC501,1.0,12006.22,Active
20250801,2025-08-01,E10268,D05,CC501,1.0,5927.83,Active
20250801,2025-08-01,E10269,D05,CC502,1.0,15284.44,Active
20250801,2025-08-01,E10270,D05,CC501,1.0,14411.71,Active
20250801,2025-08-01,E10271,D05,CC502,1.0,15325.18,Active
20250801,2025-08-01,E10272,D05,CC501,0.8,10152.13,Active
20250801,2025-08-01,E10273,D05,CC501,1.0,5878.61,Active
20250801,2025-08-01,E10274,D05,CC501,1.0,11203.96,Active
20250801,2025-08-01,E10275,D05,CC501,1.0,9815.65,Active
20250801,2025-08-01,E10276,D05,CC502,1.0,10841.22,Active
20250801,2025-08-01,E10277,D05,CC501,1.0,8205.48,Active
20250801,2025-08-01,E10278,D05,CC502,1.0,9552.28,Active
20250801,2025-08-01,E10279,D05,CC501,1.0,5611.48,Active
20250801,2025-08-01,E10280,D05,CC502,1.0,13543.94,Active
20250801,2025-08-01,E10281,D05,CC502,1.0,12596.19,Active
20250801,2025-08-01,E10282,D05,CC501,1.0,8414.11,Active
20250801,2025-08-01,E10283,D05,CC501,1.0,12089.16,Active
20250801,2025-08-01,E10284,D05,CC501,1.0,13434.87,Active
20250801,2025-08-01,E10285,D05,CC502,1.0,5553.93,Active
20250801,2025-08-01,E10286,D05,CC501,1.0,7382.56,Active
20250801,2025-08-01,E10288,D05,CC501,1.0,10295.22,Active
20250801,2025-08-01,E10289,D05,CC501,1.0,13712.97,Active
20250801,2025-08-01,E10290,D05,CC501,1.0,7556.24,Active
20250801,2025-08-01,E10291,D05,CC501,1.0,9131.83,Active
20250801,2025-08-01,E10292,D05,CC501,1.0,14889.78,Active
20250801,2025-08-01,E10293,D05,CC502,1.0,6618.96,Active
20250801,2025-08-01,E10294,D05,CC501,1.0,7517.54,Active
20250801,2025-08-01,E10296,D05,CC502,1.0,7392.5,Active
20250801,2025-08-01,E10297,D05,CC501,1.0,10408.36,Active
20250801,2025-08-01,E10298,D05,CC501,1.0,9371.7,Active
20250801,2025-08-01,E10299,D05,CC502,1.0,13762.3,Active
20250801,2025-08-01,E10300,D05,CC501,1.0,14141.18,Active
20250801,2025-08-01,E10301,D05,CC502,1.0,11874.65,Active
20250801,2025-08-01,E10302,D05,CC502,1.0,12262.75,Active
20250801,2025-08-01,E10303,D05,CC502,0.8,9678.0,Active
20250801,2025-08-01,E10304,D05,CC501,1.0,13509.94,Active
20250801,2025-08-01,E10305,D05,CC502,1.0,15267.79,Active
20250801,2025-08-01,E10306,D05,CC501,1.0,13731.58,Active
20250801,2025-08-01,E10307,D05,CC501,1.0,10795.21,Active
20250801,2025-08-01,E10308,D05,CC501,1.0,12411.31,Active
20250801,2025-08-01,E10310,D05,CC501,1.0,12321.23,Active
20250801,2025-08-01,E10312,D05,CC502,1.0,13421.98,Active
20250801,2025-08-01,E10313,D05,CC501,1.0,6086.31,Active
20250801,2025-08-01,E10314,D05,CC502,1.0,9519.06,Active
20250801,2025-08-01,E10315,D05,CC502,1.0,5537.47,Active
20250801,2025-08-01,E10316,D05,CC501,1.0,5996.84,Active
20250801,2025-08-01,E10317,D05,CC501,1.0,7404.19,Active
20250801,2025-08-01,E10318,D05,CC502,1.0,10150.53,Active
20250801,2025-08-01,E10319,D05,CC502,1.0,7656.17,Active
20250801,2025-08-01,E10320,D05,CC502,1.0,8674.44,Active
20250801,2025-08-01,E10321,D05,CC501,1.0,13770.64,Active
20250801,2025-08-01,E10322,D05,CC502,1.0,7282.5,Active
20250801,2025-08-01,E10323,D05,CC501,1.0,13521.69,Active
20250801,2025-08-01,E10324,D05,CC501,1.0,10174.91,Active
20250801,2025-08-01,E10325,D06,CC601,0.8,5679.82,Active
20250801,2025-08-01,E10326,D06,CC601,1.0,8824.28,Active
20250801,2025-08-01,E10327,D06,CC601,1.0,10725.78,Active
20250801,2025-08-01,E10328,D06,CC601,1.0,7537.64,Active
20250801,2025-08-01,E10329,D06,CC601,1.0,13397.97,Active
20250801,2025-08-01,E10330,D06,CC601,1.0,9896.03,Active
20250801,2025-08-01,E10331,D06,CC601,1.0,8713.48,Active
20250801,2025-08-01,E10332,D06,CC601,1.0,16121.11,Active
20250801,2025-08-01,E10333,D06,CC601,1.0,7161.61,Active
20250801,2025-08-01,E10334,D06,CC601,1.0,13709.07,Active
20250801,2025-08-01,E10336,D06,CC601,1.0,15462.77,Active
20250801,2025-08-01,E10337,D06,CC601,1.0,15506.08,Active
20250801,2025-08-01,E10338,D06,CC601,0.8,9875.26,Active
20250801,2025-08-01,E10340,D06,CC601,1.0,15628.28,Active
20250801,2025-08-01,E10341,D06,CC601,1.0,12421.98,Active
20250801,2025-08-01,E10342,D06,CC601,1.0,15931.03,Active
20250801,2025-08-01,E10344,D06,CC601,1.0,8770.91,Active
20250801,2025-08-01,E10346,D06,CC601,1.0,13740.83,Active
20250801,2025-08-01,E10347,D06,CC601,1.0,7789.45,Active
20250801,2025-08-01,E10348,D06,CC601,1.0,14224.12,Active
20250801,2025-08-01,E10349,D06,CC601,1.0,11111.07,Active
20250801,2025-08-01,E10350,D06,CC601,1.0,9438.2,Active
20250801,2025-08-01,E10351,D06,CC601,1.0,10914.29,Active
20250801,2025-08-01,E10352,D06,CC601,1.0,7788.69,Active
20250801,2025-08-01,E10353,D06,CC601,1.0,14284.73,Active
20250801,2025-08-01,E10354,D06,CC601,1.0,14768.34,Active
20250801,2025-08-01,E10356,D06,CC601,1.0,6167.72,Active
20250801,2025-08-01,E10359,D07,CC701,1.0,13984.62,Active
20250801,2025-08-01,E10361,D07,CC701,1.0,9135.01,Active
20250801,2025-08-01,E10362,D07,CC701,1.0,15226.78,Active
20250801,2025-08-01,E10363,D07,CC701,1.0,12687.76,Active
20250801,2025-08-01,E10365,D07,CC701,1.0,12955.0,Active
20250801,2025-08-01,E10366,D07,CC701,1.0,14791.69,Active
20250801,2025-08-01,E10367,D07,CC701,1.0,12149.37,Active
20250801,2025-08-01,E10369,D07,CC701,1.0,15006.45,Active
20250801,2025-08-01,E10370,D07,CC701,1.0,10611.04,Active
20250801,2025-08-01,E10371,D07,CC701,1.0,15629.06,Active
20250801,2025-08-01,E10372,D07,CC701,1.0,8637.26,Active
20250801,2025-08-01,E10373,D07,CC701,1.0,14985.95,Active
20250801,2025-08-01,E10374,D07,CC701,1.0,6437.85,Active
20250801,2025-08-01,E10375,D07,CC701,1.0,15808.04,Active
20250801,2025-08-01,E10377,D07,CC701,1.0,13168.21,Active
20250801,2025-08-01,E10378,D07,CC701,1.0,13864.55,Active
20250801,2025-08-01,E10379,D07,CC701,1.0,15782.54,Active
20250801,2025-08-01,E10380,D07,CC701,1.0,12384.12,Active
20250801,2025-08-01,E10381,D07,CC701,1.0,9072.95,Active
20250801,2025-08-01,E10383,D07,CC701,1.0,13566.46,Active
20250801,2025-08-01,E10385,D07,CC701,1.0,8636.62,Active
20250801,2025-08-01,E10386,D07,CC701,1.0,11846.1,Active
20250801,2025-08-01,E10387,D07,CC701,1.0,6871.43,Active
20250801,2025-08-01,E10388,D07,CC701,1.0,5509.72,Active
20250801,2025-08-01,E10390,D07,CC701,1.0,14105.82,Active
20250801,2025-08-01,E10392,D07,CC701,1.0,8954.89,Active
20250801,2025-08-01,E10393,D07,CC701,1.0,10415.93,Active
20250801,2025-08-01,E10394,D07,CC701,1.0,14692.83,Active
20250801,2025-08-01,E10396,D07,CC701,0.8,10494.86,Active
20250801,2025-08-01,E10397,D07,CC701,0.8,10553.52,Active
20250801,2025-08-01,E10398,D07,CC701,1.0,9139.21,Active
20250801,2025-08-01,E10399,D07,CC701,1.0,6056.12,Active
20250801,2025-08-01,E10400,D07,CC701,1.0,8651.92,Active
20250801,2025-08-01,E10401,D07,CC701,1.0,9080.68,Active
20250801,2025-08-01,E10402,D07,CC701,1.0,9640.65,Active
20250801,2025-08-01,E10403,D08,CC802,1.0,7501.46,Active
20250801,2025-08-01,E10404,D08,CC801,1.0,13729.27,Active
20250801,2025-08-01,E10405,D08,CC801,1.0,7272.82,Active
20250801,2025-08-01,E10406,D08,CC801,1.0,8654.67,Active
20250801,2025-08-01,E10407,D08,CC801,1.0,13505.47,Active
20250801,2025-08-01,E10408,D08,CC801,1.0,11650.6,Active
20250801,2025-08-01,E10409,D08,CC801,1.0,10148.7,Active
20250801,2025-08-01,E10410,D08,CC801,1.0,7378.12,Active
20250801,2025-08-01,E10411,D08,CC802,1.0,12550.73,Active
20250801,2025-08-01,E10412,D08,CC801,1.0,9775.64,Active
20250801,2025-08-01,E10413,D08,CC801,1.0,10658.81,Active
20250801,2025-08-01,E10414,D08,CC801,1.0,16224.56,Active
20250801,2025-08-01,E10415,D08,CC802,1.0,12492.41,Active
20250801,2025-08-01,E10416,D08,CC801,1.0,6741.95,Active
20250801,2025-08-01,E10417,D08,CC801,1.0,12745.64,Active
20250801,2025-08-01,E10418,D08,CC802,1.0,16236.92,Active
20250801,2025-08-01,E10419,D08,CC801,1.0,6515.62,Active
20250801,2025-08-01,E10420,D08,CC802,1.0,12387.25,Active
20250801,2025-08-01,E10421,D08,CC801,1.0,6546.16,Active
20250801,2025-08-01,E10423,D08,CC802,1.0,11306.44,Active
20250801,2025-08-01,E10424,D08,CC801,1.0,11844.28,Active
20250801,2025-08-01,E10425,D08,CC801,1.0,15136.62,Active
20250801,2025-08-01,E10427,D08,CC801,1.0,6811.84,Active
20250801,2025-08-01,E10428,D08,CC801,1.0,14697.17,Active
20250801,2025-08-01,E10429,D08,CC802,1.0,10913.14,Active
20250801,2025-08-01,E10431,D08,CC802,1.0,15761.07,Active
20250801,2025-08-01,E10434,D08,CC801,1.0,5931.54,Active
20250801,2025-08-01,E10435,D08,CC801,1.0,14601.88,Active
20250801,2025-08-01,E10436,D08,CC802,1.0,7845.52,Active
20250801,2025-08-01,E10437,D08,CC801,1.0,12140.07,Active
20250801,2025-08-01,E10439,D08,CC802,1.0,15546.37,Active
20250801,2025-08-01,E10440,D08,CC802,1.0,6215.93,Active
20250801,2025-08-01,E10441,D08,CC801,0.8,9253.5,Active
20250801,2025-08-01,E10442,D08,CC802,1.0,8841.25,Active
20250801,2025-08-01,E10443,D08,CC802,1.0,8190.92,Active
20250801,2025-08-01,E10444,D08,CC802,1.0,12791.75,Active
20250801,2025-08-01,E10445,D08,CC802,1.0,6441.25,Active
20250801,2025-08-01,E10446,D08,CC802,1.0,13954.01,Active
20250801,2025-08-01,E10447,D08,CC801,1.0,9463.33,Active
20250801,2025-08-01,E10448,D08,CC802,1.0,13427.0,Active
20250801,2025-08-01,E10451,D08,CC802,1.0,15712.59,Active
20250801,2025-08-01,E10452,D08,CC802,1.0,13453.5,Active
20250801,2025-08-01,E10453,D08,CC801,1.0,8275.11,Active
20250801,2025-08-01,E10454,D08,CC802,1.0,11688.31,Active
20250801,2025-08-01,E10455,D08,CC802,1.0,12433.95,Active
20250801,2025-08-01,E10456,D08,CC802,1.0,10079.53,Active
20250801,2025-08-01,E10457,D08,CC802,1.0,9244.6,Active
20250801,2025-08-01,E10459,D08,CC802,1.0,6451.49,Active
20250801,2025-08-01,E10460,D08,CC801,1.0,14548.81,Active
20250801,2025-08-01,E10461,D08,CC801,1.0,15822.38,Active
20250801,2025-08-01,E10463,D08,CC801,1.0,10117.7,Active
20250801,2025-08-01,E10464,D08,CC801,1.0,12804.45,Active
20250801,2025-08-01,E10465,D08,CC801,1.0,15197.56,Active
20250801,2025-08-01,E10466,D08,CC801,1.0,13644.78,Active
20250801,2025-08-01,E10468,D08,CC801,1.0,14990.8,Active
20250801,2025-08-01,E10469,D08,CC802,1.0,6944.26,Active
20250801,2025-08-01,E10470,D08,CC802,1.0,9601.99,Active
20250901,2025-09-01,E10001,D01,CC102,1.0,14485.89,Active
20250901,2025-09-01,E10002,D01,CC101,1.0,8453.91,Active
20250901,2025-09-01,E10003,D01,CC102,1.0,12575.16,Active
20250901,2025-09-01,E10004,D01,CC101,0.8,13049.39,Active
20250901,2025-09-01,E10005,D01,CC102,1.0,14110.82,Active
20250901,2025-09-01,E10006,D01,CC102,1.0,13415.43,Active
20250901,2025-09-01,E10007,D01,CC102,1.0,7393.9,Active
20250901,2025-09-01,E10008,D01,CC102,0.8,5760.15,Active
20250901,2025-09-01,E10009,D01,CC101,1.0,15671.04,Active
20250901,2025-09-01,E10010,D01,CC102,1.0,14001.14,Active
20250901,2025-09-01,E10012,D01,CC102,1.0,10291.8,Active
20250901,2025-09-01,E10013,D01,CC101,1.0,12007.13,Active
20250901,2025-09-01,E10014,D01,CC102,1.0,12096.76,Active
20250901,2025-09-01,E10015,D01,CC102,1.0,9237.05,Active
20250901,2025-09-01,E10016,D01,CC102,1.0,13102.91,Active
20250901,2025-09-01,E10017,D01,CC102,1.0,11142.94,Active
20250901,2025-09-01,E10018,D01,CC102,1.0,15219.69,Active
20250901,2025-09-01,E10019,D01,CC102,1.0,6893.49,Active
20250901,2025-09-01,E10020,D01,CC101,1.0,8594.05,Active
20250901,2025-09-01,E10021,D01,CC102,1.0,11052.51,Active
20250901,2025-09-01,E10022,D01,CC102,1.0,13119.45,Active
20250901,2025-09-01,E10023,D01,CC101,1.0,6371.25,Active
20250901,2025-09-01,E10024,D01,CC101,1.0,10386.43,Active
20250901,2025-09-01,E10025,D01,CC102,1.0,14976.13,Active
20250901,2025-09-01,E10026,D01,CC102,1.0,10428.64,Active
20250901,2025-09-01,E10028,D01,CC102,1.0,13471.1,Active
20250901,2025-09-01,E10029,D01,CC102,1.0,5683.02,Active
20250901,2025-09-01,E10030,D01,CC102,1.0,10370.13,Active
20250901,2025-09-01,E10032,D01,CC101,1.0,6407.13,Active
20250901,2025-09-01,E10033,D01,CC101,1.0,14167.31,Active
20250901,2025-09-01,E10034,D01,CC101,1.0,12493.32,Active
20250901,2025-09-01,E10035,D01,CC101,1.0,14708.14,Active
20250901,2025-09-01,E10036,D01,CC102,1.0,10513.08,Active
20250901,2025-09-01,E10037,D01,CC102,1.0,15171.92,Active
20250901,2025-09-01,E10038,D01,CC101,1.0,14715.94,Active
20250901,2025-09-01,E10039,D02,CC202,1.0,14539.91,Active
20250901,2025-09-01,E10040,D02,CC202,1.0,6528.86,Active
20250901,2025-09-01,E10041,D02,CC202,1.0,13358.07,Active
20250901,2025-09-01,E10042,D02,CC202,1.0,10745.69,Active
20250901,2025-09-01,E10043,D02,CC202,1.0,11229.93,Active
20250901,2025-09-01,E10045,D02,CC202,1.0,15465.12,Active
20250901,2025-09-01,E10046,D02,CC202,1.0,5739.83,Active
20250901,2025-09-01,E10047,D02,CC201,0.8,8137.83,Active
20250901,2025-09-01,E10049,D02,CC202,1.0,13402.32,Active
20250901,2025-09-01,E10050,D02,CC202,1.0,12613.45,Active
20250901,2025-09-01,E10051,D02,CC201,1.0,14455.74,Active
20250901,2025-09-01,E10052,D02,CC202,1.0,6400.27,Active
20250901,2025-09-01,E10053,D02,CC202,1.0,7215.71,Active
20250901,2025-09-01,E10054,D02,CC202,1.0,15696.99,Active
20250901,2025-09-01,E10055,D02,CC201,1.0,11417.45,Active
20250901,2025-09-01,E10056,D02,CC201,1.0,9390.8,Active
20250901,2025-09-01,E10057,D02,CC201,1.0,15163.74,Active
20250901,2025-09-01,E10058,D02,CC201,1.0,6744.97,Active
20250901,2025-09-01,E10059,D02,CC202,1.0,10801.44,Active
20250901,2025-09-01,E10060,D02,CC202,1.0,13691.74,Active
20250901,2025-09-01,E10061,D02,CC201,1.0,14768.98,Active
20250901,2025-09-01,E10062,D02,CC202,0.8,8162.21,Active
20250901,2025-09-01,E10063,D02,CC201,1.0,14036.21,Active
20250901,2025-09-01,E10064,D02,CC201,1.0,7239.23,Active
20250901,2025-09-01,E10065,D02,CC202,1.0,7136.7,Active
20250901,2025-09-01,E10066,D02,CC201,1.0,10854.11,Active
20250901,2025-09-01,E10067,D02,CC201,1.0,9078.35,Active
20250901,2025-09-01,E10068,D02,CC202,1.0,10310.5,Active
20250901,2025-09-01,E10069,D02,CC202,1.0,14335.34,Active
20250901,2025-09-01,E10070,D02,CC202,1.0,6387.93,Active
20250901,2025-09-01,E10071,D02,CC201,1.0,12638.75,Active
20250901,2025-09-01,E10072,D02,CC202,1.0,7936.42,Active
20250901,2025-09-01,E10073,D02,CC202,1.0,15131.82,Active
20250901,2025-09-01,E10074,D02,CC201,1.0,13876.78,Active
20250901,2025-09-01,E10075,D02,CC201,1.0,9785.09,Active
20250901,2025-09-01,E10076,D02,CC201,1.0,12704.79,Active
20250901,2025-09-01,E10078,D02,CC202,1.0,5579.95,Active
20250901,2025-09-01,E10079,D02,CC202,1.0,7077.58,Active
20250901,2025-09-01,E10080,D02,CC202,1.0,14938.33,Active
20250901,2025-09-01,E10081,D02,CC202,1.0,13958.1,Active
20250901,2025-09-01,E10082,D02,CC202,1.0,6374.98,Active
20250901,2025-09-01,E10083,D02,CC201,1.0,13472.26,Active
20250901,2025-09-01,E10084,D02,CC201,1.0,8538.59,Active
20250901,2025-09-01,E10085,D02,CC201,1.0,11058.36,Active
20250901,2025-09-01,E10086,D02,CC202,1.0,8021.35,Active
20250901,2025-09-01,E10087,D02,CC201,1.0,6644.62,Active
20250901,2025-09-01,E10088,D02,CC201,1.0,10857.16,Active
20250901,2025-09-01,E10089,D02,CC202,0.8,12413.48,Active
20250901,2025-09-01,E10090,D02,CC202,1.0,5528.48,Active
20250901,2025-09-01,E10091,D02,CC201,1.0,16315.1,Active
20250901,2025-09-01,E10092,D02,CC201,1.0,12741.41,Active
20250901,2025-09-01,E10093,D02,CC202,1.0,8142.64,Active
20250901,2025-09-01,E10094,D02,CC202,0.8,11589.88,Active
20250901,2025-09-01,E10095,D02,CC201,1.0,14444.78,Active
20250901,2025-09-01,E10096,D02,CC202,1.0,10619.76,Active
20250901,2025-09-01,E10097,D02,CC202,1.0,11204.82,Active
20250901,2025-09-01,E10098,D02,CC202,1.0,12231.55,Active
20250901,2025-09-01,E10099,D02,CC201,1.0,9906.86,Active
20250901,2025-09-01,E10100,D02,CC202,1.0,10606.92,Active
20250901,2025-09-01,E10101,D02,CC201,1.0,11092.39,Active
20250901,2025-09-01,E10102,D02,CC201,1.0,5815.44,Active
20250901,2025-09-01,E10103,D02,CC202,1.0,15713.25,Active
20250901,2025-09-01,E10104,D02,CC201,1.0,11739.27,Active
20250901,2025-09-01,E10105,D02,CC202,1.0,9562.71,Active
20250901,2025-09-01,E10106,D02,CC201,1.0,5787.06,Active
20250901,2025-09-01,E10107,D02,CC202,1.0,9961.9,Active
20250901,2025-09-01,E10108,D02,CC202,1.0,14359.05,Active
20250901,2025-09-01,E10109,D02,CC201,0.8,7446.85,Active
20250901,2025-09-01,E10110,D02,CC202,1.0,8842.79,Active
20250901,2025-09-01,E10111,D02,CC201,1.0,10494.59,Active
20250901,2025-09-01,E10112,D02,CC202,1.0,10510.54,Active
20250901,2025-09-01,E10113,D02,CC201,1.0,13461.01,Active
20250901,2025-09-01,E10115,D02,CC202,1.0,5994.44,Active
20250901,2025-09-01,E10116,D02,CC201,1.0,14925.44,Active
20250901,2025-09-01,E10118,D02,CC201,0.8,9867.92,Active
20250901,2025-09-01,E10119,D02,CC201,1.0,11358.09,Active
20250901,2025-09-01,E10121,D02,CC201,1.0,11194.76,Active
20250901,2025-09-01,E10122,D02,CC202,1.0,8171.8,Active
20250901,2025-09-01,E10123,D02,CC202,1.0,11952.17,Active
20250901,2025-09-01,E10125,D02,CC202,1.0,8934.58,Active
20250901,2025-09-01,E10126,D02,CC202,1.0,11362.42,Active
20250901,2025-09-01,E10127,D02,CC201,1.0,13745.43,Active
20250901,2025-09-01,E10128,D02,CC201,1.0,12901.82,Active
20250901,2025-09-01,E10130,D02,CC202,1.0,8919.15,Active
20250901,2025-09-01,E10131,D03,CC301,1.0,15682.75,Active
20250901,2025-09-01,E10132,D03,CC301,1.0,13647.62,Active
20250901,2025-09-01,E10133,D03,CC301,1.0,10950.89,Active
20250901,2025-09-01,E10134,D03,CC301,1.0,11473.49,Active
20250901,2025-09-01,E10135,D03,CC301,1.0,15465.46,Active
20250901,2025-09-01,E10136,D03,CC301,1.0,11724.73,Active
20250901,2025-09-01,E10137,D03,CC301,1.0,12617.46,Active
20250901,2025-09-01,E10138,D03,CC301,1.0,10320.5,Active
20250901,2025-09-01,E10139,D03,CC301,1.0,16083.3,Active
20250901,2025-09-01,E10140,D03,CC301,1.0,15788.74,Active
20250901,2025-09-01,E10141,D03,CC301,1.0,15730.31,Active
20250901,2025-09-01,E10142,D03,CC301,1.0,15529.02,Active
20250901,2025-09-01,E10144,D03,CC301,1.0,11078.06,Active
20250901,2025-09-01,E10145,D03,CC301,1.0,11549.26,Active
20250901,2025-09-01,E10146,D03,CC301,1.0,6857.29,Active
20250901,2025-09-01,E10147,D03,CC301,1.0,14841.72,Active
20250901,2025-09-01,E10149,D03,CC301,1.0,13201.73,Active
20250901,2025-09-01,E10150,D03,CC301,1.0,8985.45,Active
20250901,2025-09-01,E10151,D03,CC301,1.0,8965.72,Active
20250901,2025-09-01,E10152,D03,CC301,1.0,5499.46,Active
20250901,2025-09-01,E10153,D03,CC301,1.0,15171.7,Active
20250901,2025-09-01,E10154,D03,CC301,0.8,11276.72,Active
20250901,2025-09-01,E10155,D03,CC301,1.0,12651.15,Active
20250901,2025-09-01,E10156,D03,CC301,1.0,9297.42,Active
20250901,2025-09-01,E10157,D03,CC301,1.0,9551.68,Active
20250901,2025-09-01,E10158,D03,CC301,1.0,13785.4,Active
20250901,2025-09-01,E10159,D03,CC301,1.0,12185.3,Active
20250901,2025-09-01,E10160,D03,CC301,1.0,15967.21,Active
20250901,2025-09-01,E10161,D03,CC301,1.0,12983.57,Active
20250901,2025-09-01,E10162,D03,CC301,1.0,14215.3,Active
20250901,2025-09-01,E10163,D03,CC301,1.0,11543.84,Active
20250901,2025-09-01,E10164,D03,CC301,1.0,12580.75,Active
20250901,2025-09-01,E10165,D03,CC301,1.0,13411.2,Active
20250901,2025-09-01,E10166,D03,CC301,1.0,14720.41,Active
20250901,2025-09-01,E10167,D03,CC301,1.0,5669.29,Active
20250901,2025-09-01,E10168,D03,CC301,1.0,5432.55,Active
20250901,2025-09-01,E10169,D03,CC301,1.0,8937.11,Active
20250901,2025-09-01,E10170,D03,CC301,1.0,11091.61,Active
20250901,2025-09-01,E10171,D03,CC301,1.0,5981.4,Active
20250901,2025-09-01,E10172,D03,CC301,1.0,9931.65,Active
20250901,2025-09-01,E10173,D03,CC301,1.0,9031.48,Active
20250901,2025-09-01,E10174,D03,CC301,1.0,10056.21,Active
20250901,2025-09-01,E10175,D03,CC301,1.0,9069.04,Active
20250901,2025-09-01,E10176,D03,CC301,1.0,14120.93,Active
20250901,2025-09-01,E10177,D03,CC301,1.0,10595.2,Active
20250901,2025-09-01,E10178,D03,CC301,1.0,11113.27,Active
20250901,2025-09-01,E10179,D03,CC301,1.0,12266.95,Active
20250901,2025-09-01,E10180,D03,CC301,1.0,6357.28,Active
20250901,2025-09-01,E10181,D03,CC301,1.0,15071.07,Active
20250901,2025-09-01,E10182,D03,CC301,1.0,10276.8,Active
20250901,2025-09-01,E10184,D03,CC301,1.0,9773.84,Active
20250901,2025-09-01,E10185,D03,CC301,1.0,13963.96,Active
20250901,2025-09-01,E10186,D03,CC301,1.0,13962.17,Active
20250901,2025-09-01,E10187,D03,CC301,1.0,12732.8,Active
20250901,2025-09-01,E10188,D03,CC301,1.0,11849.6,Active
20250901,2025-09-01,E10189,D03,CC301,1.0,11983.04,Active
20250901,2025-09-01,E10191,D03,CC301,1.0,12267.5,Active
20250901,2025-09-01,E10192,D03,CC301,1.0,5879.75,Active
20250901,2025-09-01,E10193,D03,CC301,1.0,10931.06,Active
20250901,2025-09-01,E10194,D03,CC301,1.0,11360.14,Active
20250901,2025-09-01,E10195,D03,CC301,1.0,11919.57,Active
20250901,2025-09-01,E10196,D03,CC301,1.0,11133.94,Active
20250901,2025-09-01,E10197,D03,CC301,1.0,14446.02,Active
20250901,2025-09-01,E10198,D03,CC301,1.0,15994.6,Active
20250901,2025-09-01,E10199,D03,CC301,1.0,12668.67,Active
20250901,2025-09-01,E10202,D04,CC401,1.0,15265.75,Active
20250901,2025-09-01,E10203,D04,CC401,1.0,12343.25,Active
20250901,2025-09-01,E10204,D04,CC401,1.0,7997.67,Active
20250901,2025-09-01,E10205,D04,CC401,1.0,7406.54,Active
20250901,2025-09-01,E10206,D04,CC401,1.0,5827.86,Active
20250901,2025-09-01,E10207,D04,CC401,1.0,7580.45,Active
20250901,2025-09-01,E10208,D04,CC401,1.0,7620.85,Active
20250901,2025-09-01,E10209,D04,CC401,1.0,8278.29,Active
20250901,2025-09-01,E10210,D04,CC401,1.0,8073.58,Active
20250901,2025-09-01,E10211,D04,CC401,1.0,8226.35,Active
20250901,2025-09-01,E10212,D04,CC401,1.0,6916.56,Active
20250901,2025-09-01,E10213,D04,CC401,1.0,8807.46,Active
20250901,2025-09-01,E10214,D04,CC401,1.0,12494.48,Active
20250901,2025-09-01,E10215,D04,CC401,1.0,14071.36,Active
20250901,2025-09-01,E10216,D04,CC401,1.0,9485.57,Active
20250901,2025-09-01,E10217,D04,CC401,1.0,13625.06,Active
20250901,2025-09-01,E10218,D04,CC401,1.0,7094.17,Active
20250901,2025-09-01,E10219,D04,CC401,1.0,8517.34,Active
20250901,2025-09-01,E10220,D04,CC401,1.0,15114.29,Active
20250901,2025-09-01,E10221,D04,CC401,1.0,13918.17,Active
20250901,2025-09-01,E10222,D04,CC401,1.0,13661.98,Active
20250901,2025-09-01,E10223,D04,CC401,1.0,7382.75,Active
20250901,2025-09-01,E10224,D04,CC401,1.0,13296.91,Active
20250901,2025-09-01,E10225,D04,CC401,1.0,9880.73,Active
20250901,2025-09-01,E10226,D04,CC401,1.0,7721.75,Active
20250901,2025-09-01,E10227,D04,CC401,1.0,10103.95,Active
20250901,2025-09-01,E10229,D04,CC401,1.0,8681.43,Active
20250901,2025-09-01,E10230,D04,CC401,1.0,10404.79,Active
20250901,2025-09-01,E10231,D04,CC401,0.8,8168.8,Active
20250901,2025-09-01,E10232,D04,CC401,0.8,7730.41,Active
20250901,2025-09-01,E10233,D04,CC401,1.0,12539.48,Active
20250901,2025-09-01,E10234,D04,CC401,1.0,10810.51,Active
20250901,2025-09-01,E10235,D04,CC401,1.0,6568.75,Active
20250901,2025-09-01,E10236,D04,CC401,1.0,9143.83,Active
20250901,2025-09-01,E10237,D04,CC401,1.0,14374.08,Active
20250901,2025-09-01,E10238,D04,CC401,1.0,16319.51,Active
20250901,2025-09-01,E10239,D04,CC401,1.0,8440.35,Active
20250901,2025-09-01,E10240,D04,CC401,1.0,14463.45,Active
20250901,2025-09-01,E10241,D04,CC401,1.0,16131.6,Active
20250901,2025-09-01,E10242,D04,CC401,1.0,13314.3,Active
20250901,2025-09-01,E10243,D04,CC401,1.0,11820.8,Active
20250901,2025-09-01,E10244,D04,CC401,1.0,6450.5,Active
20250901,2025-09-01,E10245,D04,CC401,1.0,13113.25,Active
20250901,2025-09-01,E10246,D04,CC401,1.0,11537.29,Active
20250901,2025-09-01,E10247,D04,CC401,1.0,6840.51,Active
20250901,2025-09-01,E10248,D04,CC401,1.0,14377.39,Active
20250901,2025-09-01,E10249,D05,CC502,1.0,12845.46,Active
20250901,2025-09-01,E10250,D05,CC501,1.0,11694.55,Active
20250901,2025-09-01,E10251,D05,CC502,1.0,15863.01,Active
20250901,2025-09-01,E10253,D05,CC502,1.0,9701.17,Active
20250901,2025-09-01,E10254,D05,CC502,1.0,9087.47,Active
20250901,2025-09-01,E10255,D05,CC501,1.0,12872.85,Active
20250901,2025-09-01,E10256,D05,CC501,1.0,12077.81,Active
20250901,2025-09-01,E10257,D05,CC502,1.0,15434.59,Active
20250901,2025-09-01,E10258,D05,CC501,1.0,8545.46,Active
20250901,2025-09-01,E10259,D05,CC502,1.0,5567.6,Active
20250901,2025-09-01,E10260,D05,CC501,1.0,16321.8,Active
20250901,2025-09-01,E10261,D05,CC502,1.0,13542.68,Active
20250901,2025-09-01,E10262,D05,CC502,1.0,7656.84,Active
20250901,2025-09-01,E10263,D05,CC502,1.0,11784.44,Active
20250901,2025-09-01,E10265,D05,CC502,1.0,16211.85,Active
20250901,2025-09-01,E10266,D05,CC501,1.0,11885.25,Active
20250901,2025-09-01,E10267,D05,CC502,1.0,11597.1,Active
20250901,2025-09-01,E10268,D05,CC501,1.0,5924.03,Active
20250901,2025-09-01,E10269,D05,CC502,1.0,15330.18,Active
20250901,2025-09-01,E10270,D05,CC501,1.0,14484.89,Active
20250901,2025-09-01,E10271,D05,CC502,1.0,15316.43,Active
20250901,2025-09-01,E10272,D05,CC501,0.8,10017.75,Active
20250901,2025-09-01,E10273,D05,CC501,1.0,5926.17,Active
20250901,2025-09-01,E10274,D05,CC501,1.0,11172.0,Active
20250901,2025-09-01,E10275,D05,CC501,1.0,9959.45,Active
20250901,2025-09-01,E10276,D05,CC502,1.0,10823.4,Active
20250901,2025-09-01,E10277,D05,CC501,1.0,8133.14,Active
20250901,2025-09-01,E10278,D05,CC502,1.0,9605.99,Active
20250901,2025-09-01,E10279,D05,CC501,1.0,5522.51,Active
20250901,2025-09-01,E10280,D05,CC502,1.0,13666.62,Active
20250901,2025-09-01,E10281,D05,CC502,1.0,12449.09,Active
20250901,2025-09-01,E10282,D05,CC501,1.0,8512.3,Active
20250901,2025-09-01,E10283,D05,CC501,1.0,12097.49,Active
20250901,2025-09-01,E10284,D05,CC501,1.0,13555.34,Active
20250901,2025-09-01,E10285,D05,CC502,1.0,5563.62,Active
20250901,2025-09-01,E10286,D05,CC501,1.0,7416.78,Active
20250901,2025-09-01,E10287,D05,CC501,1.0,12992.37,Active
20250901,2025-09-01,E10288,D05,CC501,1.0,10346.55,Active
20250901,2025-09-01,E10289,D05,CC501,1.0,13642.11,Active
20250901,2025-09-01,E10290,D05,CC501,1.0,7595.19,Active
20250901,2025-09-01,E10291,D05,CC501,1.0,9035.53,Active
20250901,2025-09-01,E10292,D05,CC501,1.0,15093.8,Active
20250901,2025-09-01,E10293,D05,CC502,1.0,6568.21,Active
20250901,2025-09-01,E10294,D05,CC501,1.0,7457.99,Active
20250901,2025-09-01,E10295,D05,CC501,1.0,10143.79,Active
20250901,2025-09-01,E10296,D05,CC502,1.0,7265.76,Active
20250901,2025-09-01,E10297,D05,CC501,0.8,8388.52,Active
20250901,2025-09-01,E10298,D05,CC501,1.0,9472.72,Active
20250901,2025-09-01,E10299,D05,CC502,1.0,13795.71,Active
20250901,2025-09-01,E10300,D05,CC501,1.0,14006.47,Active
20250901,2025-09-01,E10301,D05,CC502,1.0,12015.94,Active
20250901,2025-09-01,E10302,D05,CC502,1.0,12238.12,Active
20250901,2025-09-01,E10303,D05,CC502,1.0,11968.92,Active
20250901,2025-09-01,E10304,D05,CC501,1.0,13369.77,Active
20250901,2025-09-01,E10305,D05,CC502,1.0,15295.52,Active
20250901,2025-09-01,E10306,D05,CC501,0.8,10983.37,Active
20250901,2025-09-01,E10307,D05,CC501,1.0,10756.04,Active
20250901,2025-09-01,E10308,D05,CC501,1.0,12359.1,Active
20250901,2025-09-01,E10310,D05,CC501,1.0,12414.61,Active
20250901,2025-09-01,E10311,D05,CC502,1.0,10044.14,Active
20250901,2025-09-01,E10312,D05,CC502,1.0,13301.98,Active
20250901,2025-09-01,E10313,D05,CC501,1.0,6066.11,Active
20250901,2025-09-01,E10314,D05,CC502,1.0,9501.66,Active
20250901,2025-09-01,E10315,D05,CC502,1.0,5470.8,Active
20250901,2025-09-01,E10316,D05,CC501,1.0,5987.12,Active
20250901,2025-09-01,E10317,D05,CC501,1.0,7344.47,Active
20250901,2025-09-01,E10318,D05,CC502,1.0,10110.06,Active
20250901,2025-09-01,E10319,D05,CC502,1.0,7531.9,Active
20250901,2025-09-01,E10320,D05,CC502,1.0,8706.82,Active
20250901,2025-09-01,E10321,D05,CC501,1.0,13815.73,Active
20250901,2025-09-01,E10322,D05,CC502,1.0,7287.82,Active
20250901,2025-09-01,E10323,D05,CC501,1.0,13410.03,Active
20250901,2025-09-01,E10324,D05,CC501,1.0,10067.49,Active
20250901,2025-09-01,E10325,D06,CC601,1.0,7146.01,Active
20250901,2025-09-01,E10326,D06,CC601,1.0,8794.89,Active
20250901,2025-09-01,E10327,D06,CC601,1.0,10607.39,Active
20250901,2025-09-01,E10328,D06,CC601,1.0,7510.7,Active
20250901,2025-09-01,E10329,D06,CC601,1.0,13317.32,Active
20250901,2025-09-01,E10330,D06,CC601,1.0,9980.96,Active
20250901,2025-09-01,E10331,D06,CC601,1.0,8715.14,Active
20250901,2025-09-01,E10332,D06,CC601,1.0,16263.58,Active
20250901,2025-09-01,E10333,D06,CC601,0.8,5800.96,Active
20250901,2025-09-01,E10334,D06,CC601,1.0,13612.26,Active
20250901,2025-09-01,E10335,D06,CC601,1.0,12293.15,Active
20250901,2025-09-01,E10336,D06,CC601,1.0,15535.47,Active
20250901,2025-09-01,E10337,D06,CC601,1.0,15352.39,Active
20250901,2025-09-01,E10338,D06,CC601,1.0,12427.04,Active
20250901,2025-09-01,E10340,D06,CC601,1.0,15747.32,Active
20250901,2025-09-01,E10341,D06,CC601,1.0,12494.64,Active
20250901,2025-09-01,E10342,D06,CC601,1.0,16155.05,Active
20250901,2025-09-01,E10343,D06,CC601,1.0,14960.06,Active
20250901,2025-09-01,E10344,D06,CC601,0.8,6962.26,Active
20250901,2025-09-01,E10346,D06,CC601,1.0,13849.28,Active
20250901,2025-09-01,E10347,D06,CC601,1.0,7779.56,Active
20250901,2025-09-01,E10348,D06,CC601,1.0,14278.86,Active
20250901,2025-09-01,E10349,D06,CC601,1.0,11126.81,Active
20250901,2025-09-01,E10350,D06,CC601,1.0,9559.52,Active
20250901,2025-09-01,E10351,D06,CC601,1.0,10792.14,Active
20250901,2025-09-01,E10352,D06,CC601,1.0,7730.54,Active
20250901,2025-09-01,E10353,D06,CC601,1.0,14248.84,Active
20250901,2025-09-01,E10354,D06,CC601,1.0,14741.81,Active
20250901,2025-09-01,E10356,D06,CC601,1.0,6174.91,Active
20250901,2025-09-01,E10359,D07,CC701,1.0,14049.24,Active
20250901,2025-09-01,E10361,D07,CC701,1.0,9031.2,Active
20250901,2025-09-01,E10362,D07,CC701,1.0,14981.36,Active
20250901,2025-09-01,E10363,D07,CC701,1.0,12531.78,Active
20250901,2025-09-01,E10365,D07,CC701,1.0,12961.07,Active
20250901,2025-09-01,E10366,D07,CC701,1.0,14872.95,Active
20250901,2025-09-01,E10367,D07,CC701,1.0,12144.2,Active
20250901,2025-09-01,E10368,D07,CC701,1.0,7482.45,Active
20250901,2025-09-01,E10369,D07,CC701,1.0,14804.78,Active
20250901,2025-09-01,E10370,D07,CC701,1.0,10606.04,Active
20250901,2025-09-01,E10371,D07,CC701,1.0,15399.44,Active
20250901,2025-09-01,E10372,D07,CC701,1.0,8634.1,Active
20250901,2025-09-01,E10373,D07,CC701,1.0,14857.35,Active
20250901,2025-09-01,E10374,D07,CC701,1.0,6440.75,Active
20250901,2025-09-01,E10375,D07,CC701,1.0,15635.09,Active
20250901,2025-09-01,E10376,D07,CC701,1.0,7695.99,Active
20250901,2025-09-01,E10377,D07,CC701,1.0,13249.59,Active
20250901,2025-09-01,E10378,D07,CC701,1.0,13643.66,Active
20250901,2025-09-01,E10379,D07,CC701,1.0,15681.81,Active
20250901,2025-09-01,E10380,D07,CC701,1.0,12387.45,Active
20250901,2025-09-01,E10381,D07,CC701,1.0,9035.61,Active
20250901,2025-09-01,E10383,D07,CC701,1.0,13377.28,Active
20250901,2025-09-01,E10384,D07,CC701,1.0,10168.84,Active
20250901,2025-09-01,E10385,D07,CC701,1.0,8576.99,Active
20250901,2025-09-01,E10386,D07,CC701,1.0,11952.89,Active
20250901,2025-09-01,E10387,D07,CC701,1.0,6894.88,Active
20250901,2025-09-01,E10388,D07,CC701,1.0,5509.58,Active
20250901,2025-09-01,E10390,D07,CC701,1.0,14106.91,Active
20250901,2025-09-01,E10391,D07,CC701,1.0,11776.81,Active
20250901,2025-09-01,E10392,D07,CC701,1.0,8845.11,Active
20250901,2025-09-01,E10393,D07,CC701,1.0,10487.21,Active
20250901,2025-09-01,E10394,D07,CC701,1.0,14670.5,Active
20250901,2025-09-01,E10396,D07,CC701,1.0,13184.79,Active
20250901,2025-09-01,E10397,D07,CC701,1.0,13067.37,Active
20250901,2025-09-01,E10398,D07,CC701,0.8,7251.96,Active
20250901,2025-09-01,E10399,D07,CC701,1.0,6058.67,Active
20250901,2025-09-01,E10400,D07,CC701,1.0,8621.98,Active
20250901,2025-09-01,E10401,D07,CC701,1.0,9127.78,Active
20250901,2025-09-01,E10402,D07,CC701,1.0,9778.15,Active
20250901,2025-09-01,E10403,D08,CC802,1.0,7562.27,Active
20250901,2025-09-01,E10404,D08,CC801,1.0,13674.97,Active
20250901,2025-09-01,E10405,D08,CC801,1.0,7178.74,Active
20250901,2025-09-01,E10406,D08,CC801,1.0,8532.13,Active
20250901,2025-09-01,E10407,D08,CC801,1.0,13589.83,Active
20250901,2025-09-01,E10408,D08,CC801,1.0,11761.92,Active
20250901,2025-09-01,E10409,D08,CC801,1.0,10007.87,Active
20250901,2025-09-01,E10410,D08,CC801,1.0,7376.09,Active
20250901,2025-09-01,E10411,D08,CC802,1.0,12516.98,Active
20250901,2025-09-01,E10412,D08,CC801,1.0,9892.91,Active
20250901,2025-09-01,E10413,D08,CC801,1.0,10842.85,Active
20250901,2025-09-01,E10414,D08,CC801,1.0,16056.59,Active
20250901,2025-09-01,E10415,D08,CC802,1.0,12551.95,Active
20250901,2025-09-01,E10416,D08,CC801,1.0,6798.2,Active
20250901,2025-09-01,E10417,D08,CC801,1.0,12766.79,Active
20250901,2025-09-01,E10418,D08,CC802,1.0,16241.01,Active
20250901,2025-09-01,E10419,D08,CC801,0.8,5161.28,Active
20250901,2025-09-01,E10420,D08,CC802,1.0,12313.29,Active
20250901,2025-09-01,E10421,D08,CC801,1.0,6569.75,Active
20250901,2025-09-01,E10422,D08,CC801,1.0,14241.17,Active
20250901,2025-09-01,E10423,D08,CC802,1.0,11181.98,Active
20250901,2025-09-01,E10424,D08,CC801,1.0,11796.79,Active
20250901,2025-09-01,E10425,D08,CC801,1.0,15245.97,Active
20250901,2025-09-01,E10427,D08,CC801,1.0,6822.11,Active
20250901,2025-09-01,E10428,D08,CC801,1.0,14728.95,Active
20250901,2025-09-01,E10429,D08,CC802,1.0,10860.28,Active
20250901,2025-09-01,E10430,D08,CC801,1.0,16173.57,Active
20250901,2025-09-01,E10431,D08,CC802,1.0,15808.73,Active
20250901,2025-09-01,E10432,D08,CC802,1.0,11670.33,Active
20250901,2025-09-01,E10433,D08,CC801,1.0,16311.98,Active
20250901,2025-09-01,E10434,D08,CC801,1.0,5959.14,Active
20250901,2025-09-01,E10435,D08,CC801,1.0,14687.81,Active
20250901,2025-09-01,E10436,D08,CC802,1.0,7848.88,Active
20250901,2025-09-01,E10437,D08,CC801,0.8,9709.91,Active
20250901,2025-09-01,E10438,D08,CC801,1.0,9602.12,Active
20250901,2025-09-01,E10439,D08,CC802,1.0,15538.11,Active
20250901,2025-09-01,E10440,D08,CC802,1.0,6177.27,Active
20250901,2025-09-01,E10441,D08,CC801,1.0,11455.92,Active
20250901,2025-09-01,E10442,D08,CC802,1.0,8885.48,Active
20250901,2025-09-01,E10443,D08,CC802,1.0,8093.57,Active
20250901,2025-09-01,E10444,D08,CC802,1.0,12978.69,Active
20250901,2025-09-01,E10445,D08,CC802,1.0,6411.03,Active
20250901,2025-09-01,E10446,D08,CC802,1.0,14089.3,Active
20250901,2025-09-01,E10447,D08,CC801,1.0,9559.62,Active
20250901,2025-09-01,E10448,D08,CC802,1.0,13309.12,Active
20250901,2025-09-01,E10451,D08,CC802,1.0,15797.86,Active
20250901,2025-09-01,E10452,D08,CC802,1.0,13463.25,Active
20250901,2025-09-01,E10453,D08,CC801,1.0,8329.73,Active
20250901,2025-09-01,E10454,D08,CC802,1.0,11537.69,Active
20250901,2025-09-01,E10455,D08,CC802,1.0,12387.15,Active
20250901,2025-09-01,E10456,D08,CC802,0.8,8041.42,Active
20250901,2025-09-01,E10457,D08,CC802,1.0,9203.52,Active
20250901,2025-09-01,E10458,D08,CC801,1.0,15678.27,Active
20250901,2025-09-01,E10459,D08,CC802,1.0,6447.71,Active
20250901,2025-09-01,E10460,D08,CC801,1.0,14549.63,Active
20250901,2025-09-01,E10461,D08,CC801,1.0,15732.13,Active
20250901,2025-09-01,E10463,D08,CC801,0.8,8078.98,Active
20250901,2025-09-01,E10464,D08,CC801,1.0,12913.26,Active
20250901,2025-09-01,E10465,D08,CC801,1.0,15326.56,Active
20250901,2025-09-01,E10466,D08,CC801,0.8,10873.59,Active
20250901,2025-09-01,E10467,D08,CC802,1.0,5927.87,Active
20250901,2025-09-01,E10468,D08,CC801,0.8,12046.9,Active
20250901,2025-09-01,E10469,D08,CC802,1.0,6883.64,Active
20250901,2025-09-01,E10470,D08,CC802,1.0,9495.7,Active
20251001,2025-10-01,E10001,D01,CC102,1.0,14454.48,Active
20251001,2025-10-01,E10002,D01,CC101,1.0,8413.58,Active
20251001,2025-10-01,E10003,D01,CC102,1.0,12570.64,Active
20251001,2025-10-01,E10004,D01,CC101,1.0,16162.36,Active
20251001,2025-10-01,E10005,D01,CC102,1.0,14159.26,Active
20251001,2025-10-01,E10006,D01,CC102,1.0,13457.49,Active
20251001,2025-10-01,E10007,D01,CC102,1.0,7328.94,Active
20251001,2025-10-01,E10008,D01,CC102,1.0,7154.14,Active
20251001,2025-10-01,E10009,D01,CC101,1.0,15829.98,Active
20251001,2025-10-01,E10010,D01,CC102,1.0,14097.26,Active
20251001,2025-10-01,E10011,D01,CC102,1.0,12541.57,Active
20251001,2025-10-01,E10012,D01,CC102,1.0,10327.37,Active
20251001,2025-10-01,E10013,D01,CC101,1.0,11881.0,Active
20251001,2025-10-01,E10014,D01,CC102,1.0,12158.81,Active
20251001,2025-10-01,E10015,D01,CC102,1.0,9187.87,Active
20251001,2025-10-01,E10016,D01,CC102,1.0,13261.74,Active
20251001,2025-10-01,E10017,D01,CC102,1.0,11035.15,Active
20251001,2025-10-01,E10018,D01,CC102,1.0,15291.87,Active
20251001,2025-10-01,E10019,D01,CC102,1.0,6808.15,Active
20251001,2025-10-01,E10020,D01,CC101,1.0,8622.73,Active
20251001,2025-10-01,E10021,D01,CC102,1.0,10942.3,Active
20251001,2025-10-01,E10022,D01,CC102,1.0,13250.04,Active
20251001,2025-10-01,E10023,D01,CC101,1.0,6372.25,Active
20251001,2025-10-01,E10024,D01,CC101,1.0,10443.17,Active
20251001,2025-10-01,E10025,D01,CC102,1.0,15067.87,Active
20251001,2025-10-01,E10026,D01,CC102,1.0,10400.89,Active
20251001,2025-10-01,E10027,D01,CC101,1.0,9182.1,Active
20251001,2025-10-01,E10028,D01,CC102,1.0,13424.76,Active
20251001,2025-10-01,E10029,D01,CC102,1.0,5597.25,Active
20251001,2025-10-01,E10030,D01,CC102,0.8,8274.19,Active
20251001,2025-10-01,E10031,D01,CC102,0.8,6956.27,Active
20251001,2025-10-01,E10032,D01,CC101,0.8,5120.59,Active
20251001,2025-10-01,E10033,D01,CC101,1.0,14416.46,Active
20251001,2025-10-01,E10034,D01,CC101,1.0,12441.94,Active
20251001,2025-10-01,E10035,D01,CC101,1.0,14880.16,Active
20251001,2025-10-01,E10036,D01,CC102,1.0,10445.31,Active
20251001,2025-10-01,E10037,D01,CC102,1.0,15266.38,Active
20251001,2025-10-01,E10038,D01,CC101,1.0,14621.44,Active
20251001,2025-10-01,E10039,D02,CC202,1.0,14327.14,Active
20251001,2025-10-01,E10040,D02,CC202,1.0,6627.11,Active
20251001,2025-10-01,E10041,D02,CC202,1.0,13542.87,Active
20251001,2025-10-01,E10042,D02,CC202,1.0,10746.48,Active
20251001,2025-10-01,E10043,D02,CC202,1.0,11239.08,Active
20251001,2025-10-01,E10044,D02,CC202,1.0,6199.98,Active
20251001,2025-10-01,E10045,D02,CC202,1.0,15493.91,Active
20251001,2025-10-01,E10046,D02,CC202,1.0,5679.94,Active
20251001,2025-10-01,E10047,D02,CC201,1.0,10237.92,Active
20251001,2025-10-01,E10048,D02,CC202,1.0,9040.78,Active
20251001,2025-10-01,E10049,D02,CC202,1.0,13163.21,Active
20251001,2025-10-01,E10050,D02,CC202,1.0,12667.16,Active
20251001,2025-10-01,E10051,D02,CC201,1.0,14557.83,Active
20251001,2025-10-01,E10052,D02,CC202,0.8,5106.83,Active
20251001,2025-10-01,E10053,D02,CC202,1.0,7104.06,Active
20251001,2025-10-01,E10054,D02,CC202,0.8,12626.88,Active
20251001,2025-10-01,E10055,D02,CC201,1.0,11587.63,Active
20251001,2025-10-01,E10056,D02,CC201,1.0,9360.56,Active
20251001,2025-10-01,E10057,D02,CC201,1.0,15043.57,Active
20251001,2025-10-01,E10058,D02,CC201,1.0,6715.5,Active
20251001,2025-10-01,E10059,D02,CC202,1.0,10653.16,Active
20251001,2025-10-01,E10060,D02,CC202,1.0,13874.16,Active
20251001,2025-10-01,E10061,D02,CC201,1.0,14773.08,Active
20251001,2025-10-01,E10062,D02,CC202,1.0,10267.89,Active
20251001,2025-10-01,E10063,D02,CC201,1.0,13970.05,Active
20251001,2025-10-01,E10064,D02,CC201,1.0,7297.93,Active
20251001,2025-10-01,E10065,D02,CC202,1.0,7127.74,Active
20251001,2025-10-01,E10066,D02,CC201,1.0,10821.3,Active
20251001,2025-10-01,E10067,D02,CC201,1.0,9086.88,Active
20251001,2025-10-01,E10068,D02,CC202,1.0,10291.0,Active
20251001,2025-10-01,E10069,D02,CC202,1.0,14222.49,Active
20251001,2025-10-01,E10070,D02,CC202,1.0,6399.59,Active
20251001,2025-10-01,E10071,D02,CC201,1.0,12672.22,Active
20251001,2025-10-01,E10072,D02,CC202,1.0,8004.45,Active
20251001,2025-10-01,E10073,D02,CC202,1.0,15065.65,Active
20251001,2025-10-01,E10074,D02,CC201,1.0,13896.59,Active
20251001,2025-10-01,E10075,D02,CC201,1.0,9785.78,Active
20251001,2025-10-01,E10076,D02,CC201,1.0,12495.59,Active
20251001,2025-10-01,E10077,D02,CC202,1.0,9922.35,Active
20251001,2025-10-01,E10078,D02,CC202,1.0,5561.6,Active
20251001,2025-10-01,E10079,D02,CC202,1.0,7053.84,Active
20251001,2025-10-01,E10080,D02,CC202,1.0,15176.56,Active
20251001,2025-10-01,E10081,D02,CC202,1.0,14029.0,Active
20251001,2025-10-01,E10082,D02,CC202,1.0,6326.27,Active
20251001,2025-10-01,E10083,D02,CC201,1.0,13499.4,Active
20251001,2025-10-01,E10084,D02,CC201,1.0,8590.58,Active
20251001,2025-10-01,E10085,D02,CC201,1.0,11204.18,Active
20251001,2025-10-01,E10086,D02,CC202,1.0,8122.49,Active
20251001,2025-10-01,E10087,D02,CC201,1.0,6697.48,Active
20251001,2025-10-01,E10088,D02,CC201,1.0,11056.01,Active
20251001,2025-10-01,E10089,D02,CC202,1.0,15646.75,Active
20251001,2025-10-01,E10090,D02,CC202,1.0,5489.32,Active
20251001,2025-10-01,E10091,D02,CC201,1.0,16298.95,Active
20251001,2025-10-01,E10092,D02,CC201,1.0,12719.4,Active
20251001,2025-10-01,E10093,D02,CC202,1.0,8136.39,Active
20251001,2025-10-01,E10094,D02,CC202,1.0,14455.67,Active
20251001,2025-10-01,E10095,D02,CC201,1.0,14545.56,Active
20251001,2025-10-01,E10096,D02,CC202,1.0,10678.45,Active
20251001,2025-10-01,E10097,D02,CC202,1.0,11118.25,Active
20251001,2025-10-01,E10098,D02,CC202,1.0,12405.43,Active
20251001,2025-10-01,E10099,D02,CC201,1.0,9997.02,Active
20251001,2025-10-01,E10100,D02,CC202,1.0,10774.3,Active
20251001,2025-10-01,E10101,D02,CC201,1.0,10941.47,Active
20251001,2025-10-01,E10102,D02,CC201,0.8,4677.42,Active
20251001,2025-10-01,E10103,D02,CC202,1.0,15630.38,Active
20251001,2025-10-01,E10104,D02,CC201,1.0,11544.01,Active
20251001,2025-10-01,E10105,D02,CC202,1.0,9428.48,Active
20251001,2025-10-01,E10106,D02,CC201,1.0,5800.06,Active
20251001,2025-10-01,E10107,D02,CC202,1.0,9940.45,Active
20251001,2025-10-01,E10108,D02,CC202,1.0,14182.38,Active
20251001,2025-10-01,E10109,D02,CC201,0.8,7328.55,Active
20251001,2025-10-01,E10110,D02,CC202,1.0,8858.07,Active
20251001,2025-10-01,E10111,D02,CC201,1.0,10547.32,Active
20251001,2025-10-01,E10112,D02,CC202,1.0,10428.71,Active
20251001,2025-10-01,E10113,D02,CC201,1.0,13305.99,Active
20251001,2025-10-01,E10114,D02,CC201,1.0,9850.61,Active
20251001,2025-10-01,E10115,D02,CC202,1.0,5920.81,Active
20251001,2025-10-01,E10116,D02,CC201,1.0,14851.88,Active
20251001,2025-10-01,E10117,D02,CC202,1.0,13836.5,Active
20251001,2025-10-01,E10118,D02,CC201,0.8,9937.42,Active
20251001,2025-10-01,E10119,D02,CC201,0.8,9023.28,Active
20251001,2025-10-01,E10120,D02,CC201,0.8,10905.42,Active
20251001,2025-10-01,E10121,D02,CC201,1.0,11185.99,Active
20251001,2025-10-01,E10122,D02,CC202,1.0,8047.55,Active
20251001,2025-10-01,E10123,D02,CC202,1.0,12052.05,Active
20251001,2025-10-01,E10124,D02,CC201,1.0,9222.76,Active
20251001,2025-10-01,E10125,D02,CC202,1.0,8808.43,Active
20251001,2025-10-01,E10126,D02,CC202,0.8,9053.2,Active
20251001,2025-10-01,E10127,D02,CC201,1.0,13762.29,Active
20251001,2025-10-01,E10128,D02,CC201,1.0,12692.4,Active
20251001,2025-10-01,E10129,D02,CC201,1.0,7454.47,Active
20251001,2025-10-01,E10130,D02,CC202,1.0,8913.16,Active
20251001,2025-10-01,E10131,D03,CC301,1.0,15562.25,Active
20251001,2025-10-01,E10132,D03,CC301,1.0,13467.72,Active
20251001,2025-10-01,E10133,D03,CC301,1.0,10975.82,Active
20251001,2025-10-01,E10134,D03,CC301,1.0,11377.14,Active
20251001,2025-10-01,E10135,D03,CC301,1.0,15191.78,Active
20251001,2025-10-01,E10136,D03,CC301,1.0,11885.06,Active
20251001,2025-10-01,E10137,D03,CC301,1.0,12615.46,Active
20251001,2025-10-01,E10138,D03,CC301,1.0,10283.72,Active
20251001,2025-10-01,E10139,D03,CC301,1.0,16179.65,Active
20251001,2025-10-01,E10140,D03,CC301,1.0,15991.8,Active
20251001,2025-10-01,E10141,D03,CC301,1.0,15711.36,Active
20251001,2025-10-01,E10142,D03,CC301,1.0,15490.55,Active
20251001,2025-10-01,E10143,D03,CC301,1.0,12917.27,Active
20251001,2025-10-01,E10144,D03,CC301,1.0,10905.15,Active
20251001,2025-10-01,E10145,D03,CC301,1.0,11510.78,Active
20251001,2025-10-01,E10146,D03,CC301,1.0,6743.12,Active
20251001,2025-10-01,E10147,D03,CC301,1.0,14868.58,Active
20251001,2025-10-01,E10148,D03,CC301,1.0,13994.51,Active
20251001,2025-10-01,E10149,D03,CC301,1.0,13194.83,Active
20251001,2025-10-01,E10150,D03,CC301,1.0,8987.23,Active
20251001,2025-10-01,E10151,D03,CC301,0.8,7164.06,Active
20251001,2025-10-01,E10152,D03,CC301,1.0,5526.44,Active
20251001,2025-10-01,E10153,D03,CC301,1.0,15060.17,Active
20251001,2025-10-01,E10154,D03,CC301,1.0,14030.82,Active
20251001,2025-10-01,E10155,D03,CC301,1.0,12628.89,Active
20251001,2025-10-01,E10156,D03,CC301,1.0,9376.26,Active
20251001,2025-10-01,E10157,D03,CC301,1.0,9478.63,Active
20251001,2025-10-01,E10158,D03,CC301,1.0,13625.89,Active
20251001,2025-10-01,E10159,D03,CC301,1.0,12104.73,Active
20251001,2025-10-01,E10160,D03,CC301,1.0,15983.03,Active
20251001,2025-10-01,E10161,D03,CC301,1.0,12971.34,Active
20251001,2025-10-01,E10162,D03,CC301,1.0,14277.04,Active
20251001,2025-10-01,E10163,D03,CC301,1.0,11596.78,Active
20251001,2025-10-01,E10164,D03,CC301,1.0,12536.39,Active
20251001,2025-10-01,E10165,D03,CC301,1.0,13489.19,Active
20251001,2025-10-01,E10166,D03,CC301,1.0,14835.37,Active
20251001,2025-10-01,E10167,D03,CC301,1.0,5752.9,Active
20251001,2025-10-01,E10168,D03,CC301,1.0,5444.09,Active
20251001,2025-10-01,E10169,D03,CC301,1.0,8982.72,Active
20251001,2025-10-01,E10170,D03,CC301,1.0,11175.25,Active
20251001,2025-10-01,E10171,D03,CC301,1.0,5901.96,Active
20251001,2025-10-01,E10172,D03,CC301,1.0,10060.99,Active
20251001,2025-10-01,E10173,D03,CC301,1.0,9064.09,Active
20251001,2025-10-01,E10174,D03,CC301,1.0,9989.83,Active
20251001,2025-10-01,E10175,D03,CC301,1.0,8954.39,Active
20251001,2025-10-01,E10176,D03,CC301,1.0,14060.35,Active
20251001,2025-10-01,E10177,D03,CC301,0.8,8514.16,Active
20251001,2025-10-01,E10178,D03,CC301,1.0,11117.05,Active
20251001,2025-10-01,E10179,D03,CC301,1.0,12041.16,Active
20251001,2025-10-01,E10180,D03,CC301,1.0,6338.71,Active
20251001,2025-10-01,E10181,D03,CC301,1.0,15195.05,Active
20251001,2025-10-01,E10182,D03,CC301,1.0,10175.59,Active
20251001,2025-10-01,E10183,D03,CC301,1.0,6168.9,Active
20251001,2025-10-01,E10184,D03,CC301,1.0,9782.21,Active
20251001,2025-10-01,E10185,D03,CC301,1.0,13988.11,Active
20251001,2025-10-01,E10186,D03,CC301,1.0,13960.19,Active
20251001,2025-10-01,E10187,D03,CC301,1.0,12771.04,Active
20251001,2025-10-01,E10188,D03,CC301,1.0,11715.1,Active
20251001,2025-10-01,E10189,D03,CC301,1.0,11987.79,Active
20251001,2025-10-01,E10190,D03,CC301,1.0,10908.27,Active
20251001,2025-10-01,E10191,D03,CC301,1.0,12257.23,Active
20251001,2025-10-01,E10192,D03,CC301,1.0,5904.01,Active
20251001,2025-10-01,E10193,D03,CC301,1.0,10912.5,Active
20251001,2025-10-01,E10194,D03,CC301,1.0,11396.33,Active
20251001,2025-10-01,E10195,D03,CC301,1.0,11871.79,Active
20251001,2025-10-01,E10196,D03,CC301,1.0,11153.99,Active
20251001,2025-10-01,E10197,D03,CC301,1.0,14349.95,Active
20251001,2025-10-01,E10198,D03,CC301,1.0,16100.62,Active
20251001,2025-10-01,E10199,D03,CC301,1.0,12712.05,Active
20251001,2025-10-01,E10200,D03,CC301,1.0,14788.57,Active
20251001,2025-10-01,E10201,D04,CC401,1.0,9060.06,Active
20251001,2025-10-01,E10202,D04,CC401,1.0,15337.83,Active
20251001,2025-10-01,E10203,D04,CC401,1.0,12435.82,Active
20251001,2025-10-01,E10204,D04,CC401,1.0,7969.51,Active
20251001,2025-10-01,E10205,D04,CC401,1.0,7390.72,Active
20251001,2025-10-01,E10206,D04,CC401,1.0,5743.63,Active
20251001,2025-10-01,E10207,D04,CC401,1.0,7542.74,Active
20251001,2025-10-01,E10208,D04,CC401,1.0,7608.11,Active
20251001,2025-10-01,E10209,D04,CC401,1.0,8362.7,Active
20251001,2025-10-01,E10210,D04,CC401,1.0,8125.83,Active
20251001,2025-10-01,E10211,D04,CC401,1.0,8259.43,Active
20251001,2025-10-01,E10212,D04,CC401,1.0,6945.88,Active
20251001,2025-10-01,E10213,D04,CC401,1.0,8824.38,Active
20251001,2025-10-01,E10214,D04,CC401,1.0,12656.96,Active
20251001,2025-10-01,E10215,D04,CC401,1.0,14086.4,Active
20251001,2025-10-01,E10216,D04,CC401,1.0,9521.64,Active
20251001,2025-10-01,E10217,D04,CC401,1.0,13600.56,Active
20251001,2025-10-01,E10218,D04,CC401,1.0,7044.48,Active
20251001,2025-10-01,E10219,D04,CC401,1.0,8511.3,Active
20251001,2025-10-01,E10220,D04,CC401,1.0,14970.57,Active
20251001,2025-10-01,E10221,D04,CC401,1.0,13955.48,Active
20251001,2025-10-01,E10222,D04,CC401,1.0,13534.6,Active
20251001,2025-10-01,E10223,D04,CC401,1.0,7456.1,Active
20251001,2025-10-01,E10224,D04,CC401,1.0,13159.76,Active
20251001,2025-10-01,E10225,D04,CC401,1.0,9860.05,Active
20251001,2025-10-01,E10226,D04,CC401,1.0,7641.91,Active
20251001,2025-10-01,E10227,D04,CC401,1.0,10041.31,Active
20251001,2025-10-01,E10228,D04,CC401,1.0,14649.09,Active
20251001,2025-10-01,E10229,D04,CC401,1.0,8588.53,Active
20251001,2025-10-01,E10230,D04,CC401,1.0,10448.7,Active
20251001,2025-10-01,E10231,D04,CC401,1.0,10109.46,Active
20251001,2025-10-01,E10232,D04,CC401,1.0,9561.02,Active
20251001,2025-10-01,E10233,D04,CC401,1.0,12459.85,Active
20251001,2025-10-01,E10234,D04,CC401,1.0,10935.49,Active
20251001,2025-10-01,E10235,D04,CC401,1.0,6542.38,Active
20251001,2025-10-01,E10236,D04,CC401,1.0,9122.18,Active
20251001,2025-10-01,E10237,D04,CC401,1.0,14189.82,Active
20251001,2025-10-01,E10238,D04,CC401,1.0,16252.33,Active
20251001,2025-10-01,E10239,D04,CC401,1.0,8505.49,Active
20251001,2025-10-01,E10240,D04,CC401,1.0,14368.0,Active
20251001,2025-10-01,E10241,D04,CC401,1.0,16044.71,Active
20251001,2025-10-01,E10242,D04,CC401,1.0,13217.14,Active
20251001,2025-10-01,E10243,D04,CC401,1.0,11882.39,Active
20251001,2025-10-01,E10244,D04,CC401,1.0,6325.28,Active
20251001,2025-10-01,E10245,D04,CC401,1.0,13121.18,Active
20251001,2025-10-01,E10246,D04,CC401,1.0,11489.2,Active
20251001,2025-10-01,E10247,D04,CC401,1.0,6859.51,Active
20251001,2025-10-01,E10248,D04,CC401,1.0,14502.48,Active
20251001,2025-10-01,E10249,D05,CC502,1.0,12760.89,Active
20251001,2025-10-01,E10250,D05,CC501,1.0,11921.68,Active
20251001,2025-10-01,E10251,D05,CC502,1.0,15755.33,Active
20251001,2025-10-01,E10252,D05,CC502,1.0,11890.28,Active
20251001,2025-10-01,E10253,D05,CC502,1.0,9657.87,Active
20251001,2025-10-01,E10254,D05,CC502,1.0,8936.08,Active
20251001,2025-10-01,E10255,D05,CC501,1.0,12702.07,Active
20251001,2025-10-01,E10256,D05,CC501,1.0,11929.87,Active
20251001,2025-10-01,E10257,D05,CC502,1.0,15446.62,Active
20251001,2025-10-01,E10258,D05,CC501,1.0,8557.5,Active
20251001,2025-10-01,E10259,D05,CC502,1.0,5586.9,Active
20251001,2025-10-01,E10260,D05,CC501,0.8,12887.98,Active
20251001,2025-10-01,E10261,D05,CC502,1.0,13436.94,Active
20251001,2025-10-01,E10262,D05,CC502,1.0,7642.98,Active
20251001,2025-10-01,E10263,D05,CC502,1.0,11696.11,Active
20251001,2025-10-01,E10264,D05,CC502,1.0,13225.79,Active
20251001,2025-10-01,E10265,D05,CC502,1.0,16065.89,Active
20251001,2025-10-01,E10266,D05,CC501,1.0,11957.45,Active
20251001,2025-10-01,E10267,D05,CC502,1.0,11687.24,Active
20251001,2025-10-01,E10268,D05,CC501,1.0,5847.78,Active
20251001,2025-10-01,E10269,D05,CC502,1.0,15537.82,Active
20251001,2025-10-01,E10270,D05,CC501,1.0,14434.48,Active
20251001,2025-10-01,E10271,D05,CC502,1.0,15123.15,Active
20251001,2025-10-01,E10272,D05,CC501,1.0,12486.16,Active
20251001,2025-10-01,E10273,D05,CC501,1.0,5899.13,Active
20251001,2025-10-01,E10274,D05,CC501,1.0,11200.23,Active
20251001,2025-10-01,E10275,D05,CC501,1.0,9852.56,Active
20251001,2025-10-01,E10276,D05,CC502,1.0,10858.0,Active
20251001,2025-10-01,E10277,D05,CC501,1.0,8206.72,Active
20251001,2025-10-01,E10278,D05,CC502,1.0,9560.48,Active
20251001,2025-10-01,E10279,D05,CC501,1.0,5531.56,Active
20251001,2025-10-01,E10280,D05,CC502,1.0,13614.53,Active
20251001,2025-10-01,E10281,D05,CC502,1.0,12625.81,Active
20251001,2025-10-01,E10282,D05,CC501,1.0,8498.43,Active
20251001,2025-10-01,E10283,D05,CC501,1.0,12034.5,Active
20251001,2025-10-01,E10284,D05,CC501,1.0,13581.67,Active
20251001,2025-10-01,E10285,D05,CC502,1.0,5613.57,Active
20251001,2025-10-01,E10286,D05,CC501,1.0,7358.15,Active
20251001,2025-10-01,E10287,D05,CC501,1.0,13025.32,Active
20251001,2025-10-01,E10288,D05,CC501,1.0,10283.58,Active
20251001,2025-10-01,E10289,D05,CC501,1.0,13812.32,Active
20251001,2025-10-01,E10290,D05,CC501,1.0,7653.17,Active
20251001,2025-10-01,E10291,D05,CC501,1.0,9158.38,Active
20251001,2025-10-01,E10292,D05,CC501,1.0,14946.18,Active
20251001,2025-10-01,E10293,D05,CC502,1.0,6591.31,Active
20251001,2025-10-01,E10294,D05,CC501,1.0,7469.54,Active
20251001,2025-10-01,E10295,D05,CC501,1.0,10081.41,Active
20251001,2025-10-01,E10296,D05,CC502,0.8,5921.28,Active
20251001,2025-10-01,E10297,D05,CC501,1.0,10462.84,Active
20251001,2025-10-01,E10298,D05,CC501,1.0,9507.24,Active
20251001,2025-10-01,E10299,D05,CC502,1.0,13718.39,Active
20251001,2025-10-01,E10300,D05,CC501,1.0,14014.94,Active
20251001,2025-10-01,E10301,D05,CC502,1.0,12045.34,Active
20251001,2025-10-01,E10302,D05,CC502,1.0,12270.91,Active
20251001,2025-10-01,E10303,D05,CC502,1.0,12009.16,Active
20251001,2025-10-01,E10304,D05,CC501,1.0,13476.93,Active
20251001,2025-10-01,E10305,D05,CC502,1.0,15265.89,Active
20251001,2025-10-01,E10306,D05,CC501,1.0,13676.67,Active
20251001,2025-10-01,E10307,D05,CC501,1.0,10928.81,Active
20251001,2025-10-01,E10308,D05,CC501,1.0,12370.05,Active
20251001,2025-10-01,E10309,D05,CC502,1.0,10174.77,Active
20251001,2025-10-01,E10310,D05,CC501,1.0,12319.3,Active
20251001,2025-10-01,E10311,D05,CC502,1.0,9857.56,Active
20251001,2025-10-01,E10312,D05,CC502,1.0,13501.68,Active
20251001,2025-10-01,E10313,D05,CC501,1.0,6019.8,Active
20251001,2025-10-01,E10314,D05,CC502,1.0,9543.31,Active
20251001,2025-10-01,E10315,D05,CC502,1.0,5495.41,Active
20251001,2025-10-01,E10316,D05,CC501,1.0,6026.01,Active
20251001,2025-10-01,E10317,D05,CC501,1.0,7278.46,Active
20251001,2025-10-01,E10318,D05,CC502,0.8,8080.74,Active
20251001,2025-10-01,E10319,D05,CC502,1.0,7665.3,Active
20251001,2025-10-01,E10320,D05,CC502,1.0,8681.4,Active
20251001,2025-10-01,E10321,D05,CC501,1.0,14032.61,Active
20251001,2025-10-01,E10322,D05,CC502,1.0,7236.02,Active
20251001,2025-10-01,E10323,D05,CC501,1.0,13326.56,Active
20251001,2025-10-01,E10324,D05,CC501,1.0,9995.07,Active
20251001,2025-10-01,E10325,D06,CC601,1.0,7157.65,Active
20251001,2025-10-01,E10326,D06,CC601,1.0,8701.83,Active
20251001,2025-10-01,E10327,D06,CC601,1.0,10715.95,Active
20251001,2025-10-01,E10328,D06,CC601,1.0,7524.04,Active
20251001,2025-10-01,E10329,D06,CC601,1.0,13290.98,Active
20251001,2025-10-01,E10330,D06,CC601,0.8,8022.3,Active
20251001,2025-10-01,E10331,D06,CC601,1.0,8791.3,Active
20251001,2025-10-01,E10332,D06,CC601,0.8,12956.04,Active
20251001,2025-10-01,E10333,D06,CC601,0.8,5730.61,Active
20251001,2025-10-01,E10334,D06,CC601,0.8,10795.84,Active
20251001,2025-10-01,E10335,D06,CC601,1.0,12416.48,Active
20251001,2025-10-01,E10336,D06,CC601,1.0,15503.17,Active
20251001,2025-10-01,E10337,D06,CC601,1.0,15347.25,Active
20251001,2025-10-01,E10338,D06,CC601,1.0,12342.22,Active
20251001,2025-10-01,E10339,D06,CC601,1.0,12861.68,Active
20251001,2025-10-01,E10340,D06,CC601,1.0,15617.08,Active
20251001,2025-10-01,E10342,D06,CC601,1.0,15835.61,Active
20251001,2025-10-01,E10343,D06,CC601,1.0,15023.26,Active
20251001,2025-10-01,E10344,D06,CC601,1.0,8710.18,Active
20251001,2025-10-01,E10345,D06,CC601,1.0,9892.5,Active
20251001,2025-10-01,E10346,D06,CC601,1.0,13988.01,Active
20251001,2025-10-01,E10347,D06,CC601,1.0,7703.45,Active
20251001,2025-10-01,E10348,D06,CC601,1.0,14351.65,Active
20251001,2025-10-01,E10349,D06,CC601,1.0,11193.51,Active
20251001,2025-10-01,E10350,D06,CC601,1.0,9494.29,Active
20251001,2025-10-01,E10351,D06,CC601,1.0,10895.71,Active
20251001,2025-10-01,E10352,D06,CC601,1.0,7713.5,Active
20251001,2025-10-01,E10353,D06,CC601,1.0,14173.61,Active
20251001,2025-10-01,E10354,D06,CC601,1.0,14917.6,Active
20251001,2025-10-01,E10355,D06,CC601,1.0,6307.45,Active
20251001,2025-10-01,E10356,D06,CC601,1.0,6132.17,Active
20251001,2025-10-01,E10357,D06,CC601,1.0,10603.74,Active
20251001,2025-10-01,E10359,D07,CC701,1.0,14062.0,Active
20251001,2025-10-01,E10360,D07,CC701,1.0,15980.53,Active
20251001,2025-10-01,E10361,D07,CC701,1.0,9150.36,Active
20251001,2025-10-01,E10362,D07,CC701,1.0,15027.24,Active
20251001,2025-10-01,E10363,D07,CC701,1.0,12530.44,Active
20251001,2025-10-01,E10364,D07,CC701,1.0,14884.16,Active
20251001,2025-10-01,E10365,D07,CC701,1.0,13003.45,Active
20251001,2025-10-01,E10366,D07,CC701,1.0,14971.92,Active
20251001,2025-10-01,E10367,D07,CC701,1.0,12127.02,Active
20251001,2025-10-01,E10368,D07,CC701,0.8,6047.69,Active
20251001,2025-10-01,E10369,D07,CC701,1.0,15032.22,Active
20251001,2025-10-01,E10370,D07,CC701,1.0,10604.62,Active
20251001,2025-10-01,E10371,D07,CC701,1.0,15498.75,Active
20251001,2025-10-01,E10372,D07,CC701,1.0,8626.62,Active
20251001,2025-10-01,E10373,D07,CC701,1.0,14893.09,Active
20251001,2025-10-01,E10374,D07,CC701,1.0,6398.95,Active
20251001,2025-10-01,E10375,D07,CC701,1.0,15905.28,Active
20251001,2025-10-01,E10376,D07,CC701,1.0,7726.03,Active
20251001,2025-10-01,E10377,D07,CC701,1.0,13312.41,Active
20251001,2025-10-01,E10378,D07,CC701,1.0,13882.93,Active
20251001,2025-10-01,E10379,D07,CC701,1.0,15817.01,Active
20251001,2025-10-01,E10380,D07,CC701,1.0,12194.78,Active
20251001,2025-10-01,E10381,D07,CC701,1.0,9063.07,Active
20251001,2025-10-01,E10382,D07,CC701,0.8,9546.6,Active
20251001,2025-10-01,E10383,D07,CC701,1.0,13484.48,Active
20251001,2025-10-01,E10384,D07,CC701,1.0,10141.93,Active
20251001,2025-10-01,E10385,D07,CC701,0.8,6887.87,Active
20251001,2025-10-01,E10386,D07,CC701,1.0,11850.03,Active
20251001,2025-10-01,E10387,D07,CC701,1.0,6874.08,Active
20251001,2025-10-01,E10388,D07,CC701,0.8,4407.0,Active
20251001,2025-10-01,E10389,D07,CC701,1.0,14640.99,Active
20251001,2025-10-01,E10390,D07,CC701,1.0,14217.03,Active
20251001,2025-10-01,E10391,D07,CC701,1.0,11820.31,Active
20251001,2025-10-01,E10392,D07,CC701,1.0,8866.07,Active
20251001,2025-10-01,E10393,D07,CC701,1.0,10340.92,Active
20251001,2025-10-01,E10394,D07,CC701,1.0,14764.85,Active
20251001,2025-10-01,E10395,D07,CC701,1.0,10867.92,Active
20251001,2025-10-01,E10396,D07,CC701,1.0,12981.0,Active
20251001,2025-10-01,E10397,D07,CC701,1.0,13193.89,Active
20251001,2025-10-01,E10398,D07,CC701,1.0,9075.52,Active
20251001,2025-10-01,E10399,D07,CC701,1.0,6067.8,Active
20251001,2025-10-01,E10400,D07,CC701,1.0,8702.97,Active
20251001,2025-10-01,E10401,D07,CC701,1.0,9184.89,Active
20251001,2025-10-01,E10402,D07,CC701,0.8,7684.23,Active
20251001,2025-10-01,E10403,D08,CC802,1.0,7534.42,Active
20251001,2025-10-01,E10404,D08,CC801,1.0,13477.78,Active
20251001,2025-10-01,E10405,D08,CC801,1.0,7299.94,Active
20251001,2025-10-01,E10406,D08,CC801,1.0,8606.92,Active
20251001,2025-10-01,E10407,D08,CC801,1.0,13542.81,Active
20251001,2025-10-01,E10408,D08,CC801,1.0,11713.3,Active
20251001,2025-10-01,E10409,D08,CC801,1.0,10149.88,Active
20251001,2025-10-01,E10410,D08,CC801,1.0,7366.91,Active
20251001,2025-10-01,E10411,D08,CC802,1.0,12588.03,Active
20251001,2025-10-01,E10412,D08,CC801,1.0,9795.89,Active
20251001,2025-10-01,E10413,D08,CC801,1.0,10750.23,Active
20251001,2025-10-01,E10414,D08,CC801,1.0,16287.96,Active
20251001,2025-10-01,E10415,D08,CC802,1.0,12538.74,Active
20251001,2025-10-01,E10416,D08,CC801,1.0,6795.42,Active
20251001,2025-10-01,E10417,D08,CC801,1.0,12772.94,Active
20251001,2025-10-01,E10418,D08,CC802,1.0,16064.65,Active
20251001,2025-10-01,E10419,D08,CC801,1.0,6456.74,Active
20251001,2025-10-01,E10420,D08,CC802,1.0,12553.47,Active
20251001,2025-10-01,E10421,D08,CC801,0.8,5237.95,Active
20251001,2025-10-01,E10422,D08,CC801,1.0,14182.09,Active
20251001,2025-10-01,E10423,D08,CC802,1.0,11273.74,Active
20251001,2025-10-01,E10424,D08,CC801,1.0,11717.53,Active
20251001,2025-10-01,E10425,D08,CC801,1.0,15156.75,Active
20251001,2025-10-01,E10426,D08,CC802,1.0,5473.28,Active
20251001,2025-10-01,E10427,D08,CC801,1.0,6834.37,Active
20251001,2025-10-01,E10428,D08,CC801,1.0,14644.76,Active
20251001,2025-10-01,E10429,D08,CC802,1.0,10842.4,Active
20251001,2025-10-01,E10430,D08,CC801,1.0,16021.34,Active
20251001,2025-10-01,E10431,D08,CC802,1.0,15557.19,Active
20251001,2025-10-01,E10432,D08,CC802,1.0,11792.13,Active
20251001,2025-10-01,E10433,D08,CC801,1.0,16342.7,Active
20251001,2025-10-01,E10434,D08,CC801,1.0,5940.63,Active
20251001,2025-10-01,E10435,D08,CC801,0.8,11877.9,Active
20251001,2025-10-01,E10436,D08,CC802,1.0,7755.26,Active
20251001,2025-10-01,E10437,D08,CC801,1.0,12188.33,Active
20251001,2025-10-01,E10438,D08,CC801,1.0,9605.93,Active
20251001,2025-10-01,E10439,D08,CC802,1.0,15786.94,Active
20251001,2025-10-01,E10440,D08,CC802,1.0,6236.85,Active
20251001,2025-10-01,E10441,D08,CC801,1.0,11477.02,Active
20251001,2025-10-01,E10442,D08,CC802,1.0,8859.56,Active
20251001,2025-10-01,E10443,D08,CC802,1.0,8068.68,Active
20251001,2025-10-01,E10444,D08,CC802,1.0,12730.85,Active
20251001,2025-10-01,E10445,D08,CC802,1.0,6421.31,Active
20251001,2025-10-01,E10446,D08,CC802,1.0,14223.9,Active
20251001,2025-10-01,E10447,D08,CC801,1.0,9583.19,Active
20251001,2025-10-01,E10448,D08,CC802,1.0,13204.05,Active
20251001,2025-10-01,E10449,D08,CC802,1.0,10676.39,Active
20251001,2025-10-01,E10450,D08,CC801,1.0,11394.49,Active
20251001,2025-10-01,E10451,D08,CC802,1.0,15799.09,Active
20251001,2025-10-01,E10452,D08,CC802,1.0,13496.54,Active
20251001,2025-10-01,E10453,D08,CC801,0.8,6661.33,Active
20251001,2025-10-01,E10454,D08,CC802,1.0,11491.22,Active
20251001,2025-10-01,E10455,D08,CC802,1.0,12493.68,Active
20251001,2025-10-01,E10456,D08,CC802,1.0,10047.49,Active
20251001,2025-10-01,E10457,D08,CC802,1.0,9227.21,Active
20251001,2025-10-01,E10458,D08,CC801,1.0,15918.12,Active
20251001,2025-10-01,E10459,D08,CC802,1.0,6412.23,Active
20251001,2025-10-01,E10460,D08,CC801,1.0,14608.95,Active
20251001,2025-10-01,E10461,D08,CC801,1.0,15611.14,Active
20251001,2025-10-01,E10462,D08,CC802,1.0,11477.56,Active
20251001,2025-10-01,E10463,D08,CC801,1.0,10074.21,Active
20251001,2025-10-01,E10464,D08,CC801,1.0,12765.64,Active
20251001,2025-10-01,E10465,D08,CC801,1.0,15369.12,Active
20251001,2025-10-01,E10466,D08,CC801,0.8,10930.57,Active
20251001,2025-10-01,E10467,D08,CC802,1.0,5941.15,Active
20251001,2025-10-01,E10468,D08,CC801,1.0,14955.71,Active
20251001,2025-10-01,E10469,D08,CC802,1.0,6873.36,Active
20251001,2025-10-01,E10470,D08,CC802,1.0,9541.0,Active
20251101,2025-11-01,E10001,D01,CC102,1.0,14367.49,Active
20251101,2025-11-01,E10002,D01,CC101,1.0,8340.75,Active
20251101,2025-11-01,E10003,D01,CC102,1.0,12491.39,Active
20251101,2025-11-01,E10004,D01,CC101,1.0,16160.85,Active
20251101,2025-11-01,E10005,D01,CC102,1.0,14153.63,Active
20251101,2025-11-01,E10006,D01,CC102,1.0,13398.24,Active
20251101,2025-11-01,E10007,D01,CC102,1.0,7333.39,Active
20251101,2025-11-01,E10008,D01,CC102,1.0,7261.26,Active
20251101,2025-11-01,E10009,D01,CC101,1.0,15807.21,Active
20251101,2025-11-01,E10010,D01,CC102,1.0,14105.63,Active
20251101,2025-11-01,E10011,D01,CC102,1.0,12694.13,Active
20251101,2025-11-01,E10012,D01,CC102,1.0,10288.17,Active
20251101,2025-11-01,E10013,D01,CC101,1.0,12057.26,Active
20251101,2025-11-01,E10014,D01,CC102,1.0,12092.5,Active
20251101,2025-11-01,E10015,D01,CC102,0.8,7274.46,Active
20251101,2025-11-01,E10016,D01,CC102,1.0,13063.6,Active
20251101,2025-11-01,E10017,D01,CC102,0.8,8970.41,Active
20251101,2025-11-01,E10018,D01,CC102,1.0,15175.72,Active
20251101,2025-11-01,E10019,D01,CC102,1.0,6863.71,Active
20251101,2025-11-01,E10020,D01,CC101,1.0,8691.84,Active
20251101,2025-11-01,E10021,D01,CC102,1.0,10931.72,Active
20251101,2025-11-01,E10022,D01,CC102,1.0,13373.83,Active
20251101,2025-11-01,E10023,D01,CC101,1.0,6320.84,Active
20251101,2025-11-01,E10024,D01,CC101,1.0,10479.97,Active
20251101,2025-11-01,E10025,D01,CC102,1.0,14794.91,Active
20251101,2025-11-01,E10026,D01,CC102,1.0,10475.12,Active
20251101,2025-11-01,E10027,D01,CC101,1.0,9149.13,Active
20251101,2025-11-01,E10028,D01,CC102,1.0,13443.85,Active
20251101,2025-11-01,E10029,D01,CC102,1.0,5624.36,Active
20251101,2025-11-01,E10030,D01,CC102,1.0,10532.07,Active
20251101,2025-11-01,E10031,D01,CC102,1.0,8773.35,Active
20251101,2025-11-01,E10032,D01,CC101,1.0,6442.49,Active
20251101,2025-11-01,E10033,D01,CC101,1.0,14345.08,Active
20251101,2025-11-01,E10034,D01,CC101,1.0,12443.18,Active
20251101,2025-11-01,E10035,D01,CC101,0.8,11789.0,Active
20251101,2025-11-01,E10036,D01,CC102,1.0,10472.17,Active
20251101,2025-11-01,E10037,D01,CC102,1.0,15168.64,Active
20251101,2025-11-01,E10038,D01,CC101,1.0,14828.52,Active
20251101,2025-11-01,E10039,D02,CC202,1.0,14439.42,Active
20251101,2025-11-01,E10040,D02,CC202,1.0,6635.17,Active
20251101,2025-11-01,E10041,D02,CC202,1.0,13461.65,Active
20251101,2025-11-01,E10042,D02,CC202,1.0,10813.6,Active
20251101,2025-11-01,E10043,D02,CC202,1.0,11163.59,Active
20251101,2025-11-01,E10044,D02,CC202,1.0,6152.66,Active
20251101,2025-11-01,E10045,D02,CC202,1.0,15694.78,Active
20251101,2025-11-01,E10046,D02,CC202,0.8,4532.79,Active
20251101,2025-11-01,E10047,D02,CC201,1.0,10224.08,Active
20251101,2025-11-01,E10048,D02,CC202,1.0,9123.29,Active
20251101,2025-11-01,E10049,D02,CC202,1.0,13393.14,Active
20251101,2025-11-01,E10050,D02,CC202,1.0,12767.37,Active
20251101,2025-11-01,E10051,D02,CC201,1.0,14539.66,Active
20251101,2025-11-01,E10052,D02,CC202,1.0,6385.68,Active
20251101,2025-11-01,E10053,D02,CC202,1.0,7172.28,Active
20251101,2025-11-01,E10054,D02,CC202,0.8,12459.53,Active
20251101,2025-11-01,E10055,D02,CC201,1.0,11425.66,Active
20251101,2025-11-01,E10056,D02,CC201,1.0,9327.16,Active
20251101,2025-11-01,E10057,D02,CC201,0.8,12216.29,Active
20251101,2025-11-01,E10058,D02,CC201,1.0,6678.79,Active
20251101,2025-11-01,E10059,D02,CC202,1.0,10818.37,Active
20251101,2025-11-01,E10060,D02,CC202,1.0,13726.15,Active
20251101,2025-11-01,E10061,D02,CC201,1.0,14922.9,Active
20251101,2025-11-01,E10062,D02,CC202,1.0,10195.45,Active
20251101,2025-11-01,E10063,D02,CC201,1.0,13995.56,Active
20251101,2025-11-01,E10064,D02,CC201,1.0,7238.44,Active
20251101,2025-11-01,E10065,D02,CC202,1.0,7094.05,Active
20251101,2025-11-01,E10066,D02,CC201,1.0,10787.91,Active
20251101,2025-11-01,E10067,D02,CC201,1.0,9040.21,Active
20251101,2025-11-01,E10068,D02,CC202,1.0,10154.82,Active
20251101,2025-11-01,E10069,D02,CC202,1.0,14228.17,Active
20251101,2025-11-01,E10070,D02,CC202,1.0,6387.56,Active
20251101,2025-11-01,E10071,D02,CC201,1.0,12698.76,Active
20251101,2025-11-01,E10072,D02,CC202,1.0,7951.07,Active
20251101,2025-11-01,E10073,D02,CC202,1.0,15027.13,Active
20251101,2025-11-01,E10074,D02,CC201,1.0,13857.98,Active
20251101,2025-11-01,E10075,D02,CC201,1.0,9834.73,Active
20251101,2025-11-01,E10076,D02,CC201,1.0,12578.53,Active
20251101,2025-11-01,E10077,D02,CC202,1.0,9935.64,Active
20251101,2025-11-01,E10078,D02,CC202,1.0,5500.83,Active
20251101,2025-11-01,E10079,D02,CC202,1.0,7021.46,Active
20251101,2025-11-01,E10080,D02,CC202,1.0,15073.84,Active
20251101,2025-11-01,E10081,D02,CC202,1.0,14046.95,Active
20251101,2025-11-01,E10082,D02,CC202,1.0,6416.49,Active
20251101,2025-11-01,E10083,D02,CC201,0.8,10714.83,Active
20251101,2025-11-01,E10084,D02,CC201,1.0,8580.91,Active
20251101,2025-11-01,E10085,D02,CC201,1.0,11201.49,Active
20251101,2025-11-01,E10086,D02,CC202,1.0,8062.23,Active
20251101,2025-11-01,E10087,D02,CC201,1.0,6689.83,Active
20251101,2025-11-01,E10088,D02,CC201,1.0,10941.01,Active
20251101,2025-11-01,E10089,D02,CC202,1.0,15693.18,Active
20251101,2025-11-01,E10090,D02,CC202,1.0,5470.41,Active
20251101,2025-11-01,E10091,D02,CC201,1.0,16108.61,Active
20251101,2025-11-01,E10092,D02,CC201,1.0,12594.02,Active
20251101,2025-11-01,E10093,D02,CC202,1.0,8174.83,Active
20251101,2025-11-01,E10094,D02,CC202,1.0,14393.6,Active
20251101,2025-11-01,E10095,D02,CC201,1.0,14496.4,Active
20251101,2025-11-01,E10096,D02,CC202,1.0,10539.01,Active
20251101,2025-11-01,E10097,D02,CC202,1.0,11156.38,Active
20251101,2025-11-01,E10098,D02,CC202,1.0,12267.83,Active
20251101,2025-11-01,E10099,D02,CC201,1.0,10020.32,Active
20251101,2025-11-01,E10100,D02,CC202,1.0,10668.52,Active
20251101,2025-11-01,E10101,D02,CC201,1.0,11066.64,Active
20251101,2025-11-01,E10102,D02,CC201,1.0,5814.09,Active
20251101,2025-11-01,E10103,D02,CC202,1.0,15663.32,Active
20251101,2025-11-01,E10104,D02,CC201,1.0,11675.65,Active
20251101,2025-11-01,E10105,D02,CC202,1.0,9524.38,Active
20251101,2025-11-01,E10106,D02,CC201,1.0,5819.4,Active
20251101,2025-11-01,E10107,D02,CC202,1.0,10052.77,Active
20251101,2025-11-01,E10108,D02,CC202,1.0,14317.23,Active
20251101,2025-11-01,E10109,D02,CC201,1.0,9209.83,Active
20251101,2025-11-01,E10110,D02,CC202,1.0,8756.41,Active
20251101,2025-11-01,E10111,D02,CC201,0.8,8471.68,Active
20251101,2025-11-01,E10112,D02,CC202,0.8,8331.86,Active
20251101,2025-11-01,E10113,D02,CC201,1.0,13447.55,Active
20251101,2025-11-01,E10114,D02,CC201,1.0,9873.42,Active
20251101,2025-11-01,E10115,D02,CC202,1.0,6011.47,Active
20251101,2025-11-01,E10116,D02,CC201,1.0,14702.31,Active
20251101,2025-11-01,E10117,D02,CC202,1.0,13830.93,Active
20251101,2025-11-01,E10118,D02,CC201,1.0,12328.64,Active
20251101,2025-11-01,E10119,D02,CC201,1.0,11318.66,Active
20251101,2025-11-01,E10120,D02,CC201,1.0,13638.63,Active
20251101,2025-11-01,E10121,D02,CC201,1.0,11240.08,Active
20251101,2025-11-01,E10122,D02,CC202,0.8,6533.73,Active
20251101,2025-11-01,E10123,D02,CC202,1.0,11977.94,Active
20251101,2025-11-01,E10124,D02,CC201,1.0,9098.89,Active
20251101,2025-11-01,E10125,D02,CC202,1.0,8813.33,Active
20251101,2025-11-01,E10126,D02,CC202,1.0,11424.4,Active
20251101,2025-11-01,E10127,D02,CC201,1.0,13702.65,Active
20251101,2025-11-01,E10128,D02,CC201,1.0,12710.33,Active
20251101,2025-11-01,E10129,D02,CC201,1.0,7409.41,Active
20251101,2025-11-01,E10130,D02,CC202,1.0,8926.77,Active
20251101,2025-11-01,E10131,D03,CC301,1.0,15583.21,Active
20251101,2025-11-01,E10132,D03,CC301,1.0,13464.56,Active
20251101,2025-11-01,E10133,D03,CC301,1.0,10877.71,Active
20251101,2025-11-01,E10134,D03,CC301,1.0,11526.56,Active
20251101,2025-11-01,E10135,D03,CC301,1.0,15373.62,Active
20251101,2025-11-01,E10136,D03,CC301,1.0,11767.02,Active
20251101,2025-11-01,E10137,D03,CC301,1.0,12447.54,Active
20251101,2025-11-01,E10138,D03,CC301,1.0,10363.18,Active
20251101,2025-11-01,E10139,D03,CC301,1.0,16023.39,Active
20251101,2025-11-01,E10140,D03,CC301,1.0,15771.88,Active
20251101,2025-11-01,E10141,D03,CC301,1.0,15962.73,Active
20251101,2025-11-01,E10142,D03,CC301,1.0,15442.13,Active
20251101,2025-11-01,E10143,D03,CC301,1.0,12894.03,Active
20251101,2025-11-01,E10144,D03,CC301,1.0,10996.19,Active
20251101,2025-11-01,E10145,D03,CC301,1.0,11502.88,Active
20251101,2025-11-01,E10146,D03,CC301,1.0,6762.5,Active
20251101,2025-11-01,E10147,D03,CC301,1.0,15034.07,Active
20251101,2025-11-01,E10148,D03,CC301,0.8,11402.11,Active
20251101,2025-11-01,E10149,D03,CC301,1.0,13155.77,Active
20251101,2025-11-01,E10150,D03,CC301,1.0,8858.44,Active
20251101,2025-11-01,E10151,D03,CC301,1.0,9093.19,Active
20251101,2025-11-01,E10152,D03,CC301,1.0,5462.98,Active
20251101,2025-11-01,E10153,D03,CC301,1.0,15133.0,Active
20251101,2025-11-01,E10154,D03,CC301,1.0,13986.44,Active
20251101,2025-11-01,E10155,D03,CC301,1.0,12753.47,Active
20251101,2025-11-01,E10156,D03,CC301,1.0,9386.29,Active
20251101,2025-11-01,E10157,D03,CC301,1.0,9403.96,Active
20251101,2025-11-01,E10158,D03,CC301,1.0,13681.18,Active
20251101,2025-11-01,E10159,D03,CC301,1.0,12253.92,Active
20251101,2025-11-01,E10160,D03,CC301,0.8,12665.32,Active
20251101,2025-11-01,E10161,D03,CC301,1.0,12987.82,Active
20251101,2025-11-01,E10162,D03,CC301,1.0,14444.8,Active
20251101,2025-11-01,E10163,D03,CC301,1.0,11728.58,Active
20251101,2025-11-01,E10164,D03,CC301,0.8,10081.55,Active
20251101,2025-11-01,E10165,D03,CC301,1.0,13607.42,Active
20251101,2025-11-01,E10166,D03,CC301,1.0,14620.07,Active
20251101,2025-11-01,E10167,D03,CC301,1.0,5659.7,Active
20251101,2025-11-01,E10168,D03,CC301,1.0,5499.44,Active
20251101,2025-11-01,E10169,D03,CC301,1.0,8958.21,Active
20251101,2025-11-01,E10170,D03,CC301,1.0,11044.23,Active
20251101,2025-11-01,E10171,D03,CC301,1.0,5978.79,Active
20251101,2025-11-01,E10172,D03,CC301,1.0,9952.76,Active
20251101,2025-11-01,E10173,D03,CC301,1.0,9011.68,Active
20251101,2025-11-01,E10174,D03,CC301,1.0,10073.41,Active
20251101,2025-11-01,E10175,D03,CC301,1.0,9106.77,Active
20251101,2025-11-01,E10176,D03,CC301,1.0,14111.45,Active
20251101,2025-11-01,E10177,D03,CC301,1.0,10503.04,Active
20251101,2025-11-01,E10178,D03,CC301,1.0,11111.49,Active
20251101,2025-11-01,E10179,D03,CC301,1.0,12202.21,Active
20251101,2025-11-01,E10180,D03,CC301,1.0,6326.34,Active
20251101,2025-11-01,E10181,D03,CC301,1.0,15160.14,Active
20251101,2025-11-01,E10182,D03,CC301,1.0,10277.04,Active
20251101,2025-11-01,E10183,D03,CC301,1.0,6136.73,Active
20251101,2025-11-01,E10184,D03,CC301,1.0,9818.83,Active
20251101,2025-11-01,E10185,D03,CC301,1.0,14037.26,Active
20251101,2025-11-01,E10186,D03,CC301,1.0,13922.98,Active
20251101,2025-11-01,E10187,D03,CC301,1.0,12693.52,Active
20251101,2025-11-01,E10188,D03,CC301,1.0,11870.22,Active
20251101,2025-11-01,E10190,D03,CC301,1.0,11044.6,Active
20251101,2025-11-01,E10191,D03,CC301,1.0,12152.86,Active
20251101,2025-11-01,E10192,D03,CC301,1.0,5958.03,Active
20251101,2025-11-01,E10193,D03,CC301,1.0,10943.74,Active
20251101,2025-11-01,E10194,D03,CC301,1.0,11246.13,Active
20251101,2025-11-01,E10195,D03,CC301,1.0,12073.69,Active
20251101,2025-11-01,E10196,D03,CC301,1.0,11094.61,Active
20251101,2025-11-01,E10197,D03,CC301,1.0,14448.1,Active
20251101,2025-11-01,E10198,D03,CC301,1.0,15941.54,Active
20251101,2025-11-01,E10199,D03,CC301,1.0,12596.31,Active
20251101,2025-11-01,E10200,D03,CC301,1.0,14772.41,Active
20251101,2025-11-01,E10201,D04,CC401,1.0,9018.39,Active
20251101,2025-11-01,E10202,D04,CC401,1.0,15188.25,Active
20251101,2025-11-01,E10203,D04,CC401,1.0,12314.7,Active
20251101,2025-11-01,E10204,D04,CC401,1.0,8088.28,Active
20251101,2025-11-01,E10205,D04,CC401,1.0,7491.75,Active
20251101,2025-11-01,E10206,D04,CC401,1.0,5779.37,Active
20251101,2025-11-01,E10207,D04,CC401,1.0,7520.78,Active
20251101,2025-11-01,E10208,D04,CC401,1.0,7668.92,Active
20251101,2025-11-01,E10209,D04,CC401,1.0,8370.4,Active
20251101,2025-11-01,E10210,D04,CC401,1.0,8116.91,Active
20251101,2025-11-01,E10211,D04,CC401,1.0,8230.47,Active
20251101,2025-11-01,E10212,D04,CC401,1.0,6964.46,Active
20251101,2025-11-01,E10213,D04,CC401,1.0,8844.58,Active
20251101,2025-11-01,E10214,D04,CC401,1.0,12643.51,Active
20251101,2025-11-01,E10215,D04,CC401,1.0,13991.51,Active
20251101,2025-11-01,E10216,D04,CC401,1.0,9460.95,Active
20251101,2025-11-01,E10217,D04,CC401,1.0,13812.02,Active
20251101,2025-11-01,E10218,D04,CC401,1.0,7039.93,Active
20251101,2025-11-01,E10219,D04,CC401,1.0,8414.79,Active
20251101,2025-11-01,E10220,D04,CC401,1.0,14922.12,Active
20251101,2025-11-01,E10221,D04,CC401,1.0,13945.15,Active
20251101,2025-11-01,E10222,D04,CC401,1.0,13709.75,Active
20251101,2025-11-01,E10223,D04,CC401,1.0,7448.51,Active
20251101,2025-11-01,E10224,D04,CC401,1.0,13311.8,Active
20251101,2025-11-01,E10225,D04,CC401,1.0,9821.22,Active
20251101,2025-11-01,E10226,D04,CC401,1.0,7579.41,Active
20251101,2025-11-01,E10227,D04,CC401,1.0,10021.9,Active
20251101,2025-11-01,E10228,D04,CC401,1.0,14586.6,Active
20251101,2025-11-01,E10229,D04,CC401,1.0,8564.69,Active
20251101,2025-11-01,E10230,D04,CC401,1.0,10409.56,Active
20251101,2025-11-01,E10231,D04,CC401,1.0,10191.11,Active
20251101,2025-11-01,E10232,D04,CC401,1.0,9653.8,Active
20251101,2025-11-01,E10233,D04,CC401,1.0,12471.57,Active
20251101,2025-11-01,E10234,D04,CC401,1.0,10986.89,Active
20251101,2025-11-01,E10235,D04,CC401,1.0,6505.62,Active
20251101,2025-11-01,E10236,D04,CC401,1.0,9092.2,Active
20251101,2025-11-01,E10237,D04,CC401,1.0,14230.27,Active
20251101,2025-11-01,E10238,D04,CC401,1.0,16206.8,Active
20251101,2025-11-01,E10239,D04,CC401,1.0,8513.68,Active
20251101,2025-11-01,E10240,D04,CC401,1.0,14328.58,Active
20251101,2025-11-01,E10241,D04,CC401,1.0,16220.32,Active
20251101,2025-11-01,E10242,D04,CC401,1.0,13388.06,Active
20251101,2025-11-01,E10243,D04,CC401,1.0,11895.01,Active
20251101,2025-11-01,E10244,D04,CC401,1.0,6377.55,Active
20251101,2025-11-01,E10245,D04,CC401,1.0,12897.04,Active
20251101,2025-11-01,E10246,D04,CC401,1.0,11609.06,Active
20251101,2025-11-01,E10247,D04,CC401,1.0,6798.17,Active
20251101,2025-11-01,E10248,D04,CC401,1.0,14401.39,Active
20251101,2025-11-01,E10249,D05,CC502,1.0,12813.8,Active
20251101,2025-11-01,E10250,D05,CC501,1.0,11786.46,Active
20251101,2025-11-01,E10251,D05,CC502,1.0,15807.86,Active
20251101,2025-11-01,E10252,D05,CC502,1.0,12075.67,Active
20251101,2025-11-01,E10253,D05,CC502,1.0,9766.77,Active
20251101,2025-11-01,E10254,D05,CC502,1.0,8943.12,Active
20251101,2025-11-01,E10255,D05,CC501,1.0,12783.98,Active
20251101,2025-11-01,E10256,D05,CC501,1.0,12090.44,Active
20251101,2025-11-01,E10257,D05,CC502,1.0,15308.85,Active
20251101,2025-11-01,E10258,D05,CC501,1.0,8550.98,Active
20251101,2025-11-01,E10259,D05,CC502,1.0,5604.99,Active
20251101,2025-11-01,E10260,D05,CC501,1.0,16159.09,Active
20251101,2025-11-01,E10261,D05,CC502,1.0,13576.92,Active
20251101,2025-11-01,E10262,D05,CC502,1.0,7622.94,Active
20251101,2025-11-01,E10263,D05,CC502,1.0,11616.39,Active
20251101,2025-11-01,E10264,D05,CC502,1.0,13079.8,Active
20251101,2025-11-01,E10265,D05,CC502,1.0,16319.23,Active
20251101,2025-11-01,E10266,D05,CC501,1.0,12014.95,Active
20251101,2025-11-01,E10267,D05,CC502,1.0,11671.71,Active
20251101,2025-11-01,E10268,D05,CC501,1.0,5891.14,Active
20251101,2025-11-01,E10269,D05,CC502,1.0,15303.18,Active
20251101,2025-11-01,E10270,D05,CC501,1.0,14289.03,Active
20251101,2025-11-01,E10271,D05,CC502,0.8,12076.56,Active
20251101,2025-11-01,E10272,D05,CC501,1.0,12511.83,Active
20251101,2025-11-01,E10273,D05,CC501,1.0,5880.18,Active
20251101,2025-11-01,E10274,D05,CC501,1.0,11302.39,Active
20251101,2025-11-01,E10275,D05,CC501,0.8,7962.17,Active
20251101,2025-11-01,E10276,D05,CC502,1.0,10885.92,Active
20251101,2025-11-01,E10277,D05,CC501,1.0,8236.46,Active
20251101,2025-11-01,E10278,D05,CC502,1.0,9569.13,Active
20251101,2025-11-01,E10279,D05,CC501,1.0,5613.33,Active
20251101,2025-11-01,E10280,D05,CC502,1.0,13523.88,Active
20251101,2025-11-01,E10281,D05,CC502,1.0,12448.87,Active
20251101,2025-11-01,E10282,D05,CC501,1.0,8537.07,Active
20251101,2025-11-01,E10283,D05,CC501,1.0,11924.74,Active
20251101,2025-11-01,E10284,D05,CC501,1.0,13363.69,Active
20251101,2025-11-01,E10285,D05,CC502,1.0,5573.94,Active
20251101,2025-11-01,E10286,D05,CC501,1.0,7335.12,Active
20251101,2025-11-01,E10287,D05,CC501,1.0,13050.82,Active
20251101,2025-11-01,E10288,D05,CC501,1.0,10268.05,Active
20251101,2025-11-01,E10289,D05,CC501,1.0,13781.57,Active
20251101,2025-11-01,E10290,D05,CC501,1.0,7635.9,Active
20251101,2025-11-01,E10291,D05,CC501,1.0,9097.37,Active
20251101,2025-11-01,E10292,D05,CC501,1.0,15030.21,Active
20251101,2025-11-01,E10293,D05,CC502,1.0,6586.92,Active
20251101,2025-11-01,E10294,D05,CC501,1.0,7460.71,Active
20251101,2025-11-01,E10295,D05,CC501,1.0,10076.44,Active
20251101,2025-11-01,E10296,D05,CC502,1.0,7353.31,Active
20251101,2025-11-01,E10297,D05,CC501,1.0,10483.84,Active
20251101,2025-11-01,E10298,D05,CC501,1.0,9393.11,Active
20251101,2025-11-01,E10299,D05,CC502,1.0,13836.01,Active
20251101,2025-11-01,E10300,D05,CC501,1.0,13902.82,Active
20251101,2025-11-01,E10301,D05,CC502,1.0,12018.44,Active
20251101,2025-11-01,E10302,D05,CC502,1.0,12221.3,Active
20251101,2025-11-01,E10303,D05,CC502,1.0,12049.37,Active
20251101,2025-11-01,E10304,D05,CC501,1.0,13498.91,Active
20251101,2025-11-01,E10305,D05,CC502,1.0,15204.04,Active
20251101,2025-11-01,E10306,D05,CC501,1.0,13736.07,Active
20251101,2025-11-01,E10307,D05,CC501,0.8,8627.37,Active
20251101,2025-11-01,E10308,D05,CC501,1.0,12477.81,Active
20251101,2025-11-01,E10309,D05,CC502,1.0,10166.72,Active
20251101,2025-11-01,E10310,D05,CC501,1.0,12431.4,Active
20251101,2025-11-01,E10311,D05,CC502,1.0,9954.83,Active
20251101,2025-11-01,E10312,D05,CC502,1.0,13392.74,Active
20251101,2025-11-01,E10313,D05,CC501,1.0,6015.93,Active
20251101,2025-11-01,E10314,D05,CC502,1.0,9648.67,Active
20251101,2025-11-01,E10315,D05,CC502,0.8,4419.44,Active
20251101,2025-11-01,E10316,D05,CC501,1.0,5980.13,Active
20251101,2025-11-01,E10317,D05,CC501,1.0,7367.48,Active
20251101,2025-11-01,E10318,D05,CC502,1.0,9998.86,Active
20251101,2025-11-01,E10319,D05,CC502,1.0,7584.52,Active
20251101,2025-11-01,E10320,D05,CC502,1.0,8664.66,Active
20251101,2025-11-01,E10321,D05,CC501,1.0,13898.76,Active
20251101,2025-11-01,E10322,D05,CC502,1.0,7346.08,Active
20251101,2025-11-01,E10323,D05,CC501,1.0,13283.04,Active
20251101,2025-11-01,E10324,D05,CC501,0.8,7989.59,Active
20251101,2025-11-01,E10325,D06,CC601,1.0,7044.84,Active
20251101,2025-11-01,E10326,D06,CC601,1.0,8685.38,Active
20251101,2025-11-01,E10327,D06,CC601,1.0,10715.25,Active
20251101,2025-11-01,E10328,D06,CC601,1.0,7589.67,Active
20251101,2025-11-01,E10329,D06,CC601,1.0,13276.22,Active
20251101,2025-11-01,E10330,D06,CC601,1.0,9877.09,Active
20251101,2025-11-01,E10331,D06,CC601,1.0,8795.84,Active
20251101,2025-11-01,E10332,D06,CC601,1.0,16286.69,Active
20251101,2025-11-01,E10333,D06,CC601,1.0,7231.08,Active
20251101,2025-11-01,E10334,D06,CC601,1.0,13721.04,Active
20251101,2025-11-01,E10335,D06,CC601,1.0,12369.76,Active
20251101,2025-11-01,E10336,D06,CC601,1.0,15481.54,Active
20251101,2025-11-01,E10337,D06,CC601,1.0,15361.55,Active
20251101,2025-11-01,E10338,D06,CC601,1.0,12450.67,Active
20251101,2025-11-01,E10339,D06,CC601,1.0,12868.87,Active
20251101,2025-11-01,E10340,D06,CC601,1.0,15686.43,Active
20251101,2025-11-01,E10342,D06,CC601,1.0,16081.12,Active
20251101,2025-11-01,E10343,D06,CC601,1.0,15030.89,Active
20251101,2025-11-01,E10344,D06,CC601,1.0,8749.74,Active
20251101,2025-11-01,E10345,D06,CC601,0.8,7910.12,Active
20251101,2025-11-01,E10346,D06,CC601,0.8,11073.45,Active
20251101,2025-11-01,E10347,D06,CC601,0.8,6193.08,Active
20251101,2025-11-01,E10348,D06,CC601,0.8,11376.82,Active
20251101,2025-11-01,E10349,D06,CC601,1.0,11103.02,Active
20251101,2025-11-01,E10350,D06,CC601,1.0,9485.5,Active
20251101,2025-11-01,E10351,D06,CC601,1.0,10902.31,Active
20251101,2025-11-01,E10352,D06,CC601,1.0,7768.76,Active
20251101,2025-11-01,E10353,D06,CC601,1.0,14111.58,Active
20251101,2025-11-01,E10354,D06,CC601,1.0,14805.49,Active
20251101,2025-11-01,E10355,D06,CC601,1.0,6343.54,Active
20251101,2025-11-01,E10356,D06,CC601,1.0,6194.58,Active
20251101,2025-11-01,E10357,D06,CC601,1.0,10680.68,Active
20251101,2025-11-01,E10359,D07,CC701,0.8,11266.62,Active
20251101,2025-11-01,E10360,D07,CC701,1.0,15722.84,Active
20251101,2025-11-01,E10361,D07,CC701,1.0,9088.62,Active
20251101,2025-11-01,E10362,D07,CC701,1.0,15104.58,Active
20251101,2025-11-01,E10363,D07,CC701,1.0,12725.33,Active
20251101,2025-11-01,E10364,D07,CC701,0.8,11951.53,Active
20251101,2025-11-01,E10365,D07,CC701,1.0,13126.35,Active
20251101,2025-11-01,E10366,D07,CC701,1.0,14764.62,Active
20251101,2025-11-01,E10367,D07,CC701,1.0,12091.06,Active
20251101,2025-11-01,E10368,D07,CC701,0.8,5948.75,Active
20251101,2025-11-01,E10369,D07,CC701,1.0,15006.03,Active
20251101,2025-11-01,E10370,D07,CC701,1.0,10712.2,Active
20251101,2025-11-01,E10371,D07,CC701,1.0,15380.2,Active
20251101,2025-11-01,E10372,D07,CC701,1.0,8596.43,Active
20251101,2025-11-01,E10373,D07,CC701,1.0,14840.11,Active
20251101,2025-11-01,E10374,D07,CC701,1.0,6401.68,Active
20251101,2025-11-01,E10375,D07,CC701,1.0,15793.83,Active
20251101,2025-11-01,E10376,D07,CC701,1.0,7789.79,Active
20251101,2025-11-01,E10377,D07,CC701,1.0,13085.93,Active
20251101,2025-11-01,E10378,D07,CC701,1.0,13652.73,Active
20251101,2025-11-01,E10379,D07,CC701,1.0,15812.46,Active
20251101,2025-11-01,E10380,D07,CC701,1.0,12261.38,Active
20251101,2025-11-01,E10381,D07,CC701,1.0,9072.18,Active
20251101,2025-11-01,E10382,D07,CC701,1.0,12011.48,Active
20251101,2025-11-01,E10383,D07,CC701,1.0,13403.05,Active
20251101,2025-11-01,E10384,D07,CC701,1.0,10169.41,Active
20251101,2025-11-01,E10385,D07,CC701,1.0,8584.23,Active
20251101,2025-11-01,E10386,D07,CC701,1.0,11871.37,Active
20251101,2025-11-01,E10387,D07,CC701,1.0,6811.98,Active
20251101,2025-11-01,E10388,D07,CC701,1.0,5432.37,Active
20251101,2025-11-01,E10389,D07,CC701,1.0,14715.76,Active
20251101,2025-11-01,E10390,D07,CC701,1.0,14221.0,Active
20251101,2025-11-01,E10391,D07,CC701,1.0,11814.8,Active
20251101,2025-11-01,E10392,D07,CC701,1.0,8922.49,Active
20251101,2025-11-01,E10393,D07,CC701,1.0,10294.21,Active
20251101,2025-11-01,E10394,D07,CC701,1.0,14563.97,Active
20251101,2025-11-01,E10395,D07,CC701,1.0,10858.34,Active
20251101,2025-11-01,E10396,D07,CC701,1.0,13047.02,Active
20251101,2025-11-01,E10397,D07,CC701,1.0,13182.87,Active
20251101,2025-11-01,E10398,D07,CC701,0.8,7190.13,Active
20251101,2025-11-01,E10399,D07,CC701,1.0,6017.8,Active
20251101,2025-11-01,E10400,D07,CC701,1.0,8658.37,Active
20251101,2025-11-01,E10401,D07,CC701,1.0,9166.43,Active
20251101,2025-11-01,E10402,D07,CC701,1.0,9770.36,Active
20251101,2025-11-01,E10403,D08,CC802,1.0,7604.86,Active
20251101,2025-11-01,E10404,D08,CC801,1.0,13611.01,Active
20251101,2025-11-01,E10405,D08,CC801,1.0,7183.86,Active
20251101,2025-11-01,E10406,D08,CC801,1.0,8579.05,Active
20251101,2025-11-01,E10407,D08,CC801,1.0,13544.45,Active
20251101,2025-11-01,E10408,D08,CC801,1.0,11583.52,Active
20251101,2025-11-01,E10409,D08,CC801,1.0,9985.98,Active
20251101,2025-11-01,E10410,D08,CC801,1.0,7337.22,Active
20251101,2025-11-01,E10411,D08,CC802,1.0,12425.56,Active
20251101,2025-11-01,E10412,D08,CC801,1.0,9771.98,Active
20251101,2025-11-01,E10413,D08,CC801,1.0,10713.34,Active
20251101,2025-11-01,E10414,D08,CC801,1.0,16101.04,Active
20251101,2025-11-01,E10415,D08,CC802,1.0,12545.3,Active
20251101,2025-11-01,E10416,D08,CC801,1.0,6720.21,Active
20251101,2025-11-01,E10417,D08,CC801,1.0,12592.0,Active
20251101,2025-11-01,E10418,D08,CC802,1.0,16170.41,Active
20251101,2025-11-01,E10419,D08,CC801,1.0,6511.28,Active
20251101,2025-11-01,E10420,D08,CC802,1.0,12442.35,Active
20251101,2025-11-01,E10421,D08,CC801,1.0,6496.06,Active
20251101,2025-11-01,E10422,D08,CC801,1.0,14288.47,Active
20251101,2025-11-01,E10423,D08,CC802,1.0,11197.56,Active
20251101,2025-11-01,E10424,D08,CC801,1.0,11742.05,Active
20251101,2025-11-01,E10425,D08,CC801,1.0,15283.57,Active
20251101,2025-11-01,E10426,D08,CC802,1.0,5542.23,Active
20251101,2025-11-01,E10427,D08,CC801,1.0,6910.46,Active
20251101,2025-11-01,E10428,D08,CC801,1.0,14669.87,Active
20251101,2025-11-01,E10429,D08,CC802,1.0,10896.26,Active
20251101,2025-11-01,E10430,D08,CC801,1.0,16015.1,Active
20251101,2025-11-01,E10431,D08,CC802,1.0,15664.18,Active
20251101,2025-11-01,E10432,D08,CC802,1.0,11786.21,Active
20251101,2025-11-01,E10433,D08,CC801,1.0,16081.42,Active
20251101,2025-11-01,E10434,D08,CC801,1.0,5981.9,Active
20251101,2025-11-01,E10435,D08,CC801,1.0,14580.03,Active
20251101,2025-11-01,E10436,D08,CC802,1.0,7839.92,Active
20251101,2025-11-01,E10437,D08,CC801,1.0,12099.59,Active
20251101,2025-11-01,E10438,D08,CC801,1.0,9670.35,Active
20251101,2025-11-01,E10439,D08,CC802,1.0,15638.89,Active
20251101,2025-11-01,E10440,D08,CC802,1.0,6248.33,Active
20251101,2025-11-01,E10441,D08,CC801,1.0,11505.79,Active
20251101,2025-11-01,E10442,D08,CC802,1.0,8813.88,Active
20251101,2025-11-01,E10443,D08,CC802,1.0,8122.94,Active
20251101,2025-11-01,E10444,D08,CC802,0.8,10310.69,Active
20251101,2025-11-01,E10445,D08,CC802,1.0,6405.29,Active
20251101,2025-11-01,E10446,D08,CC802,1.0,13988.25,Active
20251101,2025-11-01,E10447,D08,CC801,0.8,7615.07,Active
20251101,2025-11-01,E10448,D08,CC802,1.0,13236.35,Active
20251101,2025-11-01,E10449,D08,CC802,1.0,10813.71,Active
20251101,2025-11-01,E10450,D08,CC801,1.0,11433.89,Active
20251101,2025-11-01,E10451,D08,CC802,1.0,15664.17,Active
20251101,2025-11-01,E10452,D08,CC802,1.0,13568.25,Active
20251101,2025-11-01,E10453,D08,CC801,1.0,8304.13,Active
20251101,2025-11-01,E10454,D08,CC802,1.0,11521.76,Active
20251101,2025-11-01,E10455,D08,CC802,1.0,12482.15,Active
20251101,2025-11-01,E10456,D08,CC802,1.0,9984.48,Active
20251101,2025-11-01,E10457,D08,CC802,1.0,9279.48,Active
20251101,2025-11-01,E10458,D08,CC801,1.0,15736.78,Active
20251101,2025-11-01,E10459,D08,CC802,1.0,6455.81,Active
20251101,2025-11-01,E10460,D08,CC801,1.0,14705.67,Active
20251101,2025-11-01,E10461,D08,CC801,1.0,15684.91,Active
20251101,2025-11-01,E10462,D08,CC802,1.0,11509.85,Active
20251101,2025-11-01,E10463,D08,CC801,1.0,10071.6,Active
20251101,2025-11-01,E10464,D08,CC801,1.0,12827.76,Active
20251101,2025-11-01,E10465,D08,CC801,1.0,15279.23,Active
20251101,2025-11-01,E10466,D08,CC801,1.0,13646.55,Active
20251101,2025-11-01,E10467,D08,CC802,0.8,4752.8,Active
20251101,2025-11-01,E10468,D08,CC801,1.0,14886.73,Active
20251101,2025-11-01,E10469,D08,CC802,1.0,6835.31,Active
20251101,2025-11-01,E10470,D08,CC802,0.8,7600.96,Active
20251201,2025-12-01,E10001,D01,CC102,1.0,14449.86,Active
20251201,2025-12-01,E10002,D01,CC101,1.0,8354.36,Active
20251201,2025-12-01,E10003,D01,CC102,1.0,12453.14,Active
20251201,2025-12-01,E10004,D01,CC101,1.0,16119.21,Active
20251201,2025-12-01,E10005,D01,CC102,1.0,14116.31,Active
20251201,2025-12-01,E10006,D01,CC102,1.0,13570.41,Active
20251201,2025-12-01,E10007,D01,CC102,1.0,7337.26,Active
20251201,2025-12-01,E10008,D01,CC102,1.0,7279.62,Active
20251201,2025-12-01,E10009,D01,CC101,1.0,15882.37,Active
20251201,2025-12-01,E10010,D01,CC102,1.0,14034.47,Active
20251201,2025-12-01,E10011,D01,CC102,1.0,12653.9,Active
20251201,2025-12-01,E10012,D01,CC102,1.0,10261.94,Active
20251201,2025-12-01,E10013,D01,CC101,1.0,12048.88,Active
20251201,2025-12-01,E10014,D01,CC102,1.0,12216.08,Active
20251201,2025-12-01,E10015,D01,CC102,1.0,9117.59,Active
20251201,2025-12-01,E10016,D01,CC102,1.0,13076.72,Active
20251201,2025-12-01,E10017,D01,CC102,1.0,11146.53,Active
20251201,2025-12-01,E10018,D01,CC102,1.0,15419.63,Active
20251201,2025-12-01,E10019,D01,CC102,1.0,6820.51,Active
20251201,2025-12-01,E10020,D01,CC101,1.0,8718.45,Active
20251201,2025-12-01,E10021,D01,CC102,1.0,11064.7,Active
20251201,2025-12-01,E10022,D01,CC102,1.0,13225.63,Active
20251201,2025-12-01,E10023,D01,CC101,1.0,6362.75,Active
20251201,2025-12-01,E10024,D01,CC101,1.0,10387.36,Active
20251201,2025-12-01,E10025,D01,CC102,1.0,14903.43,Active
20251201,2025-12-01,E10026,D01,CC102,1.0,10280.75,Active
20251201,2025-12-01,E10027,D01,CC101,1.0,9152.89,Active
20251201,2025-12-01,E10028,D01,CC102,1.0,13561.01,Active
20251201,2025-12-01,E10029,D01,CC102,1.0,5629.93,Active
20251201,2025-12-01,E10030,D01,CC102,1.0,10527.45,Active
20251201,2025-12-01,E10031,D01,CC102,1.0,8726.59,Active
20251201,2025-12-01,E10032,D01,CC101,1.0,6447.16,Active
20251201,2025-12-01,E10033,D01,CC101,1.0,14312.65,Active
20251201,2025-12-01,E10034,D01,CC101,1.0,12585.29,Active
20251201,2025-12-01,E10035,D01,CC101,1.0,14778.02,Active
20251201,2025-12-01,E10036,D01,CC102,1.0,10549.35,Active
20251201,2025-12-01,E10037,D01,CC102,1.0,15320.16,Active
20251201,2025-12-01,E10038,D01,CC101,1.0,14835.29,Active
20251201,2025-12-01,E10039,D02,CC202,1.0,14481.28,Active
20251201,2025-12-01,E10040,D02,CC202,1.0,6616.85,Active
20251201,2025-12-01,E10041,D02,CC202,1.0,13437.47,Active
20251201,2025-12-01,E10042,D02,CC202,1.0,10777.96,Active
20251201,2025-12-01,E10043,D02,CC202,1.0,11204.23,Active
20251201,2025-12-01,E10044,D02,CC202,1.0,6103.46,Active
20251201,2025-12-01,E10045,D02,CC202,1.0,15550.69,Active
20251201,2025-12-01,E10046,D02,CC202,1.0,5729.07,Active
20251201,2025-12-01,E10047,D02,CC201,1.0,10257.79,Active
20251201,2025-12-01,E10048,D02,CC202,1.0,9210.69,Active
20251201,2025-12-01,E10049,D02,CC202,1.0,13175.18,Active
20251201,2025-12-01,E10050,D02,CC202,1.0,12817.9,Active
20251201,2025-12-01,E10051,D02,CC201,1.0,14675.48,Active
20251201,2025-12-01,E10052,D02,CC202,1.0,6383.2,Active
20251201,2025-12-01,E10053,D02,CC202,1.0,7216.41,Active
20251201,2025-12-01,E10054,D02,CC202,0.8,12557.93,Active
20251201,2025-12-01,E10055,D02,CC201,0.8,9196.34,Active
20251201,2025-12-01,E10056,D02,CC201,1.0,9347.57,Active
20251201,2025-12-01,E10057,D02,CC201,1.0,15108.65,Active
20251201,2025-12-01,E10058,D02,CC201,1.0,6711.58,Active
20251201,2025-12-01,E10059,D02,CC202,1.0,10659.13,Active
20251201,2025-12-01,E10060,D02,CC202,1.0,13925.0,Active
20251201,2025-12-01,E10061,D02,CC201,1.0,14940.84,Active
20251201,2025-12-01,E10062,D02,CC202,1.0,10228.24,Active
20251201,2025-12-01,E10063,D02,CC201,1.0,13955.36,Active
20251201,2025-12-01,E10064,D02,CC201,1.0,7269.54,Active
20251201,2025-12-01,E10065,D02,CC202,1.0,7167.06,Active
20251201,2025-12-01,E10066,D02,CC201,0.8,8735.42,Active
20251201,2025-12-01,E10067,D02,CC201,1.0,8988.55,Active
20251201,2025-12-01,E10068,D02,CC202,1.0,10190.07,Active
20251201,2025-12-01,E10069,D02,CC202,1.0,14347.78,Active
20251201,2025-12-01,E10070,D02,CC202,1.0,6390.26,Active
20251201,2025-12-01,E10071,D02,CC201,1.0,12532.98,Active
20251201,2025-12-01,E10072,D02,CC202,1.0,7972.83,Active
20251201,2025-12-01,E10073,D02,CC202,1.0,15252.42,Active
20251201,2025-12-01,E10074,D02,CC201,1.0,13691.73,Active
20251201,2025-12-01,E10075,D02,CC201,1.0,9724.15,Active
20251201,2025-12-01,E10076,D02,CC201,1.0,12618.18,Active
20251201,2025-12-01,E10077,D02,CC202,1.0,10020.84,Active
20251201,2025-12-01,E10078,D02,CC202,1.0,5514.03,Active
20251201,2025-12-01,E10079,D02,CC202,1.0,7091.83,Active
20251201,2025-12-01,E10080,D02,CC202,1.0,15158.75,Active
20251201,2025-12-01,E10081,D02,CC202,1.0,13986.76,Active
20251201,2025-12-01,E10082,D02,CC202,1.0,6347.76,Active
20251201,2025-12-01,E10083,D02,CC201,1.0,13577.79,Active
20251201,2025-12-01,E10084,D02,CC201,1.0,8589.25,Active
20251201,2025-12-01,E10085,D02,CC201,1.0,11075.76,Active
20251201,2025-12-01,E10086,D02,CC202,1.0,8084.23,Active
20251201,2025-12-01,E10087,D02,CC201,1.0,6700.98,Active
20251201,2025-12-01,E10088,D02,CC201,1.0,11035.97,Active
20251201,2025-12-01,E10089,D02,CC202,1.0,15744.64,Active
20251201,2025-12-01,E10090,D02,CC202,1.0,5544.22,Active
20251201,2025-12-01,E10091,D02,CC201,0.8,12968.18,Active
20251201,2025-12-01,E10092,D02,CC201,1.0,12698.21,Active
20251201,2025-12-01,E10093,D02,CC202,1.0,8120.13,Active
20251201,2025-12-01,E10094,D02,CC202,1.0,14248.99,Active
20251201,2025-12-01,E10095,D02,CC201,1.0,14387.02,Active
20251201,2025-12-01,E10096,D02,CC202,1.0,10521.81,Active
20251201,2025-12-01,E10097,D02,CC202,1.0,11176.41,Active
20251201,2025-12-01,E10098,D02,CC202,1.0,12423.15,Active
20251201,2025-12-01,E10099,D02,CC201,0.8,8046.25,Active
20251201,2025-12-01,E10100,D02,CC202,1.0,10607.68,Active
20251201,2025-12-01,E10101,D02,CC201,1.0,10917.64,Active
20251201,2025-12-01,E10102,D02,CC201,1.0,5763.03,Active
20251201,2025-12-01,E10103,D02,CC202,1.0,15613.53,Active
20251201,2025-12-01,E10104,D02,CC201,1.0,11568.46,Active
20251201,2025-12-01,E10105,D02,CC202,1.0,9419.78,Active
20251201,2025-12-01,E10106,D02,CC201,1.0,5756.05,Active
20251201,2025-12-01,E10107,D02,CC202,1.0,9949.88,Active
20251201,2025-12-01,E10108,D02,CC202,1.0,14238.8,Active
20251201,2025-12-01,E10109,D02,CC201,1.0,9141.44,Active
20251201,2025-12-01,E10110,D02,CC202,1.0,8799.33,Active
20251201,2025-12-01,E10111,D02,CC201,1.0,10528.0,Active
20251201,2025-12-01,E10112,D02,CC202,1.0,10434.38,Active
20251201,2025-12-01,E10113,D02,CC201,1.0,13306.05,Active
20251201,2025-12-01,E10114,D02,CC201,1.0,9924.03,Active
20251201,2025-12-01,E10115,D02,CC202,1.0,5937.02,Active
20251201,2025-12-01,E10116,D02,CC201,1.0,14704.33,Active
20251201,2025-12-01,E10117,D02,CC202,1.0,13866.92,Active
20251201,2025-12-01,E10118,D02,CC201,1.0,12529.0,Active
20251201,2025-12-01,E10119,D02,CC201,1.0,11429.06,Active
20251201,2025-12-01,E10120,D02,CC201,1.0,13694.73,Active
20251201,2025-12-01,E10121,D02,CC201,1.0,11274.34,Active
20251201,2025-12-01,E10122,D02,CC202,0.8,6546.89,Active
20251201,2025-12-01,E10123,D02,CC202,1.0,11966.1,Active
20251201,2025-12-01,E10124,D02,CC201,1.0,9081.53,Active
20251201,2025-12-01,E10125,D02,CC202,1.0,8819.43,Active
20251201,2025-12-01,E10127,D02,CC201,1.0,13888.01,Active
20251201,2025-12-01,E10128,D02,CC201,1.0,12909.38,Active
20251201,2025-12-01,E10129,D02,CC201,1.0,7484.19,Active
20251201,2025-12-01,E10130,D02,CC202,1.0,8915.39,Active
20251201,2025-12-01,E10131,D03,CC301,1.0,15631.98,Active
20251201,2025-12-01,E10132,D03,CC301,1.0,13729.21,Active
20251201,2025-12-01,E10133,D03,CC301,1.0,10954.18,Active
20251201,2025-12-01,E10134,D03,CC301,1.0,11364.97,Active
20251201,2025-12-01,E10135,D03,CC301,1.0,15255.78,Active
20251201,2025-12-01,E10136,D03,CC301,1.0,11876.19,Active
20251201,2025-12-01,E10137,D03,CC301,1.0,12460.94,Active
20251201,2025-12-01,E10138,D03,CC301,1.0,10292.78,Active
20251201,2025-12-01,E10139,D03,CC301,1.0,16076.14,Active
20251201,2025-12-01,E10140,D03,CC301,1.0,15840.37,Active
20251201,2025-12-01,E10141,D03,CC301,1.0,15868.78,Active
20251201,2025-12-01,E10142,D03,CC301,1.0,15457.94,Active
20251201,2025-12-01,E10143,D03,CC301,1.0,12729.27,Active
20251201,2025-12-01,E10144,D03,CC301,1.0,10879.9,Active
20251201,2025-12-01,E10145,D03,CC301,1.0,11502.15,Active
20251201,2025-12-01,E10146,D03,CC301,0.8,5466.49,Active
20251201,2025-12-01,E10147,D03,CC301,1.0,14894.2,Active
20251201,2025-12-01,E10148,D03,CC301,0.8,11296.48,Active
20251201,2025-12-01,E10149,D03,CC301,1.0,13201.44,Active
20251201,2025-12-01,E10150,D03,CC301,1.0,8944.63,Active
20251201,2025-12-01,E10151,D03,CC301,1.0,9085.27,Active
20251201,2025-12-01,E10152,D03,CC301,1.0,5506.24,Active
20251201,2025-12-01,E10153,D03,CC301,1.0,15268.06,Active
20251201,2025-12-01,E10154,D03,CC301,1.0,14068.05,Active
20251201,2025-12-01,E10155,D03,CC301,1.0,12826.63,Active
20251201,2025-12-01,E10156,D03,CC301,1.0,9348.01,Active
20251201,2025-12-01,E10157,D03,CC301,1.0,9391.46,Active
20251201,2025-12-01,E10158,D03,CC301,1.0,13667.63,Active
20251201,2025-12-01,E10159,D03,CC301,1.0,12141.66,Active
20251201,2025-12-01,E10160,D03,CC301,1.0,15996.0,Active
20251201,2025-12-01,E10161,D03,CC301,1.0,13134.74,Active
20251201,2025-12-01,E10162,D03,CC301,1.0,14264.12,Active
20251201,2025-12-01,E10163,D03,CC301,1.0,11690.65,Active
20251201,2025-12-01,E10164,D03,CC301,1.0,12606.07,Active
20251201,2025-12-01,E10165,D03,CC301,1.0,13621.88,Active
20251201,2025-12-01,E10166,D03,CC301,1.0,14765.42,Active
20251201,2025-12-01,E10167,D03,CC301,1.0,5656.25,Active
20251201,2025-12-01,E10168,D03,CC301,1.0,5508.58,Active
20251201,2025-12-01,E10169,D03,CC301,1.0,8867.81,Active
20251201,2025-12-01,E10170,D03,CC301,1.0,11084.97,Active
20251201,2025-12-01,E10171,D03,CC301,1.0,5921.61,Active
20251201,2025-12-01,E10172,D03,CC301,1.0,10101.89,Active
20251201,2025-12-01,E10173,D03,CC301,1.0,9116.18,Active
20251201,2025-12-01,E10174,D03,CC301,1.0,10131.64,Active
20251201,2025-12-01,E10175,D03,CC301,1.0,9003.44,Active
20251201,2025-12-01,E10176,D03,CC301,1.0,14098.78,Active
20251201,2025-12-01,E10177,D03,CC301,1.0,10553.18,Active
20251201,2025-12-01,E10178,D03,CC301,0.8,8871.43,Active
20251201,2025-12-01,E10179,D03,CC301,1.0,12243.47,Active
20251201,2025-12-01,E10180,D03,CC301,1.0,6401.55,Active
20251201,2025-12-01,E10181,D03,CC301,1.0,14983.43,Active
20251201,2025-12-01,E10182,D03,CC301,1.0,10275.95,Active
20251201,2025-12-01,E10183,D03,CC301,1.0,6111.64,Active
20251201,2025-12-01,E10184,D03,CC301,1.0,9900.06,Active
20251201,2025-12-01,E10185,D03,CC301,1.0,14028.74,Active
20251201,2025-12-01,E10186,D03,CC301,1.0,13961.38,Active
20251201,2025-12-01,E10187,D03,CC301,1.0,12807.16,Active
20251201,2025-12-01,E10188,D03,CC301,1.0,11716.22,Active
20251201,2025-12-01,E10190,D03,CC301,1.0,10925.88,Active
20251201,2025-12-01,E10191,D03,CC301,1.0,12163.97,Active
20251201,2025-12-01,E10192,D03,CC301,1.0,5881.94,Active
20251201,2025-12-01,E10193,D03,CC301,1.0,11069.47,Active
20251201,2025-12-01,E10194,D03,CC301,1.0,11296.62,Active
20251201,2025-12-01,E10195,D03,CC301,1.0,11934.39,Active
20251201,2025-12-01,E10196,D03,CC301,1.0,10951.7,Active
20251201,2025-12-01,E10197,D03,CC301,1.0,14431.79,Active
20251201,2025-12-01,E10198,D03,CC301,0.8,12773.42,Active
20251201,2025-12-01,E10199,D03,CC301,0.8,10167.67,Active
20251201,2025-12-01,E10200,D03,CC301,1.0,14722.11,Active
20251201,2025-12-01,E10201,D04,CC401,1.0,9099.65,Active
20251201,2025-12-01,E10202,D04,CC401,1.0,15366.12,Active
20251201,2025-12-01,E10203,D04,CC401,1.0,12316.78,Active
20251201,2025-12-01,E10204,D04,CC401,1.0,8106.53,Active
20251201,2025-12-01,E10205,D04,CC401,1.0,7487.69,Active
20251201,2025-12-01,E10206,D04,CC401,1.0,5799.62,Active
20251201,2025-12-01,E10207,D04,CC401,1.0,7529.74,Active
20251201,2025-12-01,E10208,D04,CC401,1.0,7620.47,Active
20251201,2025-12-01,E10209,D04,CC401,1.0,8344.98,Active
20251201,2025-12-01,E10210,D04,CC401,1.0,8151.82,Active
20251201,2025-12-01,E10211,D04,CC401,1.0,8267.52,Active
20251201,2025-12-01,E10212,D04,CC401,1.0,6999.18,Active
20251201,2025-12-01,E10213,D04,CC401,1.0,8740.17,Active
20251201,2025-12-01,E10214,D04,CC401,1.0,12675.58,Active
20251201,2025-12-01,E10215,D04,CC401,1.0,13923.63,Active
20251201,2025-12-01,E10216,D04,CC401,1.0,9464.77,Active
20251201,2025-12-01,E10217,D04,CC401,1.0,13839.86,Active
20251201,2025-12-01,E10218,D04,CC401,1.0,7084.82,Active
20251201,2025-12-01,E10219,D04,CC401,1.0,8488.13,Active
20251201,2025-12-01,E10220,D04,CC401,1.0,15005.55,Active
20251201,2025-12-01,E10221,D04,CC401,1.0,14049.29,Active
20251201,2025-12-01,E10222,D04,CC401,1.0,13586.97,Active
20251201,2025-12-01,E10223,D04,CC401,1.0,7344.68,Active
20251201,2025-12-01,E10224,D04,CC401,1.0,13152.27,Active
20251201,2025-12-01,E10225,D04,CC401,1.0,9795.04,Active
20251201,2025-12-01,E10226,D04,CC401,1.0,7699.93,Active
20251201,2025-12-01,E10227,D04,CC401,1.0,10093.14,Active
20251201,2025-12-01,E10228,D04,CC401,0.8,11690.18,Active
20251201,2025-12-01,E10229,D04,CC401,1.0,8701.54,Active
20251201,2025-12-01,E10230,D04,CC401,1.0,10532.74,Active
20251201,2025-12-01,E10231,D04,CC401,1.0,10170.71,Active
20251201,2025-12-01,E10232,D04,CC401,1.0,9644.39,Active
20251201,2025-12-01,E10233,D04,CC401,1.0,12496.16,Active
20251201,2025-12-01,E10234,D04,CC401,1.0,10877.15,Active
20251201,2025-12-01,E10235,D04,CC401,0.8,5237.5,Active
20251201,2025-12-01,E10236,D04,CC401,1.0,9142.11,Active
20251201,2025-12-01,E10237,D04,CC401,1.0,14350.73,Active
20251201,2025-12-01,E10238,D04,CC401,1.0,16178.01,Active
20251201,2025-12-01,E10239,D04,CC401,1.0,8512.17,Active
20251201,2025-12-01,E10240,D04,CC401,1.0,14318.03,Active
20251201,2025-12-01,E10241,D04,CC401,1.0,16264.51,Active
20251201,2025-12-01,E10242,D04,CC401,1.0,13199.38,Active
20251201,2025-12-01,E10243,D04,CC401,1.0,11915.11,Active
20251201,2025-12-01,E10244,D04,CC401,1.0,6419.33,Active
20251201,2025-12-01,E10245,D04,CC401,1.0,13083.56,Active
20251201,2025-12-01,E10246,D04,CC401,1.0,11435.71,Active
20251201,2025-12-01,E10247,D04,CC401,1.0,6854.38,Active
20251201,2025-12-01,E10248,D04,CC401,1.0,14503.97,Active
20251201,2025-12-01,E10249,D05,CC502,1.0,12852.03,Active
20251201,2025-12-01,E10250,D05,CC501,1.0,11851.48,Active
20251201,2025-12-01,E10251,D05,CC502,1.0,15663.97,Active
20251201,2025-12-01,E10252,D05,CC502,1.0,12034.77,Active
20251201,2025-12-01,E10253,D05,CC502,1.0,9622.34,Active
20251201,2025-12-01,E10254,D05,CC502,1.0,8996.42,Active
20251201,2025-12-01,E10255,D05,CC501,1.0,12675.15,Active
20251201,2025-12-01,E10256,D05,CC501,1.0,11918.66,Active
20251201,2025-12-01,E10257,D05,CC502,1.0,15268.21,Active
20251201,2025-12-01,E10258,D05,CC501,1.0,8640.4,Active
20251201,2025-12-01,E10259,D05,CC502,1.0,5619.7,Active
20251201,2025-12-01,E10260,D05,CC501,1.0,16035.18,Active
20251201,2025-12-01,E10261,D05,CC502,1.0,13461.79,Active
20251201,2025-12-01,E10262,D05,CC502,0.8,6165.45,Active
20251201,2025-12-01,E10263,D05,CC502,1.0,11786.19,Active
20251201,2025-12-01,E10264,D05,CC502,1.0,13227.4,Active
20251201,2025-12-01,E10265,D05,CC502,0.8,12896.39,Active
20251201,2025-12-01,E10266,D05,CC501,1.0,12044.67,Active
20251201,2025-12-01,E10267,D05,CC502,1.0,11552.14,Active
20251201,2025-12-01,E10268,D05,CC501,1.0,5897.78,Active
20251201,2025-12-01,E10269,D05,CC502,1.0,15451.88,Active
20251201,2025-12-01,E10270,D05,CC501,1.0,14387.5,Active
20251201,2025-12-01,E10271,D05,CC502,1.0,15075.58,Active
20251201,2025-12-01,E10272,D05,CC501,1.0,12583.98,Active
20251201,2025-12-01,E10273,D05,CC501,0.8,4747.83,Active
20251201,2025-12-01,E10274,D05,CC501,1.0,11294.12,Active
20251201,2025-12-01,E10275,D05,CC501,1.0,9816.36,Active
20251201,2025-12-01,E10276,D05,CC502,1.0,10851.76,Active
20251201,2025-12-01,E10277,D05,CC501,1.0,8165.03,Active
20251201,2025-12-01,E10278,D05,CC502,1.0,9549.0,Active
20251201,2025-12-01,E10279,D05,CC501,1.0,5532.32,Active
20251201,2025-12-01,E10280,D05,CC502,1.0,13520.63,Active
20251201,2025-12-01,E10281,D05,CC502,1.0,12645.5,Active
20251201,2025-12-01,E10282,D05,CC501,1.0,8537.57,Active
20251201,2025-12-01,E10283,D05,CC501,1.0,11961.61,Active
20251201,2025-12-01,E10284,D05,CC501,1.0,13573.52,Active
20251201,2025-12-01,E10285,D05,CC502,0.8,4506.05,Active
20251201,2025-12-01,E10286,D05,CC501,1.0,7435.61,Active
20251201,2025-12-01,E10287,D05,CC501,1.0,13032.52,Active
20251201,2025-12-01,E10288,D05,CC501,1.0,10354.15,Active
20251201,2025-12-01,E10289,D05,CC501,1.0,13628.46,Active
20251201,2025-12-01,E10290,D05,CC501,1.0,7616.23,Active
20251201,2025-12-01,E10291,D05,CC501,1.0,9187.5,Active
20251201,2025-12-01,E10292,D05,CC501,1.0,15029.45,Active
20251201,2025-12-01,E10293,D05,CC502,1.0,6566.32,Active
20251201,2025-12-01,E10294,D05,CC501,1.0,7454.63,Active
20251201,2025-12-01,E10295,D05,CC501,1.0,10041.46,Active
20251201,2025-12-01,E10296,D05,CC502,1.0,7388.3,Active
20251201,2025-12-01,E10297,D05,CC501,1.0,10495.96,Active
20251201,2025-12-01,E10298,D05,CC501,1.0,9386.78,Active
20251201,2025-12-01,E10299,D05,CC502,1.0,13714.46,Active
20251201,2025-12-01,E10300,D05,CC501,1.0,14104.21,Active
20251201,2025-12-01,E10301,D05,CC502,1.0,11842.04,Active
20251201,2025-12-01,E10302,D05,CC502,1.0,12398.66,Active
20251201,2025-12-01,E10303,D05,CC502,1.0,12111.68,Active
20251201,2025-12-01,E10304,D05,CC501,1.0,13467.13,Active
20251201,2025-12-01,E10305,D05,CC502,1.0,15057.89,Active
20251201,2025-12-01,E10306,D05,CC501,1.0,13605.36,Active
20251201,2025-12-01,E10307,D05,CC501,1.0,10906.0,Active
20251201,2025-12-01,E10308,D05,CC501,1.0,12413.91,Active
20251201,2025-12-01,E10309,D05,CC502,1.0,10277.02,Active
20251201,2025-12-01,E10310,D05,CC501,1.0,12494.24,Active
20251201,2025-12-01,E10311,D05,CC502,1.0,9989.38,Active
20251201,2025-12-01,E10312,D05,CC502,1.0,13299.76,Active
20251201,2025-12-01,E10313,D05,CC501,1.0,6100.18,Active
20251201,2025-12-01,E10314,D05,CC502,1.0,9675.42,Active
20251201,2025-12-01,E10315,D05,CC502,1.0,5517.41,Active
20251201,2025-12-01,E10316,D05,CC501,1.0,5979.7,Active
20251201,2025-12-01,E10317,D05,CC501,1.0,7394.44,Active
20251201,2025-12-01,E10318,D05,CC502,0.8,8104.42,Active
20251201,2025-12-01,E10319,D05,CC502,1.0,7555.27,Active
20251201,2025-12-01,E10320,D05,CC502,1.0,8691.21,Active
20251201,2025-12-01,E10321,D05,CC501,1.0,13807.02,Active
20251201,2025-12-01,E10322,D05,CC502,1.0,7330.12,Active
20251201,2025-12-01,E10323,D05,CC501,1.0,13488.51,Active
20251201,2025-12-01,E10324,D05,CC501,1.0,9995.44,Active
20251201,2025-12-01,E10325,D06,CC601,0.8,5671.8,Active
20251201,2025-12-01,E10326,D06,CC601,0.8,6972.68,Active
20251201,2025-12-01,E10327,D06,CC601,1.0,10672.17,Active
20251201,2025-12-01,E10328,D06,CC601,1.0,7516.11,Active
20251201,2025-12-01,E10329,D06,CC601,1.0,13452.75,Active
20251201,2025-12-01,E10330,D06,CC601,1.0,9933.81,Active
20251201,2025-12-01,E10331,D06,CC601,1.0,8876.0,Active
20251201,2025-12-01,E10332,D06,CC601,1.0,16193.45,Active
20251201,2025-12-01,E10333,D06,CC601,1.0,7286.73,Active
20251201,2025-12-01,E10334,D06,CC601,1.0,13574.45,Active
20251201,2025-12-01,E10335,D06,CC601,1.0,12312.78,Active
20251201,2025-12-01,E10336,D06,CC601,1.0,15524.62,Active
20251201,2025-12-01,E10337,D06,CC601,1.0,15273.39,Active
20251201,2025-12-01,E10338,D06,CC601,1.0,12443.09,Active
20251201,2025-12-01,E10339,D06,CC601,1.0,12740.5,Active
20251201,2025-12-01,E10340,D06,CC601,1.0,15661.84,Active
20251201,2025-12-01,E10342,D06,CC601,1.0,16003.65,Active
20251201,2025-12-01,E10343,D06,CC601,1.0,14836.3,Active
20251201,2025-12-01,E10344,D06,CC601,1.0,8783.73,Active
20251201,2025-12-01,E10345,D06,CC601,1.0,9850.18,Active
20251201,2025-12-01,E10346,D06,CC601,1.0,13776.8,Active
20251201,2025-12-01,E10347,D06,CC601,1.0,7778.74,Active
20251201,2025-12-01,E10348,D06,CC601,0.8,11386.79,Active
20251201,2025-12-01,E10349,D06,CC601,1.0,11110.1,Active
20251201,2025-12-01,E10350,D06,CC601,0.8,7547.06,Active
20251201,2025-12-01,E10351,D06,CC601,1.0,10843.99,Active
20251201,2025-12-01,E10352,D06,CC601,1.0,7792.74,Active
20251201,2025-12-01,E10353,D06,CC601,1.0,14076.04,Active
20251201,2025-12-01,E10354,D06,CC601,1.0,14878.08,Active
20251201,2025-12-01,E10355,D06,CC601,1.0,6270.93,Active
20251201,2025-12-01,E10356,D06,CC601,1.0,6190.32,Active
20251201,2025-12-01,E10357,D06,CC601,1.0,10703.11,Active
20251201,2025-12-01,E10359,D07,CC701,1.0,14092.4,Active
20251201,2025-12-01,E10360,D07,CC701,1.0,15905.19,Active
20251201,2025-12-01,E10361,D07,CC701,1.0,9082.93,Active
20251201,2025-12-01,E10362,D07,CC701,1.0,15220.41,Active
20251201,2025-12-01,E10363,D07,CC701,1.0,12682.84,Active
20251201,2025-12-01,E10364,D07,CC701,1.0,14984.45,Active
20251201,2025-12-01,E10365,D07,CC701,1.0,13000.12,Active
20251201,2025-12-01,E10366,D07,CC701,1.0,14874.28,Active
20251201,2025-12-01,E10367,D07,CC701,1.0,12121.35,Active
20251201,2025-12-01,E10368,D07,CC701,1.0,7444.81,Active
20251201,2025-12-01,E10369,D07,CC701,1.0,14793.18,Active
20251201,2025-12-01,E10370,D07,CC701,1.0,10606.81,Active
20251201,2025-12-01,E10371,D07,CC701,1.0,15440.27,Active
20251201,2025-12-01,E10372,D07,CC701,1.0,8677.57,Active
20251201,2025-12-01,E10373,D07,CC701,1.0,14982.89,Active
20251201,2025-12-01,E10374,D07,CC701,1.0,6460.35,Active
20251201,2025-12-01,E10375,D07,CC701,1.0,15733.88,Active
20251201,2025-12-01,E10376,D07,CC701,1.0,7760.77,Active
20251201,2025-12-01,E10377,D07,CC701,1.0,13231.31,Active
20251201,2025-12-01,E10378,D07,CC701,1.0,13852.54,Active
20251201,2025-12-01,E10379,D07,CC701,1.0,15823.85,Active
20251201,2025-12-01,E10380,D07,CC701,1.0,12350.54,Active
20251201,2025-12-01,E10381,D07,CC701,1.0,9084.68,Active
20251201,2025-12-01,E10382,D07,CC701,1.0,11968.46,Active
20251201,2025-12-01,E10383,D07,CC701,1.0,13405.2,Active
20251201,2025-12-01,E10384,D07,CC701,1.0,10226.99,Active
20251201,2025-12-01,E10385,D07,CC701,1.0,8620.27,Active
20251201,2025-12-01,E10386,D07,CC701,1.0,11794.22,Active
20251201,2025-12-01,E10387,D07,CC701,1.0,6811.77,Active
20251201,2025-12-01,E10388,D07,CC701,1.0,5476.96,Active
20251201,2025-12-01,E10389,D07,CC701,1.0,14690.93,Active
20251201,2025-12-01,E10390,D07,CC701,1.0,14005.96,Active
20251201,2025-12-01,E10391,D07,CC701,1.0,11799.44,Active
20251201,2025-12-01,E10392,D07,CC701,1.0,8889.35,Active
20251201,2025-12-01,E10393,D07,CC701,1.0,10338.17,Active
20251201,2025-12-01,E10394,D07,CC701,1.0,14723.83,Active
20251201,2025-12-01,E10395,D07,CC701,1.0,10942.24,Active
20251201,2025-12-01,E10396,D07,CC701,1.0,13087.11,Active
20251201,2025-12-01,E10397,D07,CC701,1.0,13169.58,Active
20251201,2025-12-01,E10398,D07,CC701,1.0,9006.19,Active
20251201,2025-12-01,E10399,D07,CC701,1.0,5976.65,Active
20251201,2025-12-01,E10400,D07,CC701,0.8,6920.56,Active
20251201,2025-12-01,E10401,D07,CC701,1.0,9103.35,Active
20251201,2025-12-01,E10402,D07,CC701,1.0,9688.9,Active
20251201,2025-12-01,E10403,D08,CC802,1.0,7568.46,Active
20251201,2025-12-01,E10404,D08,CC801,1.0,13548.69,Active
20251201,2025-12-01,E10405,D08,CC801,1.0,7238.79,Active
20251201,2025-12-01,E10406,D08,CC801,1.0,8563.81,Active
20251201,2025-12-01,E10407,D08,CC801,1.0,13638.42,Active
20251201,2025-12-01,E10408,D08,CC801,1.0,11592.18,Active
20251201,2025-12-01,E10409,D08,CC801,1.0,10058.47,Active
20251201,2025-12-01,E10410,D08,CC801,1.0,7456.47,Active
20251201,2025-12-01,E10411,D08,CC802,1.0,12409.18,Active
20251201,2025-12-01,E10412,D08,CC801,1.0,9783.06,Active
20251201,2025-12-01,E10413,D08,CC801,1.0,10767.39,Active
20251201,2025-12-01,E10414,D08,CC801,1.0,16303.96,Active
20251201,2025-12-01,E10415,D08,CC802,1.0,12494.59,Active
20251201,2025-12-01,E10416,D08,CC801,1.0,6737.44,Active
20251201,2025-12-01,E10417,D08,CC801,1.0,12753.91,Active
20251201,2025-12-01,E10418,D08,CC802,1.0,16096.93,Active
20251201,2025-12-01,E10419,D08,CC801,1.0,6441.71,Active
20251201,2025-12-01,E10420,D08,CC802,1.0,12405.04,Active
20251201,2025-12-01,E10421,D08,CC801,1.0,6579.62,Active
20251201,2025-12-01,E10422,D08,CC801,1.0,14392.98,Active
20251201,2025-12-01,E10423,D08,CC802,1.0,11194.23,Active
20251201,2025-12-01,E10424,D08,CC801,1.0,11737.12,Active
20251201,2025-12-01,E10425,D08,CC801,1.0,15211.68,Active
20251201,2025-12-01,E10426,D08,CC802,1.0,5556.77,Active
20251201,2025-12-01,E10427,D08,CC801,1.0,6799.62,Active
20251201,2025-12-01,E10428,D08,CC801,1.0,14766.77,Active
20251201,2025-12-01,E10429,D08,CC802,1.0,10870.59,Active
20251201,2025-12-01,E10430,D08,CC801,1.0,16155.12,Active
20251201,2025-12-01,E10431,D08,CC802,1.0,15543.55,Active
20251201,2025-12-01,E10432,D08,CC802,1.0,11719.09,Active
20251201,2025-12-01,E10433,D08,CC801,1.0,16314.99,Active
20251201,2025-12-01,E10434,D08,CC801,1.0,5925.78,Active
20251201,2025-12-01,E10435,D08,CC801,0.8,11728.41,Active
20251201,2025-12-01,E10436,D08,CC802,1.0,7820.45,Active
20251201,2025-12-01,E10437,D08,CC801,1.0,12115.43,Active
20251201,2025-12-01,E10438,D08,CC801,1.0,9530.74,Active
20251201,2025-12-01,E10439,D08,CC802,0.8,12520.72,Active
20251201,2025-12-01,E10440,D08,CC802,1.0,6187.04,Active
20251201,2025-12-01,E10441,D08,CC801,1.0,11461.71,Active
20251201,2025-12-01,E10442,D08,CC802,1.0,8818.41,Active
20251201,2025-12-01,E10443,D08,CC802,0.8,6463.91,Active
20251201,2025-12-01,E10444,D08,CC802,1.0,12781.96,Active
20251201,2025-12-01,E10445,D08,CC802,1.0,6446.25,Active
20251201,2025-12-01,E10446,D08,CC802,1.0,14080.25,Active
20251201,2025-12-01,E10447,D08,CC801,1.0,9585.52,Active
20251201,2025-12-01,E10448,D08,CC802,0.8,10692.07,Active
20251201,2025-12-01,E10449,D08,CC802,1.0,10666.87,Active
20251201,2025-12-01,E10450,D08,CC801,1.0,11402.7,Active
20251201,2025-12-01,E10451,D08,CC802,1.0,15596.27,Active
20251201,2025-12-01,E10452,D08,CC802,1.0,13536.88,Active
20251201,2025-12-01,E10453,D08,CC801,1.0,8298.59,Active
20251201,2025-12-01,E10454,D08,CC802,1.0,11696.88,Active
20251201,2025-12-01,E10455,D08,CC802,1.0,12479.88,Active
20251201,2025-12-01,E10456,D08,CC802,1.0,10007.86,Active
20251201,2025-12-01,E10457,D08,CC802,1.0,9202.52,Active
20251201,2025-12-01,E10458,D08,CC801,1.0,15740.93,Active
20251201,2025-12-01,E10459,D08,CC802,1.0,6404.91,Active
20251201,2025-12-01,E10460,D08,CC801,1.0,14588.29,Active
20251201,2025-12-01,E10461,D08,CC801,1.0,15776.34,Active
20251201,2025-12-01,E10462,D08,CC802,1.0,11362.44,Active
20251201,2025-12-01,E10463,D08,CC801,1.0,10001.59,Active
20251201,2025-12-01,E10464,D08,CC801,1.0,12814.11,Active
20251201,2025-12-01,E10465,D08,CC801,1.0,15367.29,Active
20251201,2025-12-01,E10466,D08,CC801,1.0,13470.14,Active
20251201,2025-12-01,E10467,D08,CC802,1.0,5859.93,Active
20251201,2025-12-01,E10468,D08,CC801,1.0,15142.66,Active
20251201,2025-12-01,E10469,D08,CC802,1.0,6872.4,Active
20251201,2025-12-01,E10470,D08,CC802,1.0,9624.92,Active
20260101,2026-01-01,E10001,D01,CC102,1.0,14501.97,Active
20260101,2026-01-01,E10002,D01,CC101,1.0,8450.99,Active
20260101,2026-01-01,E10003,D01,CC102,1.0,12641.8,Active
20260101,2026-01-01,E10004,D01,CC101,1.0,16351.86,Active
20260101,2026-01-01,E10005,D01,CC102,1.0,14215.14,Active
20260101,2026-01-01,E10006,D01,CC102,1.0,13549.29,Active
20260101,2026-01-01,E10007,D01,CC102,1.0,7330.27,Active
20260101,2026-01-01,E10008,D01,CC102,1.0,7221.71,Active
20260101,2026-01-01,E10009,D01,CC101,0.8,12524.03,Active
20260101,2026-01-01,E10010,D01,CC102,1.0,14016.18,Active
20260101,2026-01-01,E10011,D01,CC102,1.0,12638.33,Active
20260101,2026-01-01,E10012,D01,CC102,1.0,10241.83,Active
20260101,2026-01-01,E10013,D01,CC101,1.0,11906.54,Active
20260101,2026-01-01,E10014,D01,CC102,1.0,12029.29,Active
20260101,2026-01-01,E10015,D01,CC102,0.8,7389.46,Active
20260101,2026-01-01,E10016,D01,CC102,1.0,13251.37,Active
20260101,2026-01-01,E10017,D01,CC102,0.8,8994.82,Active
20260101,2026-01-01,E10018,D01,CC102,1.0,15247.77,Active
20260101,2026-01-01,E10019,D01,CC102,1.0,6795.79,Active
20260101,2026-01-01,E10020,D01,CC101,1.0,8654.74,Active
20260101,2026-01-01,E10021,D01,CC102,1.0,11034.4,Active
20260101,2026-01-01,E10022,D01,CC102,1.0,13308.15,Active
20260101,2026-01-01,E10023,D01,CC101,1.0,6335.61,Active
20260101,2026-01-01,E10024,D01,CC101,1.0,10366.06,Active
20260101,2026-01-01,E10025,D01,CC102,1.0,14830.49,Active
20260101,2026-01-01,E10026,D01,CC102,1.0,10411.97,Active
20260101,2026-01-01,E10027,D01,CC101,1.0,9122.68,Active
20260101,2026-01-01,E10028,D01,CC102,1.0,13637.7,Active
20260101,2026-01-01,E10029,D01,CC102,1.0,5674.61,Active
20260101,2026-01-01,E10030,D01,CC102,1.0,10378.6,Active
20260101,2026-01-01,E10031,D01,CC102,1.0,8697.3,Active
20260101,2026-01-01,E10032,D01,CC101,1.0,6359.68,Active
20260101,2026-01-01,E10033,D01,CC101,1.0,14401.25,Active
20260101,2026-01-01,E10034,D01,CC101,1.0,12473.96,Active
20260101,2026-01-01,E10035,D01,CC101,1.0,14782.55,Active
20260101,2026-01-01,E10036,D01,CC102,1.0,10554.27,Active
20260101,2026-01-01,E10037,D01,CC102,1.0,15087.18,Active
20260101,2026-01-01,E10038,D01,CC101,1.0,14810.96,Active
20260101,2026-01-01,E10039,D02,CC202,1.0,14393.56,Active
20260101,2026-01-01,E10040,D02,CC202,1.0,6527.27,Active
20260101,2026-01-01,E10041,D02,CC202,1.0,13426.01,Active
20260101,2026-01-01,E10042,D02,CC202,1.0,10789.37,Active
20260101,2026-01-01,E10043,D02,CC202,1.0,11158.95,Active
20260101,2026-01-01,E10044,D02,CC202,1.0,6153.62,Active
20260101,2026-01-01,E10045,D02,CC202,1.0,15707.73,Active
20260101,2026-01-01,E10046,D02,CC202,1.0,5632.58,Active
20260101,2026-01-01,E10047,D02,CC201,0.8,8225.67,Active
20260101,2026-01-01,E10048,D02,CC202,1.0,9137.77,Active
20260101,2026-01-01,E10049,D02,CC202,1.0,13252.27,Active
20260101,2026-01-01,E10050,D02,CC202,1.0,12635.19,Active
20260101,2026-01-01,E10051,D02,CC201,1.0,14598.36,Active
20260101,2026-01-01,E10052,D02,CC202,1.0,6394.32,Active
20260101,2026-01-01,E10053,D02,CC202,1.0,7174.88,Active
20260101,2026-01-01,E10054,D02,CC202,1.0,15548.94,Active
20260101,2026-01-01,E10055,D02,CC201,0.8,9226.08,Active
20260101,2026-01-01,E10056,D02,CC201,1.0,9359.52,Active
20260101,2026-01-01,E10057,D02,CC201,1.0,15041.39,Active
20260101,2026-01-01,E10058,D02,CC201,0.8,5349.03,Active
20260101,2026-01-01,E10059,D02,CC202,1.0,10711.88,Active
20260101,2026-01-01,E10060,D02,CC202,1.0,13672.67,Active
20260101,2026-01-01,E10061,D02,CC201,0.8,12015.53,Active
20260101,2026-01-01,E10062,D02,CC202,1.0,10201.35,Active
20260101,2026-01-01,E10063,D02,CC201,1.0,13857.98,Active
20260101,2026-01-01,E10064,D02,CC201,1.0,7219.37,Active
20260101,2026-01-01,E10065,D02,CC202,1.0,7090.27,Active
20260101,2026-01-01,E10066,D02,CC201,1.0,10781.03,Active
20260101,2026-01-01,E10067,D02,CC201,1.0,9083.89,Active
20260101,2026-01-01,E10068,D02,CC202,1.0,10193.83,Active
20260101,2026-01-01,E10069,D02,CC202,1.0,14140.92,Active
20260101,2026-01-01,E10070,D02,CC202,0.8,5066.69,Active
20260101,2026-01-01,E10071,D02,CC201,0.8,10060.6,Active
20260101,2026-01-01,E10072,D02,CC202,1.0,7986.8,Active
20260101,2026-01-01,E10073,D02,CC202,1.0,15143.01,Active
20260101,2026-01-01,E10074,D02,CC201,1.0,13904.87,Active
20260101,2026-01-01,E10075,D02,CC201,1.0,9755.66,Active
20260101,2026-01-01,E10076,D02,CC201,1.0,12573.0,Active
20260101,2026-01-01,E10077,D02,CC202,1.0,9910.62,Active
20260101,2026-01-01,E10078,D02,CC202,1.0,5548.19,Active
20260101,2026-01-01,E10079,D02,CC202,1.0,7076.43,Active
20260101,2026-01-01,E10080,D02,CC202,1.0,14918.25,Active
20260101,2026-01-01,E10081,D02,CC202,1.0,13885.61,Active
20260101,2026-01-01,E10082,D02,CC202,1.0,6347.36,Active
20260101,2026-01-01,E10083,D02,CC201,1.0,13487.71,Active
20260101,2026-01-01,E10084,D02,CC201,1.0,8581.03,Active
20260101,2026-01-01,E10085,D02,CC201,0.8,8894.32,Active
20260101,2026-01-01,E10086,D02,CC202,1.0,8009.46,Active
20260101,2026-01-01,E10087,D02,CC201,1.0,6590.5,Active
20260101,2026-01-01,E10088,D02,CC201,1.0,10967.34,Active
20260101,2026-01-01,E10089,D02,CC202,1.0,15778.72,Active
20260101,2026-01-01,E10090,D02,CC202,1.0,5540.09,Active
20260101,2026-01-01,E10091,D02,CC201,1.0,16271.69,Active
20260101,2026-01-01,E10092,D02,CC201,1.0,12614.36,Active
20260101,2026-01-01,E10093,D02,CC202,0.8,6477.88,Active
20260101,2026-01-01,E10094,D02,CC202,1.0,14234.34,Active
20260101,2026-01-01,E10095,D02,CC201,1.0,14287.56,Active
20260101,2026-01-01,E10097,D02,CC202,1.0,11151.86,Active
20260101,2026-01-01,E10098,D02,CC202,1.0,12293.37,Active
20260101,2026-01-01,E10099,D02,CC201,1.0,10033.16,Active
20260101,2026-01-01,E10100,D02,CC202,1.0,10680.25,Active
20260101,2026-01-01,E10101,D02,CC201,1.0,11117.93,Active
20260101,2026-01-01,E10102,D02,CC201,1.0,5829.86,Active
20260101,2026-01-01,E10103,D02,CC202,1.0,15782.41,Active
20260101,2026-01-01,E10104,D02,CC201,1.0,11716.68,Active
20260101,2026-01-01,E10105,D02,CC202,1.0,9488.14,Active
20260101,2026-01-01,E10106,D02,CC201,1.0,5752.31,Active
20260101,2026-01-01,E10107,D02,CC202,1.0,9941.05,Active
20260101,2026-01-01,E10108,D02,CC202,1.0,14257.74,Active
20260101,2026-01-01,E10109,D02,CC201,0.8,7381.54,Active
20260101,2026-01-01,E10110,D02,CC202,1.0,8762.44,Active
20260101,2026-01-01,E10111,D02,CC201,1.0,10561.92,Active
20260101,2026-01-01,E10112,D02,CC202,1.0,10494.53,Active
20260101,2026-01-01,E10113,D02,CC201,1.0,13377.11,Active
20260101,2026-01-01,E10114,D02,CC201,1.0,9906.52,Active
20260101,2026-01-01,E10115,D02,CC202,1.0,6014.58,Active
20260101,2026-01-01,E10116,D02,CC201,1.0,14681.38,Active
20260101,2026-01-01,E10117,D02,CC202,1.0,13918.3,Active
20260101,2026-01-01,E10118,D02,CC201,1.0,12406.73,Active
20260101,2026-01-01,E10119,D02,CC201,1.0,11356.24,Active
20260101,2026-01-01,E10120,D02,CC201,0.8,10854.72,Active
20260101,2026-01-01,E10121,D02,CC201,1.0,11283.78,Active
20260101,2026-01-01,E10122,D02,CC202,1.0,8059.48,Active
20260101,2026-01-01,E10123,D02,CC202,1.0,11916.11,Active
20260101,2026-01-01,E10124,D02,CC201,1.0,9166.85,Active
20260101,2026-01-01,E10125,D02,CC202,0.8,7157.14,Active
20260101,2026-01-01,E10127,D02,CC201,1.0,13657.71,Active
20260101,2026-01-01,E10128,D02,CC201,1.0,12910.89,Active
20260101,2026-01-01,E10129,D02,CC201,1.0,7466.88,Active
20260101,2026-01-01,E10130,D02,CC202,1.0,8954.14,Active
20260101,2026-01-01,E10131,D03,CC301,1.0,15665.55,Active
20260101,2026-01-01,E10132,D03,CC301,1.0,13698.99,Active
20260101,2026-01-01,E10133,D03,CC301,1.0,10904.09,Active
20260101,2026-01-01,E10134,D03,CC301,1.0,11353.2,Active
20260101,2026-01-01,E10135,D03,CC301,1.0,15483.97,Active
20260101,2026-01-01,E10136,D03,CC301,1.0,11808.31,Active
20260101,2026-01-01,E10137,D03,CC301,1.0,12622.73,Active
20260101,2026-01-01,E10138,D03,CC301,1.0,10284.99,Active
20260101,2026-01-01,E10139,D03,CC301,1.0,16229.38,Active
20260101,2026-01-01,E10140,D03,CC301,1.0,15992.78,Active
20260101,2026-01-01,E10141,D03,CC301,1.0,15792.34,Active
20260101,2026-01-01,E10142,D03,CC301,1.0,15508.95,Active
20260101,2026-01-01,E10143,D03,CC301,1.0,12911.61,Active
20260101,2026-01-01,E10144,D03,CC301,1.0,10982.09,Active
20260101,2026-01-01,E10145,D03,CC301,1.0,11566.15,Active
20260101,2026-01-01,E10146,D03,CC301,1.0,6790.93,Active
20260101,2026-01-01,E10147,D03,CC301,1.0,14812.46,Active
20260101,2026-01-01,E10148,D03,CC301,1.0,14222.4,Active
20260101,2026-01-01,E10149,D03,CC301,1.0,12995.5,Active
20260101,2026-01-01,E10150,D03,CC301,1.0,8933.74,Active
20260101,2026-01-01,E10151,D03,CC301,1.0,9074.02,Active
20260101,2026-01-01,E10152,D03,CC301,1.0,5493.09,Active
20260101,2026-01-01,E10153,D03,CC301,1.0,15171.3,Active
20260101,2026-01-01,E10154,D03,CC301,1.0,14016.06,Active
20260101,2026-01-01,E10155,D03,CC301,1.0,12643.22,Active
20260101,2026-01-01,E10156,D03,CC301,1.0,9363.94,Active
20260101,2026-01-01,E10157,D03,CC301,1.0,9521.93,Active
20260101,2026-01-01,E10158,D03,CC301,1.0,13641.41,Active
20260101,2026-01-01,E10159,D03,CC301,1.0,12136.49,Active
20260101,2026-01-01,E10160,D03,CC301,1.0,15886.95,Active
20260101,2026-01-01,E10161,D03,CC301,1.0,13118.8,Active
20260101,2026-01-01,E10162,D03,CC301,1.0,14387.65,Active
20260101,2026-01-01,E10163,D03,CC301,0.8,9206.97,Active
20260101,2026-01-01,E10164,D03,CC301,1.0,12649.91,Active
20260101,2026-01-01,E10165,D03,CC301,1.0,13606.29,Active
20260101,2026-01-01,E10166,D03,CC301,1.0,14689.5,Active
20260101,2026-01-01,E10167,D03,CC301,1.0,5657.94,Active
20260101,2026-01-01,E10168,D03,CC301,1.0,5496.75,Active
20260101,2026-01-01,E10169,D03,CC301,1.0,8914.58,Active
20260101,2026-01-01,E10170,D03,CC301,1.0,11107.62,Active
20260101,2026-01-01,E10171,D03,CC301,1.0,5910.3,Active
20260101,2026-01-01,E10172,D03,CC301,1.0,9924.35,Active
20260101,2026-01-01,E10173,D03,CC301,1.0,9094.56,Active
20260101,2026-01-01,E10174,D03,CC301,1.0,10075.48,Active
20260101,2026-01-01,E10175,D03,CC301,1.0,8963.14,Active
20260101,2026-01-01,E10176,D03,CC301,1.0,14308.43,Active
20260101,2026-01-01,E10177,D03,CC301,1.0,10624.48,Active
20260101,2026-01-01,E10178,D03,CC301,1.0,11104.62,Active
20260101,2026-01-01,E10179,D03,CC301,1.0,12099.48,Active
20260101,2026-01-01,E10180,D03,CC301,1.0,6399.33,Active
20260101,2026-01-01,E10181,D03,CC301,0.8,12057.67,Active
20260101,2026-01-01,E10182,D03,CC301,1.0,10150.22,Active
20260101,2026-01-01,E10183,D03,CC301,0.8,4943.22,Active
20260101,2026-01-01,E10184,D03,CC301,1.0,9734.07,Active
20260101,2026-01-01,E10185,D03,CC301,1.0,13936.17,Active
20260101,2026-01-01,E10186,D03,CC301,1.0,14151.24,Active
20260101,2026-01-01,E10187,D03,CC301,1.0,12779.4,Active
20260101,2026-01-01,E10188,D03,CC301,1.0,11817.8,Active
20260101,2026-01-01,E10190,D03,CC301,1.0,11027.18,Active
20260101,2026-01-01,E10191,D03,CC301,1.0,12182.93,Active
20260101,2026-01-01,E10192,D03,CC301,1.0,5936.84,Active
20260101,2026-01-01,E10193,D03,CC301,1.0,11093.2,Active
20260101,2026-01-01,E10194,D03,CC301,1.0,11257.84,Active
20260101,2026-01-01,E10195,D03,CC301,1.0,12102.6,Active
20260101,2026-01-01,E10196,D03,CC301,1.0,11046.59,Active
20260101,2026-01-01,E10197,D03,CC301,1.0,14297.97,Active
20260101,2026-01-01,E10198,D03,CC301,1.0,15881.07,Active
20260101,2026-01-01,E10199,D03,CC301,1.0,12610.48,Active
20260101,2026-01-01,E10200,D03,CC301,1.0,14699.86,Active
20260101,2026-01-01,E10201,D04,CC401,1.0,9054.54,Active
20260101,2026-01-01,E10202,D04,CC401,1.0,15385.74,Active
20260101,2026-01-01,E10203,D04,CC401,1.0,12446.15,Active
20260101,2026-01-01,E10204,D04,CC401,1.0,8105.03,Active
20260101,2026-01-01,E10205,D04,CC401,1.0,7394.17,Active
20260101,2026-01-01,E10206,D04,CC401,1.0,5810.06,Active
20260101,2026-01-01,E10207,D04,CC401,1.0,7538.53,Active
20260101,2026-01-01,E10208,D04,CC401,1.0,7544.05,Active
20260101,2026-01-01,E10209,D04,CC401,1.0,8302.85,Active
20260101,2026-01-01,E10210,D04,CC401,1.0,8092.89,Active
20260101,2026-01-01,E10211,D04,CC401,1.0,8211.97,Active
20260101,2026-01-01,E10212,D04,CC401,1.0,7000.74,Active
20260101,2026-01-01,E10213,D04,CC401,1.0,8724.69,Active
20260101,2026-01-01,E10214,D04,CC401,1.0,12513.06,Active
20260101,2026-01-01,E10216,D04,CC401,1.0,9472.94,Active
20260101,2026-01-01,E10217,D04,CC401,0.8,10902.89,Active
20260101,2026-01-01,E10218,D04,CC401,1.0,7000.08,Active
20260101,2026-01-01,E10219,D04,CC401,1.0,8472.37,Active
20260101,2026-01-01,E10220,D04,CC401,1.0,15117.19,Active
20260101,2026-01-01,E10221,D04,CC401,1.0,14129.99,Active
20260101,2026-01-01,E10222,D04,CC401,1.0,13659.41,Active
20260101,2026-01-01,E10223,D04,CC401,1.0,7360.18,Active
20260101,2026-01-01,E10224,D04,CC401,1.0,13266.55,Active
20260101,2026-01-01,E10225,D04,CC401,1.0,9805.38,Active
20260101,2026-01-01,E10226,D04,CC401,1.0,7690.59,Active
20260101,2026-01-01,E10227,D04,CC401,1.0,10048.92,Active
20260101,2026-01-01,E10228,D04,CC401,1.0,14453.43,Active
20260101,2026-01-01,E10229,D04,CC401,1.0,8611.3,Active
20260101,2026-01-01,E10230,D04,CC401,1.0,10595.64,Active
20260101,2026-01-01,E10231,D04,CC401,1.0,10206.43,Active
20260101,2026-01-01,E10232,D04,CC401,1.0,9675.77,Active
20260101,2026-01-01,E10233,D04,CC401,1.0,12550.77,Active
20260101,2026-01-01,E10234,D04,CC401,1.0,10911.95,Active
20260101,2026-01-01,E10235,D04,CC401,1.0,6564.06,Active
20260101,2026-01-01,E10236,D04,CC401,1.0,9155.8,Active
20260101,2026-01-01,E10237,D04,CC401,1.0,14314.19,Active
20260101,2026-01-01,E10238,D04,CC401,1.0,16393.2,Active
20260101,2026-01-01,E10239,D04,CC401,1.0,8476.23,Active
20260101,2026-01-01,E10240,D04,CC401,1.0,14230.86,Active
20260101,2026-01-01,E10241,D04,CC401,1.0,16081.84,Active
20260101,2026-01-01,E10242,D04,CC401,1.0,13325.36,Active
20260101,2026-01-01,E10243,D04,CC401,1.0,11835.3,Active
20260101,2026-01-01,E10244,D04,CC401,1.0,6411.69,Active
20260101,2026-01-01,E10245,D04,CC401,0.8,10445.6,Active
20260101,2026-01-01,E10246,D04,CC401,1.0,11467.71,Active
20260101,2026-01-01,E10247,D04,CC401,1.0,6831.83,Active
20260101,2026-01-01,E10248,D04,CC401,1.0,14439.86,Active
20260101,2026-01-01,E10249,D05,CC502,1.0,12768.0,Active
20260101,2026-01-01,E10250,D05,CC501,1.0,11704.45,Active
20260101,2026-01-01,E10251,D05,CC502,1.0,15774.7,Active
20260101,2026-01-01,E10252,D05,CC502,1.0,12055.16,Active
20260101,2026-01-01,E10253,D05,CC502,1.0,9648.78,Active
20260101,2026-01-01,E10254,D05,CC502,1.0,9054.17,Active
20260101,2026-01-01,E10256,D05,CC501,1.0,11988.9,Active
20260101,2026-01-01,E10257,D05,CC502,1.0,15277.11,Active
20260101,2026-01-01,E10258,D05,CC501,0.8,6884.65,Active
20260101,2026-01-01,E10259,D05,CC502,0.8,4471.98,Active
20260101,2026-01-01,E10260,D05,CC501,1.0,16098.19,Active
20260101,2026-01-01,E10261,D05,CC502,1.0,13505.28,Active
20260101,2026-01-01,E10262,D05,CC502,1.0,7635.05,Active
20260101,2026-01-01,E10263,D05,CC502,1.0,11650.73,Active
20260101,2026-01-01,E10264,D05,CC502,1.0,13308.38,Active
20260101,2026-01-01,E10265,D05,CC502,1.0,16256.42,Active
20260101,2026-01-01,E10266,D05,CC501,1.0,11985.81,Active
20260101,2026-01-01,E10267,D05,CC502,1.0,11511.67,Active
20260101,2026-01-01,E10268,D05,CC501,1.0,5854.72,Active
20260101,2026-01-01,E10269,D05,CC502,0.8,12389.86,Active
20260101,2026-01-01,E10270,D05,CC501,1.0,14343.44,Active
20260101,2026-01-01,E10271,D05,CC502,1.0,15270.99,Active
20260101,2026-01-01,E10272,D05,CC501,1.0,12686.76,Active
20260101,2026-01-01,E10273,D05,CC501,1.0,5965.75,Active
20260101,2026-01-01,E10274,D05,CC501,1.0,11234.8,Active
20260101,2026-01-01,E10275,D05,CC501,1.0,9963.71,Active
20260101,2026-01-01,E10276,D05,CC502,1.0,10812.19,Active
20260101,2026-01-01,E10277,D05,CC501,1.0,8252.18,Active
20260101,2026-01-01,E10278,D05,CC502,1.0,9639.49,Active
20260101,2026-01-01,E10279,D05,CC501,1.0,5607.72,Active
20260101,2026-01-01,E10280,D05,CC502,1.0,13471.34,Active
20260101,2026-01-01,E10281,D05,CC502,1.0,12616.11,Active
20260101,2026-01-01,E10282,D05,CC501,0.8,6769.09,Active
20260101,2026-01-01,E10283,D05,CC501,1.0,12050.61,Active
20260101,2026-01-01,E10284,D05,CC501,1.0,13358.43,Active
20260101,2026-01-01,E10285,D05,CC502,1.0,5600.81,Active
20260101,2026-01-01,E10286,D05,CC501,1.0,7338.16,Active
20260101,2026-01-01,E10287,D05,CC501,1.0,12941.76,Active
20260101,2026-01-01,E10288,D05,CC501,1.0,10322.92,Active
20260101,2026-01-01,E10289,D05,CC501,1.0,13861.26,Active
20260101,2026-01-01,E10290,D05,CC501,1.0,7618.87,Active
20260101,2026-01-01,E10291,D05,CC501,1.0,9153.96,Active
20260101,2026-01-01,E10292,D05,CC501,1.0,14968.96,Active
20260101,2026-01-01,E10293,D05,CC502,1.0,6581.79,Active
20260101,2026-01-01,E10294,D05,CC501,1.0,7449.86,Active
20260101,2026-01-01,E10295,D05,CC501,1.0,10182.83,Active
20260101,2026-01-01,E10296,D05,CC502,1.0,7404.72,Active
20260101,2026-01-01,E10297,D05,CC501,1.0,10425.22,Active
20260101,2026-01-01,E10298,D05,CC501,1.0,9367.35,Active
20260101,2026-01-01,E10299,D05,CC502,1.0,13892.95,Active
20260101,2026-01-01,E10300,D05,CC501,0.8,11208.28,Active
20260101,2026-01-01,E10301,D05,CC502,1.0,11922.73,Active
20260101,2026-01-01,E10302,D05,CC502,1.0,12452.6,Active
20260101,2026-01-01,E10303,D05,CC502,1.0,12131.51,Active
20260101,2026-01-01,E10304,D05,CC501,1.0,13508.48,Active
20260101,2026-01-01,E10305,D05,CC502,1.0,15141.72,Active
20260101,2026-01-01,E10306,D05,CC501,1.0,13516.83,Active
20260101,2026-01-01,E10307,D05,CC501,1.0,10842.03,Active
20260101,2026-01-01,E10308,D05,CC501,1.0,12380.96,Active
20260101,2026-01-01,E10309,D05,CC502,1.0,10189.98,Active
20260101,2026-01-01,E10310,D05,CC501,1.0,12315.26,Active
20260101,2026-01-01,E10311,D05,CC502,1.0,10030.53,Active
20260101,2026-01-01,E10312,D05,CC502,0.8,10714.98,Active
20260101,2026-01-01,E10313,D05,CC501,1.0,6076.21,Active
20260101,2026-01-01,E10314,D05,CC502,1.0,9533.62,Active
20260101,2026-01-01,E10315,D05,CC502,1.0,5535.16,Active
20260101,2026-01-01,E10316,D05,CC501,1.0,6053.96,Active
20260101,2026-01-01,E10317,D05,CC501,0.8,5877.0,Active
20260101,2026-01-01,E10318,D05,CC502,1.0,10097.08,Active
20260101,2026-01-01,E10319,D05,CC502,1.0,7560.61,Active
20260101,2026-01-01,E10320,D05,CC502,1.0,8704.79,Active
20260101,2026-01-01,E10321,D05,CC501,1.0,13925.63,Active
20260101,2026-01-01,E10322,D05,CC502,1.0,7274.89,Active
20260101,2026-01-01,E10323,D05,CC501,1.0,13371.25,Active
20260101,2026-01-01,E10324,D05,CC501,1.0,10173.05,Active
20260101,2026-01-01,E10325,D06,CC601,0.8,5710.02,Active
20260101,2026-01-01,E10326,D06,CC601,1.0,8733.63,Active
20260101,2026-01-01,E10327,D06,CC601,1.0,10692.78,Active
20260101,2026-01-01,E10328,D06,CC601,1.0,7522.97,Active
20260101,2026-01-01,E10329,D06,CC601,1.0,13460.48,Active
20260101,2026-01-01,E10330,D06,CC601,1.0,10045.61,Active
20260101,2026-01-01,E10331,D06,CC601,1.0,8826.4,Active
20260101,2026-01-01,E10332,D06,CC601,1.0,16280.95,Active
20260101,2026-01-01,E10333,D06,CC601,1.0,7250.08,Active
20260101,2026-01-01,E10334,D06,CC601,1.0,13637.82,Active
20260101,2026-01-01,E10335,D06,CC601,1.0,12405.12,Active
20260101,2026-01-01,E10336,D06,CC601,1.0,15461.22,Active
20260101,2026-01-01,E10337,D06,CC601,1.0,15507.18,Active
20260101,2026-01-01,E10338,D06,CC601,1.0,12387.9,Active
20260101,2026-01-01,E10339,D06,CC601,1.0,12887.88,Active
20260101,2026-01-01,E10340,D06,CC601,1.0,15605.62,Active
20260101,2026-01-01,E10342,D06,CC601,1.0,16013.01,Active
20260101,2026-01-01,E10343,D06,CC601,1.0,14835.36,Active
20260101,2026-01-01,E10344,D06,CC601,1.0,8724.09,Active
20260101,2026-01-01,E10345,D06,CC601,1.0,9942.29,Active
20260101,2026-01-01,E10346,D06,CC601,1.0,13956.04,Active
20260101,2026-01-01,E10347,D06,CC601,1.0,7708.56,Active
20260101,2026-01-01,E10348,D06,CC601,1.0,14158.28,Active
20260101,2026-01-01,E10349,D06,CC601,1.0,11167.61,Active
20260101,2026-01-01,E10350,D06,CC601,0.8,7626.05,Active
20260101,2026-01-01,E10351,D06,CC601,1.0,10836.83,Active
20260101,2026-01-01,E10352,D06,CC601,1.0,7759.45,Active
20260101,2026-01-01,E10353,D06,CC601,1.0,14246.55,Active
20260101,2026-01-01,E10354,D06,CC601,1.0,14990.06,Active
20260101,2026-01-01,E10355,D06,CC601,1.0,6261.41,Active
20260101,2026-01-01,E10356,D06,CC601,1.0,6199.71,Active
20260101,2026-01-01,E10357,D06,CC601,1.0,10758.84,Active
20260101,2026-01-01,E10359,D07,CC701,1.0,14083.51,Active
20260101,2026-01-01,E10360,D07,CC701,1.0,15856.46,Active
20260101,2026-01-01,E10361,D07,CC701,1.0,9178.73,Active
20260101,2026-01-01,E10362,D07,CC701,1.0,15040.33,Active
20260101,2026-01-01,E10363,D07,CC701,1.0,12590.6,Active
20260101,2026-01-01,E10364,D07,CC701,1.0,15038.1,Active
20260101,2026-01-01,E10365,D07,CC701,1.0,12993.34,Active
20260101,2026-01-01,E10366,D07,CC701,1.0,14772.19,Active
20260101,2026-01-01,E10367,D07,CC701,1.0,12113.86,Active
20260101,2026-01-01,E10368,D07,CC701,1.0,7507.92,Active
20260101,2026-01-01,E10369,D07,CC701,1.0,14967.18,Active
20260101,2026-01-01,E10370,D07,CC701,1.0,10596.59,Active
20260101,2026-01-01,E10371,D07,CC701,1.0,15613.42,Active
20260101,2026-01-01,E10372,D07,CC701,1.0,8667.41,Active
20260101,2026-01-01,E10373,D07,CC701,1.0,14965.08,Active
20260101,2026-01-01,E10374,D07,CC701,1.0,6396.31,Active
20260101,2026-01-01,E10375,D07,CC701,1.0,15839.74,Active
20260101,2026-01-01,E10376,D07,CC701,1.0,7785.37,Active
20260101,2026-01-01,E10377,D07,CC701,1.0,13218.93,Active
20260101,2026-01-01,E10378,D07,CC701,1.0,13771.37,Active
20260101,2026-01-01,E10379,D07,CC701,1.0,15641.84,Active
20260101,2026-01-01,E10380,D07,CC701,1.0,12358.76,Active
20260101,2026-01-01,E10381,D07,CC701,1.0,9148.61,Active
20260101,2026-01-01,E10382,D07,CC701,1.0,11975.19,Active
20260101,2026-01-01,E10383,D07,CC701,1.0,13489.62,Active
20260101,2026-01-01,E10384,D07,CC701,1.0,10175.44,Active
20260101,2026-01-01,E10385,D07,CC701,1.0,8585.71,Active
20260101,2026-01-01,E10386,D07,CC701,0.8,9413.8,Active
20260101,2026-01-01,E10387,D07,CC701,1.0,6851.45,Active
20260101,2026-01-01,E10388,D07,CC701,1.0,5465.15,Active
20260101,2026-01-01,E10389,D07,CC701,1.0,14553.69,Active
20260101,2026-01-01,E10390,D07,CC701,1.0,14178.58,Active
20260101,2026-01-01,E10391,D07,CC701,1.0,11871.14,Active
20260101,2026-01-01,E10392,D07,CC701,1.0,8829.78,Active
20260101,2026-01-01,E10393,D07,CC701,1.0,10306.86,Active
20260101,2026-01-01,E10394,D07,CC701,1.0,14785.45,Active
20260101,2026-01-01,E10395,D07,CC701,1.0,10893.21,Active
20260101,2026-01-01,E10396,D07,CC701,1.0,13184.08,Active
20260101,2026-01-01,E10397,D07,CC701,1.0,13092.69,Active
20260101,2026-01-01,E10398,D07,CC701,1.0,9066.05,Active
20260101,2026-01-01,E10399,D07,CC701,1.0,5974.17,Active
20260101,2026-01-01,E10400,D07,CC701,1.0,8768.54,Active
20260101,2026-01-01,E10401,D07,CC701,1.0,9040.07,Active
20260101,2026-01-01,E10402,D07,CC701,1.0,9595.34,Active
20260101,2026-01-01,E10403,D08,CC802,1.0,7628.81,Active
20260101,2026-01-01,E10404,D08,CC801,0.8,10918.3,Active
20260101,2026-01-01,E10405,D08,CC801,1.0,7220.81,Active
20260101,2026-01-01,E10406,D08,CC801,1.0,8678.64,Active
20260101,2026-01-01,E10407,D08,CC801,1.0,13589.37,Active
20260101,2026-01-01,E10408,D08,CC801,1.0,11699.58,Active
20260101,2026-01-01,E10409,D08,CC801,1.0,10075.35,Active
20260101,2026-01-01,E10410,D08,CC801,1.0,7330.36,Active
20260101,2026-01-01,E10411,D08,CC802,1.0,12439.71,Active
20260101,2026-01-01,E10412,D08,CC801,1.0,9887.55,Active
20260101,2026-01-01,E10413,D08,CC801,1.0,10834.16,Active
20260101,2026-01-01,E10414,D08,CC801,1.0,16196.6,Active
20260101,2026-01-01,E10415,D08,CC802,1.0,12530.56,Active
20260101,2026-01-01,E10416,D08,CC801,1.0,6701.72,Active
20260101,2026-01-01,E10417,D08,CC801,1.0,12578.08,Active
20260101,2026-01-01,E10418,D08,CC802,1.0,16112.73,Active
20260101,2026-01-01,E10419,D08,CC801,1.0,6528.78,Active
20260101,2026-01-01,E10420,D08,CC802,1.0,12355.48,Active
20260101,2026-01-01,E10421,D08,CC801,1.0,6583.34,Active
20260101,2026-01-01,E10422,D08,CC801,1.0,14345.81,Active
20260101,2026-01-01,E10423,D08,CC802,1.0,11156.59,Active
20260101,2026-01-01,E10424,D08,CC801,1.0,11848.13,Active
20260101,2026-01-01,E10425,D08,CC801,0.8,12215.43,Active
20260101,2026-01-01,E10426,D08,CC802,1.0,5482.53,Active
20260101,2026-01-01,E10427,D08,CC801,1.0,6896.4,Active
20260101,2026-01-01,E10428,D08,CC801,1.0,14801.18,Active
20260101,2026-01-01,E10429,D08,CC802,1.0,10920.33,Active
20260101,2026-01-01,E10430,D08,CC801,1.0,15873.36,Active
20260101,2026-01-01,E10431,D08,CC802,1.0,15673.2,Active
20260101,2026-01-01,E10432,D08,CC802,1.0,11740.45,Active
20260101,2026-01-01,E10433,D08,CC801,1.0,16107.85,Active
20260101,2026-01-01,E10434,D08,CC801,0.8,4769.06,Active
20260101,2026-01-01,E10435,D08,CC801,1.0,14659.42,Active
20260101,2026-01-01,E10436,D08,CC802,1.0,7732.59,Active
20260101,2026-01-01,E10437,D08,CC801,1.0,12310.54,Active
20260101,2026-01-01,E10438,D08,CC801,1.0,9547.2,Active
20260101,2026-01-01,E10439,D08,CC802,1.0,15690.43,Active
20260101,2026-01-01,E10440,D08,CC802,1.0,6237.29,Active
20260101,2026-01-01,E10441,D08,CC801,1.0,11576.93,Active
20260101,2026-01-01,E10442,D08,CC802,1.0,8876.01,Active
20260101,2026-01-01,E10443,D08,CC802,1.0,8057.77,Active
20260101,2026-01-01,E10444,D08,CC802,1.0,12924.15,Active
20260101,2026-01-01,E10445,D08,CC802,1.0,6428.45,Active
20260101,2026-01-01,E10446,D08,CC802,1.0,13990.2,Active
20260101,2026-01-01,E10447,D08,CC801,1.0,9567.8,Active
20260101,2026-01-01,E10448,D08,CC802,1.0,13245.98,Active
20260101,2026-01-01,E10449,D08,CC802,1.0,10816.51,Active
20260101,2026-01-01,E10450,D08,CC801,1.0,11434.05,Active
20260101,2026-01-01,E10451,D08,CC802,1.0,15702.8,Active
20260101,2026-01-01,E10452,D08,CC802,1.0,13374.25,Active
20260101,2026-01-01,E10453,D08,CC801,1.0,8291.84,Active
20260101,2026-01-01,E10454,D08,CC802,1.0,11663.49,Active
20260101,2026-01-01,E10455,D08,CC802,1.0,12256.73,Active
20260101,2026-01-01,E10456,D08,CC802,1.0,9969.08,Active
20260101,2026-01-01,E10457,D08,CC802,1.0,9352.41,Active
20260101,2026-01-01,E10458,D08,CC801,1.0,15887.63,Active
20260101,2026-01-01,E10459,D08,CC802,0.8,5129.92,Active
20260101,2026-01-01,E10460,D08,CC801,1.0,14730.78,Active
20260101,2026-01-01,E10461,D08,CC801,1.0,15798.26,Active
20260101,2026-01-01,E10462,D08,CC802,1.0,11420.83,Active
20260101,2026-01-01,E10463,D08,CC801,1.0,10071.71,Active
20260101,2026-01-01,E10464,D08,CC801,1.0,12954.8,Active
20260101,2026-01-01,E10465,D08,CC801,1.0,15162.62,Active
20260101,2026-01-01,E10466,D08,CC801,1.0,13582.12,Active
20260101,2026-01-01,E10467,D08,CC802,0.8,4776.47,Active
20260101,2026-01-01,E10468,D08,CC801,1.0,14958.65,Active
20260101,2026-01-01,E10469,D08,CC802,1.0,6842.88,Active
20260101,2026-01-01,E10470,D08,CC802,1.0,9528.48,Active
20260101,2026-01-01,E10477,D02,CC202,1.0,10042.51,Active
20260101,2026-01-01,E10490,D05,CC501,1.0,9982.86,Active
20260101,2026-01-01,E10499,D07,CC701,1.0,7348.53,Active
20260101,2026-01-01,E10500,D08,CC801,1.0,14603.13,Active
20260101,2026-01-01,E10501,D08,CC802,1.0,13720.77,Active
20260201,2026-02-01,E10001,D01,CC102,1.0,14493.98,Active
20260201,2026-02-01,E10002,D01,CC101,1.0,8381.29,Active
20260201,2026-02-01,E10003,D01,CC102,1.0,12583.77,Active
20260201,2026-02-01,E10004,D01,CC101,1.0,16416.26,Active
20260201,2026-02-01,E10005,D01,CC102,1.0,14037.58,Active
20260201,2026-02-01,E10006,D01,CC102,1.0,13623.85,Active
20260201,2026-02-01,E10007,D01,CC102,1.0,7398.13,Active
20260201,2026-02-01,E10008,D01,CC102,1.0,7267.15,Active
20260201,2026-02-01,E10009,D01,CC101,1.0,15912.68,Active
20260201,2026-02-01,E10010,D01,CC102,1.0,14189.27,Active
20260201,2026-02-01,E10011,D01,CC102,1.0,12564.41,Active
20260201,2026-02-01,E10012,D01,CC102,1.0,10245.93,Active
20260201,2026-02-01,E10013,D01,CC101,1.0,11949.36,Active
20260201,2026-02-01,E10014,D01,CC102,1.0,12055.17,Active
20260201,2026-02-01,E10015,D01,CC102,1.0,9087.56,Active
20260201,2026-02-01,E10016,D01,CC102,1.0,13083.49,Active
20260201,2026-02-01,E10017,D01,CC102,1.0,11104.81,Active
20260201,2026-02-01,E10018,D01,CC102,1.0,15335.68,Active
20260201,2026-02-01,E10019,D01,CC102,0.8,5499.29,Active
20260201,2026-02-01,E10020,D01,CC101,1.0,8638.2,Active
20260201,2026-02-01,E10021,D01,CC102,1.0,11100.34,Active
20260201,2026-02-01,E10022,D01,CC102,1.0,13369.57,Active
20260201,2026-02-01,E10023,D01,CC101,1.0,6307.7,Active
20260201,2026-02-01,E10024,D01,CC101,1.0,10538.8,Active
20260201,2026-02-01,E10025,D01,CC102,1.0,14845.77,Active
20260201,2026-02-01,E10026,D01,CC102,1.0,10393.26,Active
20260201,2026-02-01,E10027,D01,CC101,1.0,9192.0,Active
20260201,2026-02-01,E10028,D01,CC102,1.0,13405.1,Active
20260201,2026-02-01,E10029,D01,CC102,1.0,5656.03,Active
20260201,2026-02-01,E10030,D01,CC102,1.0,10502.8,Active
20260201,2026-02-01,E10031,D01,CC102,1.0,8767.77,Active
20260201,2026-02-01,E10032,D01,CC101,1.0,6374.5,Active
20260201,2026-02-01,E10033,D01,CC101,1.0,14261.75,Active
20260201,2026-02-01,E10034,D01,CC101,1.0,12583.13,Active
20260201,2026-02-01,E10035,D01,CC101,1.0,14828.24,Active
20260201,2026-02-01,E10036,D01,CC102,1.0,10468.07,Active
20260201,2026-02-01,E10037,D01,CC102,0.8,12139.52,Active
20260201,2026-02-01,E10038,D01,CC101,1.0,14817.15,Active
20260201,2026-02-01,E10039,D02,CC202,1.0,14312.6,Active
20260201,2026-02-01,E10040,D02,CC202,1.0,6632.69,Active
20260201,2026-02-01,E10041,D02,CC202,1.0,13523.87,Active
20260201,2026-02-01,E10042,D02,CC202,1.0,10633.42,Active
20260201,2026-02-01,E10043,D02,CC202,1.0,11081.18,Active
20260201,2026-02-01,E10044,D02,CC202,1.0,6095.34,Active
20260201,2026-02-01,E10045,D02,CC202,1.0,15691.06,Active
20260201,2026-02-01,E10046,D02,CC202,1.0,5721.06,Active
20260201,2026-02-01,E10047,D02,CC201,1.0,10107.04,Active
20260201,2026-02-01,E10048,D02,CC202,1.0,9073.1,Active
20260201,2026-02-01,E10049,D02,CC202,0.8,10532.18,Active
20260201,2026-02-01,E10050,D02,CC202,1.0,12692.24,Active
20260201,2026-02-01,E10051,D02,CC201,0.8,11781.59,Active
20260201,2026-02-01,E10052,D02,CC202,1.0,6417.82,Active
20260201,2026-02-01,E10053,D02,CC202,1.0,7091.42,Active
20260201,2026-02-01,E10054,D02,CC202,1.0,15748.46,Active
20260201,2026-02-01,E10055,D02,CC201,1.0,11442.45,Active
20260201,2026-02-01,E10056,D02,CC201,1.0,9379.36,Active
20260201,2026-02-01,E10057,D02,CC201,1.0,15153.98,Active
20260201,2026-02-01,E10058,D02,CC201,1.0,6705.04,Active
20260201,2026-02-01,E10059,D02,CC202,1.0,10798.34,Active
20260201,2026-02-01,E10060,D02,CC202,1.0,13686.96,Active
20260201,2026-02-01,E10061,D02,CC201,1.0,15045.15,Active
20260201,2026-02-01,E10062,D02,CC202,1.0,10177.44,Active
20260201,2026-02-01,E10063,D02,CC201,1.0,14041.39,Active
20260201,2026-02-01,E10064,D02,CC201,1.0,7268.74,Active
20260201,2026-02-01,E10065,D02,CC202,1.0,7154.6,Active
20260201,2026-02-01,E10066,D02,CC201,1.0,10917.57,Active
20260201,2026-02-01,E10067,D02,CC201,1.0,9151.72,Active
20260201,2026-02-01,E10068,D02,CC202,1.0,10121.31,Active
20260201,2026-02-01,E10069,D02,CC202,1.0,14081.7,Active
20260201,2026-02-01,E10070,D02,CC202,1.0,6389.65,Active
20260201,2026-02-01,E10071,D02,CC201,1.0,12581.52,Active
20260201,2026-02-01,E10072,D02,CC202,1.0,7922.76,Active
20260201,2026-02-01,E10073,D02,CC202,1.0,15315.45,Active
20260201,2026-02-01,E10074,D02,CC201,1.0,13852.17,Active
20260201,2026-02-01,E10075,D02,CC201,1.0,9808.56,Active
20260201,2026-02-01,E10077,D02,CC202,1.0,9943.21,Active
20260201,2026-02-01,E10078,D02,CC202,1.0,5506.8,Active
20260201,2026-02-01,E10079,D02,CC202,1.0,7035.01,Active
20260201,2026-02-01,E10080,D02,CC202,1.0,15072.93,Active
20260201,2026-02-01,E10081,D02,CC202,0.8,11114.34,Active
20260201,2026-02-01,E10082,D02,CC202,1.0,6377.61,Active
20260201,2026-02-01,E10083,D02,CC201,1.0,13597.35,Active
20260201,2026-02-01,E10084,D02,CC201,1.0,8604.21,Active
20260201,2026-02-01,E10085,D02,CC201,1.0,11108.72,Active
20260201,2026-02-01,E10086,D02,CC202,1.0,8040.7,Active
20260201,2026-02-01,E10087,D02,CC201,1.0,6710.48,Active
20260201,2026-02-01,E10088,D02,CC201,1.0,10977.21,Active
20260201,2026-02-01,E10089,D02,CC202,1.0,15611.19,Active
20260201,2026-02-01,E10090,D02,CC202,1.0,5466.45,Active
20260201,2026-02-01,E10091,D02,CC201,1.0,16138.43,Active
20260201,2026-02-01,E10092,D02,CC201,1.0,12616.17,Active
20260201,2026-02-01,E10093,D02,CC202,0.8,6492.31,Active
20260201,2026-02-01,E10094,D02,CC202,1.0,14316.67,Active
20260201,2026-02-01,E10095,D02,CC201,1.0,14389.87,Active
20260201,2026-02-01,E10097,D02,CC202,1.0,11080.7,Active
20260201,2026-02-01,E10098,D02,CC202,1.0,12366.55,Active
20260201,2026-02-01,E10099,D02,CC201,1.0,9935.78,Active
20260201,2026-02-01,E10100,D02,CC202,1.0,10618.63,Active
20260201,2026-02-01,E10101,D02,CC201,1.0,11054.11,Active
20260201,2026-02-01,E10102,D02,CC201,1.0,5831.96,Active
20260201,2026-02-01,E10103,D02,CC202,1.0,15876.67,Active
20260201,2026-02-01,E10104,D02,CC201,1.0,11546.61,Active
20260201,2026-02-01,E10105,D02,CC202,1.0,9530.29,Active
20260201,2026-02-01,E10106,D02,CC201,1.0,5715.87,Active
20260201,2026-02-01,E10107,D02,CC202,1.0,9924.92,Active
20260201,2026-02-01,E10108,D02,CC202,1.0,14260.11,Active
20260201,2026-02-01,E10109,D02,CC201,1.0,9264.23,Active
20260201,2026-02-01,E10110,D02,CC202,0.8,7076.11,Active
20260201,2026-02-01,E10111,D02,CC201,1.0,10498.63,Active
20260201,2026-02-01,E10112,D02,CC202,1.0,10418.07,Active
20260201,2026-02-01,E10113,D02,CC201,1.0,13416.53,Active
20260201,2026-02-01,E10114,D02,CC201,1.0,9929.42,Active
20260201,2026-02-01,E10115,D02,CC202,1.0,5917.08,Active
20260201,2026-02-01,E10116,D02,CC201,0.8,11761.24,Active
20260201,2026-02-01,E10117,D02,CC202,1.0,13787.61,Active
20260201,2026-02-01,E10118,D02,CC201,1.0,12496.96,Active
20260201,2026-02-01,E10119,D02,CC201,1.0,11404.14,Active
20260201,2026-02-01,E10120,D02,CC201,0.8,10787.52,Active
20260201,2026-02-01,E10121,D02,CC201,1.0,11282.13,Active
20260201,2026-02-01,E10122,D02,CC202,1.0,8044.46,Active
20260201,2026-02-01,E10123,D02,CC202,1.0,11954.51,Active
20260201,2026-02-01,E10124,D02,CC201,1.0,9078.72,Active
20260201,2026-02-01,E10125,D02,CC202,1.0,8975.48,Active
20260201,2026-02-01,E10127,D02,CC201,1.0,13820.54,Active
20260201,2026-02-01,E10128,D02,CC201,1.0,12833.38,Active
20260201,2026-02-01,E10129,D02,CC201,1.0,7352.99,Active
20260201,2026-02-01,E10130,D02,CC202,1.0,9002.59,Active
20260201,2026-02-01,E10131,D03,CC301,1.0,15726.06,Active
20260201,2026-02-01,E10132,D03,CC301,1.0,13688.0,Active
20260201,2026-02-01,E10133,D03,CC301,1.0,10926.39,Active
20260201,2026-02-01,E10134,D03,CC301,1.0,11489.67,Active
20260201,2026-02-01,E10135,D03,CC301,1.0,15300.98,Active
20260201,2026-02-01,E10136,D03,CC301,0.8,9388.71,Active
20260201,2026-02-01,E10137,D03,CC301,1.0,12397.91,Active
20260201,2026-02-01,E10138,D03,CC301,0.8,8208.98,Active
20260201,2026-02-01,E10139,D03,CC301,1.0,16155.45,Active
20260201,2026-02-01,E10140,D03,CC301,1.0,15943.56,Active
20260201,2026-02-01,E10141,D03,CC301,0.8,12731.77,Active
20260201,2026-02-01,E10142,D03,CC301,1.0,15276.02,Active
20260201,2026-02-01,E10143,D03,CC301,1.0,12926.35,Active
20260201,2026-02-01,E10144,D03,CC301,1.0,10963.48,Active
20260201,2026-02-01,E10145,D03,CC301,1.0,11595.63,Active
20260201,2026-02-01,E10146,D03,CC301,1.0,6730.84,Active
20260201,2026-02-01,E10147,D03,CC301,1.0,14996.54,Active
20260201,2026-02-01,E10148,D03,CC301,1.0,14262.98,Active
20260201,2026-02-01,E10149,D03,CC301,1.0,13071.56,Active
20260201,2026-02-01,E10150,D03,CC301,1.0,9008.58,Active
20260201,2026-02-01,E10151,D03,CC301,1.0,8986.88,Active
20260201,2026-02-01,E10152,D03,CC301,1.0,5478.05,Active
20260201,2026-02-01,E10153,D03,CC301,1.0,15162.64,Active
20260201,2026-02-01,E10154,D03,CC301,1.0,13935.95,Active
20260201,2026-02-01,E10155,D03,CC301,1.0,12618.14,Active
20260201,2026-02-01,E10156,D03,CC301,1.0,9344.35,Active
20260201,2026-02-01,E10157,D03,CC301,1.0,9494.04,Active
20260201,2026-02-01,E10158,D03,CC301,1.0,13642.78,Active
20260201,2026-02-01,E10159,D03,CC301,1.0,12301.19,Active
20260201,2026-02-01,E10160,D03,CC301,0.8,12748.95,Active
20260201,2026-02-01,E10161,D03,CC301,1.0,13068.39,Active
20260201,2026-02-01,E10162,D03,CC301,0.8,11517.21,Active
20260201,2026-02-01,E10163,D03,CC301,1.0,11609.96,Active
20260201,2026-02-01,E10164,D03,CC301,1.0,12641.55,Active
20260201,2026-02-01,E10165,D03,CC301,1.0,13651.19,Active
20260201,2026-02-01,E10166,D03,CC301,1.0,14732.68,Active
20260201,2026-02-01,E10167,D03,CC301,1.0,5719.27,Active
20260201,2026-02-01,E10168,D03,CC301,1.0,5467.44,Active
20260201,2026-02-01,E10169,D03,CC301,1.0,8864.2,Active
20260201,2026-02-01,E10170,D03,CC301,1.0,11038.14,Active
20260201,2026-02-01,E10171,D03,CC301,1.0,5889.41,Active
20260201,2026-02-01,E10172,D03,CC301,1.0,9946.55,Active
20260201,2026-02-01,E10173,D03,CC301,1.0,9139.49,Active
20260201,2026-02-01,E10174,D03,CC301,1.0,9985.87,Active
20260201,2026-02-01,E10175,D03,CC301,1.0,8976.38,Active
20260201,2026-02-01,E10176,D03,CC301,1.0,14109.32,Active
20260201,2026-02-01,E10177,D03,CC301,1.0,10589.61,Active
20260201,2026-02-01,E10178,D03,CC301,1.0,10983.03,Active
20260201,2026-02-01,E10179,D03,CC301,1.0,12269.33,Active
20260201,2026-02-01,E10180,D03,CC301,1.0,6340.29,Active
20260201,2026-02-01,E10181,D03,CC301,1.0,15028.24,Active
20260201,2026-02-01,E10182,D03,CC301,1.0,10151.24,Active
20260201,2026-02-01,E10183,D03,CC301,1.0,6113.75,Active
20260201,2026-02-01,E10184,D03,CC301,0.8,7905.33,Active
20260201,2026-02-01,E10185,D03,CC301,1.0,14025.95,Active
20260201,2026-02-01,E10186,D03,CC301,1.0,13920.69,Active
20260201,2026-02-01,E10187,D03,CC301,1.0,12778.99,Active
20260201,2026-02-01,E10188,D03,CC301,1.0,11819.67,Active
20260201,2026-02-01,E10190,D03,CC301,1.0,10887.31,Active
20260201,2026-02-01,E10191,D03,CC301,1.0,12074.28,Active
20260201,2026-02-01,E10192,D03,CC301,1.0,5903.37,Active
20260201,2026-02-01,E10193,D03,CC301,1.0,11103.59,Active
20260201,2026-02-01,E10194,D03,CC301,1.0,11352.82,Active
20260201,2026-02-01,E10195,D03,CC301,1.0,12086.53,Active
20260201,2026-02-01,E10196,D03,CC301,1.0,11114.95,Active
20260201,2026-02-01,E10197,D03,CC301,1.0,14335.65,Active
20260201,2026-02-01,E10198,D03,CC301,1.0,16005.31,Active
20260201,2026-02-01,E10199,D03,CC301,1.0,12774.4,Active
20260201,2026-02-01,E10200,D03,CC301,1.0,14701.89,Active
20260201,2026-02-01,E10201,D04,CC401,1.0,9000.22,Active
20260201,2026-02-01,E10202,D04,CC401,1.0,15168.66,Active
20260201,2026-02-01,E10203,D04,CC401,1.0,12304.02,Active
20260201,2026-02-01,E10204,D04,CC401,1.0,8106.5,Active
20260201,2026-02-01,E10205,D04,CC401,1.0,7509.95,Active
20260201,2026-02-01,E10206,D04,CC401,1.0,5769.61,Active
20260201,2026-02-01,E10207,D04,CC401,1.0,7498.61,Active
20260201,2026-02-01,E10208,D04,CC401,1.0,7607.94,Active
20260201,2026-02-01,E10209,D04,CC401,0.8,6647.53,Active
20260201,2026-02-01,E10210,D04,CC401,0.8,6488.93,Active
20260201,2026-02-01,E10211,D04,CC401,1.0,8265.42,Active
20260201,2026-02-01,E10212,D04,CC401,1.0,6973.97,Active
20260201,2026-02-01,E10213,D04,CC401,1.0,8703.46,Active
20260201,2026-02-01,E10214,D04,CC401,1.0,12723.07,Active
20260201,2026-02-01,E10216,D04,CC401,1.0,9563.72,Active
20260201,2026-02-01,E10217,D04,CC401,1.0,13622.48,Active
20260201,2026-02-01,E10218,D04,CC401,1.0,7124.75,Active
20260201,2026-02-01,E10219,D04,CC401,1.0,8492.77,Active
20260201,2026-02-01,E10220,D04,CC401,1.0,15107.31,Active
20260201,2026-02-01,E10221,D04,CC401,1.0,14033.01,Active
20260201,2026-02-01,E10222,D04,CC401,1.0,13659.52,Active
20260201,2026-02-01,E10223,D04,CC401,1.0,7353.19,Active
20260201,2026-02-01,E10224,D04,CC401,1.0,13213.02,Active
20260201,2026-02-01,E10225,D04,CC401,1.0,9813.58,Active
20260201,2026-02-01,E10226,D04,CC401,1.0,7693.67,Active
20260201,2026-02-01,E10227,D04,CC401,1.0,10050.68,Active
20260201,2026-02-01,E10228,D04,CC401,1.0,14452.64,Active
20260201,2026-02-01,E10229,D04,CC401,1.0,8572.13,Active
20260201,2026-02-01,E10230,D04,CC401,0.8,8476.03,Active
20260201,2026-02-01,E10231,D04,CC401,1.0,10084.09,Active
20260201,2026-02-01,E10232,D04,CC401,1.0,9654.51,Active
20260201,2026-02-01,E10233,D04,CC401,1.0,12368.84,Active
20260201,2026-02-01,E10234,D04,CC401,1.0,10859.47,Active
20260201,2026-02-01,E10235,D04,CC401,1.0,6525.41,Active
20260201,2026-02-01,E10236,D04,CC401,1.0,9142.01,Active
20260201,2026-02-01,E10237,D04,CC401,1.0,14216.39,Active
20260201,2026-02-01,E10238,D04,CC401,1.0,16191.88,Active
20260201,2026-02-01,E10239,D04,CC401,0.8,6751.52,Active
20260201,2026-02-01,E10240,D04,CC401,1.0,14253.19,Active
20260201,2026-02-01,E10241,D04,CC401,1.0,16049.94,Active
20260201,2026-02-01,E10242,D04,CC401,0.8,10637.18,Active
20260201,2026-02-01,E10243,D04,CC401,1.0,11817.1,Active
20260201,2026-02-01,E10244,D04,CC401,1.0,6432.02,Active
20260201,2026-02-01,E10245,D04,CC401,1.0,13050.51,Active
20260201,2026-02-01,E10246,D04,CC401,1.0,11442.56,Active
20260201,2026-02-01,E10247,D04,CC401,1.0,6846.32,Active
20260201,2026-02-01,E10248,D04,CC401,1.0,14399.35,Active
20260201,2026-02-01,E10249,D05,CC502,1.0,12940.73,Active
20260201,2026-02-01,E10250,D05,CC501,1.0,11715.75,Active
20260201,2026-02-01,E10251,D05,CC502,1.0,15905.74,Active
20260201,2026-02-01,E10252,D05,CC502,1.0,12006.02,Active
20260201,2026-02-01,E10253,D05,CC502,1.0,9589.86,Active
20260201,2026-02-01,E10254,D05,CC502,1.0,9039.38,Active
20260201,2026-02-01,E10256,D05,CC501,0.8,9499.35,Active
20260201,2026-02-01,E10257,D05,CC502,1.0,15178.57,Active
20260201,2026-02-01,E10258,D05,CC501,1.0,8642.03,Active
20260201,2026-02-01,E10259,D05,CC502,1.0,5538.32,Active
20260201,2026-02-01,E10260,D05,CC501,1.0,16161.83,Active
20260201,2026-02-01,E10261,D05,CC502,1.0,13396.45,Active
20260201,2026-02-01,E10262,D05,CC502,1.0,7645.01,Active
20260201,2026-02-01,E10263,D05,CC502,1.0,11572.49,Active
20260201,2026-02-01,E10264,D05,CC502,1.0,13114.29,Active
20260201,2026-02-01,E10265,D05,CC502,1.0,16125.35,Active
20260201,2026-02-01,E10266,D05,CC501,0.8,9553.81,Active
20260201,2026-02-01,E10267,D05,CC502,1.0,11658.54,Active
20260201,2026-02-01,E10268,D05,CC501,1.0,5864.4,Active
20260201,2026-02-01,E10269,D05,CC502,1.0,15314.96,Active
20260201,2026-02-01,E10270,D05,CC501,1.0,14353.01,Active
20260201,2026-02-01,E10271,D05,CC502,1.0,15315.6,Active
20260201,2026-02-01,E10272,D05,CC501,1.0,12597.33,Active
20260201,2026-02-01,E10273,D05,CC501,1.0,5881.34,Active
20260201,2026-02-01,E10274,D05,CC501,0.8,8959.51,Active
20260201,2026-02-01,E10275,D05,CC501,1.0,9891.27,Active
20260201,2026-02-01,E10277,D05,CC501,1.0,8224.12,Active
20260201,2026-02-01,E10278,D05,CC502,1.0,9576.39,Active
20260201,2026-02-01,E10279,D05,CC501,1.0,5588.18,Active
20260201,2026-02-01,E10280,D05,CC502,1.0,13464.51,Active
20260201,2026-02-01,E10281,D05,CC502,1.0,12573.46,Active
20260201,2026-02-01,E10282,D05,CC501,1.0,8527.28,Active
20260201,2026-02-01,E10283,D05,CC501,1.0,12106.86,Active
20260201,2026-02-01,E10284,D05,CC501,1.0,13565.33,Active
20260201,2026-02-01,E10285,D05,CC502,1.0,5568.64,Active
20260201,2026-02-01,E10286,D05,CC501,1.0,7394.39,Active
20260201,2026-02-01,E10287,D05,CC501,1.0,12918.08,Active
20260201,2026-02-01,E10288,D05,CC501,1.0,10259.02,Active
20260201,2026-02-01,E10289,D05,CC501,1.0,13719.72,Active
20260201,2026-02-01,E10290,D05,CC501,1.0,7602.81,Active
20260201,2026-02-01,E10292,D05,CC501,1.0,15104.37,Active
20260201,2026-02-01,E10293,D05,CC502,1.0,6619.37,Active
20260201,2026-02-01,E10294,D05,CC501,1.0,7568.67,Active
20260201,2026-02-01,E10295,D05,CC501,1.0,10127.96,Active
20260201,2026-02-01,E10296,D05,CC502,1.0,7276.68,Active
20260201,2026-02-01,E10297,D05,CC501,1.0,10399.51,Active
20260201,2026-02-01,E10298,D05,CC501,1.0,9413.32,Active
20260201,2026-02-01,E10299,D05,CC502,1.0,13833.4,Active
20260201,2026-02-01,E10300,D05,CC501,1.0,14061.22,Active
20260201,2026-02-01,E10301,D05,CC502,1.0,11931.19,Active
20260201,2026-02-01,E10302,D05,CC502,1.0,12376.94,Active
20260201,2026-02-01,E10303,D05,CC502,1.0,11966.29,Active
20260201,2026-02-01,E10304,D05,CC501,1.0,13460.29,Active
20260201,2026-02-01,E10305,D05,CC502,0.8,12162.64,Active
20260201,2026-02-01,E10306,D05,CC501,1.0,13636.95,Active
20260201,2026-02-01,E10307,D05,CC501,1.0,10781.86,Active
20260201,2026-02-01,E10308,D05,CC501,1.0,12498.43,Active
20260201,2026-02-01,E10309,D05,CC502,1.0,10216.94,Active
20260201,2026-02-01,E10310,D05,CC501,1.0,12350.12,Active
20260201,2026-02-01,E10311,D05,CC502,1.0,9874.94,Active
20260201,2026-02-01,E10312,D05,CC502,1.0,13344.13,Active
20260201,2026-02-01,E10313,D05,CC501,1.0,6068.44,Active
20260201,2026-02-01,E10314,D05,CC502,1.0,9518.92,Active
20260201,2026-02-01,E10315,D05,CC502,1.0,5564.05,Active
20260201,2026-02-01,E10316,D05,CC501,1.0,6078.35,Active
20260201,2026-02-01,E10317,D05,CC501,1.0,7337.28,Active
20260201,2026-02-01,E10318,D05,CC502,1.0,10160.49,Active
20260201,2026-02-01,E10319,D05,CC502,1.0,7632.8,Active
20260201,2026-02-01,E10320,D05,CC502,1.0,8676.43,Active
20260201,2026-02-01,E10321,D05,CC501,1.0,13857.1,Active
20260201,2026-02-01,E10322,D05,CC502,1.0,7213.96,Active
20260201,2026-02-01,E10323,D05,CC501,1.0,13457.24,Active
20260201,2026-02-01,E10324,D05,CC501,1.0,10022.01,Active
20260201,2026-02-01,E10325,D06,CC601,1.0,7075.45,Active
20260201,2026-02-01,E10326,D06,CC601,1.0,8849.4,Active
20260201,2026-02-01,E10327,D06,CC601,1.0,10755.69,Active
20260201,2026-02-01,E10328,D06,CC601,1.0,7529.18,Active
20260201,2026-02-01,E10329,D06,CC601,1.0,13240.74,Active
20260201,2026-02-01,E10330,D06,CC601,1.0,9902.31,Active
20260201,2026-02-01,E10331,D06,CC601,1.0,8736.65,Active
20260201,2026-02-01,E10332,D06,CC601,1.0,16293.64,Active
20260201,2026-02-01,E10333,D06,CC601,1.0,7155.15,Active
20260201,2026-02-01,E10334,D06,CC601,1.0,13682.98,Active
20260201,2026-02-01,E10335,D06,CC601,1.0,12304.05,Active
20260201,2026-02-01,E10336,D06,CC601,1.0,15548.03,Active
20260201,2026-02-01,E10337,D06,CC601,1.0,15415.47,Active
20260201,2026-02-01,E10338,D06,CC601,1.0,12542.81,Active
20260201,2026-02-01,E10339,D06,CC601,1.0,12766.37,Active
20260201,2026-02-01,E10340,D06,CC601,1.0,15738.84,Active
20260201,2026-02-01,E10342,D06,CC601,1.0,16121.72,Active
20260201,2026-02-01,E10343,D06,CC601,1.0,14864.79,Active
20260201,2026-02-01,E10344,D06,CC601,1.0,8798.59,Active
20260201,2026-02-01,E10345,D06,CC601,1.0,10000.16,Active
20260201,2026-02-01,E10346,D06,CC601,1.0,13787.82,Active
20260201,2026-02-01,E10347,D06,CC601,1.0,7721.72,Active
20260201,2026-02-01,E10349,D06,CC601,1.0,11113.64,Active
20260201,2026-02-01,E10350,D06,CC601,1.0,9529.86,Active
20260201,2026-02-01,E10351,D06,CC601,1.0,10996.5,Active
20260201,2026-02-01,E10352,D06,CC601,1.0,7713.77,Active
20260201,2026-02-01,E10353,D06,CC601,1.0,14091.63,Active
20260201,2026-02-01,E10354,D06,CC601,1.0,14847.8,Active
20260201,2026-02-01,E10355,D06,CC601,1.0,6374.77,Active
20260201,2026-02-01,E10356,D06,CC601,1.0,6207.35,Active
20260201,2026-02-01,E10357,D06,CC601,1.0,10796.69,Active
20260201,2026-02-01,E10359,D07,CC701,1.0,13907.49,Active
20260201,2026-02-01,E10360,D07,CC701,1.0,15947.28,Active
20260201,2026-02-01,E10361,D07,CC701,1.0,9072.77,Active
20260201,2026-02-01,E10362,D07,CC701,1.0,15109.84,Active
20260201,2026-02-01,E10363,D07,CC701,1.0,12739.93,Active
20260201,2026-02-01,E10364,D07,CC701,1.0,15007.68,Active
20260201,2026-02-01,E10365,D07,CC701,1.0,13000.02,Active
20260201,2026-02-01,E10366,D07,CC701,1.0,14750.33,Active
20260201,2026-02-01,E10367,D07,CC701,1.0,12200.29,Active
20260201,2026-02-01,E10368,D07,CC701,1.0,7457.41,Active
20260201,2026-02-01,E10369,D07,CC701,1.0,15035.32,Active
20260201,2026-02-01,E10370,D07,CC701,1.0,10806.77,Active
20260201,2026-02-01,E10371,D07,CC701,1.0,15580.8,Active
20260201,2026-02-01,E10372,D07,CC701,1.0,8594.56,Active
20260201,2026-02-01,E10373,D07,CC701,1.0,15068.2,Active
20260201,2026-02-01,E10374,D07,CC701,1.0,6376.4,Active
20260201,2026-02-01,E10375,D07,CC701,1.0,15728.55,Active
20260201,2026-02-01,E10376,D07,CC701,1.0,7680.06,Active
20260201,2026-02-01,E10377,D07,CC701,1.0,13127.08,Active
20260201,2026-02-01,E10378,D07,CC701,1.0,13672.29,Active
20260201,2026-02-01,E10379,D07,CC701,1.0,15807.43,Active
20260201,2026-02-01,E10380,D07,CC701,0.8,9856.19,Active
20260201,2026-02-01,E10381,D07,CC701,1.0,8990.75,Active
20260201,2026-02-01,E10382,D07,CC701,1.0,12033.34,Active
20260201,2026-02-01,E10383,D07,CC701,1.0,13398.6,Active
20260201,2026-02-01,E10384,D07,CC701,1.0,10158.93,Active
20260201,2026-02-01,E10385,D07,CC701,1.0,8536.74,Active
20260201,2026-02-01,E10386,D07,CC701,1.0,11812.65,Active
20260201,2026-02-01,E10387,D07,CC701,1.0,6819.25,Active
20260201,2026-02-01,E10388,D07,CC701,1.0,5453.98,Active
20260201,2026-02-01,E10389,D07,CC701,1.0,14601.98,Active
20260201,2026-02-01,E10390,D07,CC701,1.0,14168.97,Active
20260201,2026-02-01,E10391,D07,CC701,1.0,11930.8,Active
20260201,2026-02-01,E10392,D07,CC701,1.0,8908.47,Active
20260201,2026-02-01,E10393,D07,CC701,0.8,8310.99,Active
20260201,2026-02-01,E10394,D07,CC701,1.0,14544.79,Active
20260201,2026-02-01,E10395,D07,CC701,1.0,10962.03,Active
20260201,2026-02-01,E10396,D07,CC701,0.8,10486.92,Active
20260201,2026-02-01,E10397,D07,CC701,1.0,13173.43,Active
20260201,2026-02-01,E10398,D07,CC701,1.0,9012.67,Active
20260201,2026-02-01,E10399,D07,CC701,1.0,6022.83,Active
20260201,2026-02-01,E10400,D07,CC701,1.0,8677.45,Active
20260201,2026-02-01,E10401,D07,CC701,1.0,9052.31,Active
20260201,2026-02-01,E10402,D07,CC701,1.0,9614.06,Active
20260201,2026-02-01,E10403,D08,CC802,1.0,7591.98,Active
20260201,2026-02-01,E10404,D08,CC801,0.8,10933.86,Active
20260201,2026-02-01,E10405,D08,CC801,1.0,7275.95,Active
20260201,2026-02-01,E10406,D08,CC801,1.0,8682.49,Active
20260201,2026-02-01,E10407,D08,CC801,1.0,13669.66,Active
20260201,2026-02-01,E10408,D08,CC801,1.0,11720.84,Active
20260201,2026-02-01,E10409,D08,CC801,1.0,9987.61,Active
20260201,2026-02-01,E10410,D08,CC801,0.8,5880.96,Active
20260201,2026-02-01,E10411,D08,CC802,1.0,12410.41,Active
20260201,2026-02-01,E10412,D08,CC801,1.0,9791.68,Active
20260201,2026-02-01,E10413,D08,CC801,1.0,10779.42,Active
20260201,2026-02-01,E10414,D08,CC801,1.0,16056.45,Active
20260201,2026-02-01,E10415,D08,CC802,0.8,9954.74,Active
20260201,2026-02-01,E10416,D08,CC801,1.0,6783.79,Active
20260201,2026-02-01,E10417,D08,CC801,1.0,12799.22,Active
20260201,2026-02-01,E10418,D08,CC802,1.0,16147.57,Active
20260201,2026-02-01,E10419,D08,CC801,1.0,6429.03,Active
20260201,2026-02-01,E10420,D08,CC802,1.0,12532.86,Active
20260201,2026-02-01,E10421,D08,CC801,1.0,6496.0,Active
20260201,2026-02-01,E10422,D08,CC801,1.0,14208.72,Active
20260201,2026-02-01,E10423,D08,CC802,1.0,11323.41,Active
20260201,2026-02-01,E10424,D08,CC801,1.0,11835.81,Active
20260201,2026-02-01,E10425,D08,CC801,1.0,15072.46,Active
20260201,2026-02-01,E10426,D08,CC802,1.0,5556.86,Active
20260201,2026-02-01,E10427,D08,CC801,1.0,6831.76,Active
20260201,2026-02-01,E10429,D08,CC802,1.0,11035.98,Active
20260201,2026-02-01,E10430,D08,CC801,1.0,16153.43,Active
20260201,2026-02-01,E10431,D08,CC802,1.0,15603.3,Active
20260201,2026-02-01,E10432,D08,CC802,1.0,11623.56,Active
20260201,2026-02-01,E10433,D08,CC801,1.0,16328.34,Active
20260201,2026-02-01,E10434,D08,CC801,1.0,5967.51,Active
20260201,2026-02-01,E10435,D08,CC801,1.0,14725.1,Active
20260201,2026-02-01,E10436,D08,CC802,1.0,7718.73,Active
20260201,2026-02-01,E10437,D08,CC801,1.0,12183.9,Active
20260201,2026-02-01,E10438,D08,CC801,1.0,9664.61,Active
20260201,2026-02-01,E10439,D08,CC802,1.0,15765.74,Active
20260201,2026-02-01,E10440,D08,CC802,1.0,6189.06,Active
20260201,2026-02-01,E10441,D08,CC801,1.0,11557.47,Active
20260201,2026-02-01,E10442,D08,CC802,1.0,8876.03,Active
20260201,2026-02-01,E10443,D08,CC802,1.0,8063.29,Active
20260201,2026-02-01,E10444,D08,CC802,1.0,12740.38,Active
20260201,2026-02-01,E10445,D08,CC802,1.0,6436.02,Active
20260201,2026-02-01,E10446,D08,CC802,1.0,13984.55,Active
20260201,2026-02-01,E10447,D08,CC801,1.0,9489.63,Active
20260201,2026-02-01,E10448,D08,CC802,1.0,13305.15,Active
20260201,2026-02-01,E10449,D08,CC802,1.0,10753.37,Active
20260201,2026-02-01,E10450,D08,CC801,1.0,11333.48,Active
20260201,2026-02-01,E10451,D08,CC802,1.0,15838.45,Active
20260201,2026-02-01,E10452,D08,CC802,1.0,13402.27,Active
20260201,2026-02-01,E10453,D08,CC801,1.0,8291.12,Active
20260201,2026-02-01,E10454,D08,CC802,1.0,11524.61,Active
20260201,2026-02-01,E10455,D08,CC802,1.0,12461.72,Active
20260201,2026-02-01,E10456,D08,CC802,1.0,10051.56,Active
20260201,2026-02-01,E10457,D08,CC802,1.0,9327.06,Active
20260201,2026-02-01,E10458,D08,CC801,1.0,15875.89,Active
20260201,2026-02-01,E10459,D08,CC802,1.0,6397.53,Active
20260201,2026-02-01,E10460,D08,CC801,1.0,14675.43,Active
20260201,2026-02-01,E10461,D08,CC801,1.0,15587.74,Active
20260201,2026-02-01,E10462,D08,CC802,1.0,11388.34,Active
20260201,2026-02-01,E10463,D08,CC801,1.0,9975.62,Active
20260201,2026-02-01,E10464,D08,CC801,1.0,12977.61,Active
20260201,2026-02-01,E10465,D08,CC801,1.0,15352.5,Active
20260201,2026-02-01,E10466,D08,CC801,1.0,13511.23,Active
20260201,2026-02-01,E10467,D08,CC802,1.0,5899.87,Active
20260201,2026-02-01,E10468,D08,CC801,1.0,15105.48,Active
20260201,2026-02-01,E10469,D08,CC802,1.0,6931.85,Active
20260201,2026-02-01,E10470,D08,CC802,1.0,9595.34,Active
20260201,2026-02-01,E10477,D02,CC202,1.0,9887.53,Active
20260201,2026-02-01,E10483,D04,CC401,1.0,16299.51,Active
20260201,2026-02-01,E10490,D05,CC501,1.0,10055.62,Active
20260201,2026-02-01,E10491,D05,CC501,1.0,8128.97,Active
20260201,2026-02-01,E10499,D07,CC701,1.0,7346.35,Active
20260201,2026-02-01,E10500,D08,CC801,1.0,14587.13,Active
20260201,2026-02-01,E10501,D08,CC802,1.0,13722.49,Active
20260301,2026-03-01,E10001,D01,CC102,1.0,14530.31,Active
20260301,2026-03-01,E10002,D01,CC101,1.0,8397.42,Active
20260301,2026-03-01,E10003,D01,CC102,1.0,12499.14,Active
20260301,2026-03-01,E10004,D01,CC101,1.0,16270.39,Active
20260301,2026-03-01,E10005,D01,CC102,1.0,14054.34,Active
20260301,2026-03-01,E10006,D01,CC102,1.0,13454.3,Active
20260301,2026-03-01,E10007,D01,CC102,1.0,7451.62,Active
20260301,2026-03-01,E10009,D01,CC101,1.0,15830.54,Active
20260301,2026-03-01,E10010,D01,CC102,1.0,13986.49,Active
20260301,2026-03-01,E10011,D01,CC102,1.0,12586.66,Active
20260301,2026-03-01,E10012,D01,CC102,1.0,10257.17,Active
20260301,2026-03-01,E10013,D01,CC101,0.8,9616.57,Active
20260301,2026-03-01,E10014,D01,CC102,1.0,12033.46,Active
20260301,2026-03-01,E10015,D01,CC102,1.0,9151.12,Active
20260301,2026-03-01,E10016,D01,CC102,1.0,13062.86,Active
20260301,2026-03-01,E10017,D01,CC102,1.0,11199.14,Active
20260301,2026-03-01,E10018,D01,CC102,0.8,12172.79,Active
20260301,2026-03-01,E10019,D01,CC102,1.0,6883.0,Active
20260301,2026-03-01,E10020,D01,CC101,1.0,8683.28,Active
20260301,2026-03-01,E10021,D01,CC102,1.0,10996.75,Active
20260301,2026-03-01,E10022,D01,CC102,1.0,13136.74,Active
20260301,2026-03-01,E10023,D01,CC101,1.0,6397.42,Active
20260301,2026-03-01,E10024,D01,CC101,1.0,10451.02,Active
20260301,2026-03-01,E10025,D01,CC102,0.8,12057.29,Active
20260301,2026-03-01,E10026,D01,CC102,1.0,10426.67,Active
20260301,2026-03-01,E10027,D01,CC101,1.0,9098.73,Active
20260301,2026-03-01,E10028,D01,CC102,1.0,13551.88,Active
20260301,2026-03-01,E10029,D01,CC102,1.0,5618.12,Active
20260301,2026-03-01,E10030,D01,CC102,1.0,10332.41,Active
20260301,2026-03-01,E10031,D01,CC102,1.0,8691.74,Active
20260301,2026-03-01,E10032,D01,CC101,1.0,6363.98,Active
20260301,2026-03-01,E10033,D01,CC101,0.8,11455.81,Active
20260301,2026-03-01,E10034,D01,CC101,1.0,12374.09,Active
20260301,2026-03-01,E10035,D01,CC101,1.0,14620.38,Active
20260301,2026-03-01,E10036,D01,CC102,1.0,10564.27,Active
20260301,2026-03-01,E10037,D01,CC102,1.0,15296.3,Active
20260301,2026-03-01,E10038,D01,CC101,1.0,14890.53,Active
20260301,2026-03-01,E10039,D02,CC202,1.0,14439.74,Active
20260301,2026-03-01,E10040,D02,CC202,1.0,6557.95,Active
20260301,2026-03-01,E10041,D02,CC202,1.0,13437.74,Active
20260301,2026-03-01,E10042,D02,CC202,1.0,10645.37,Active
20260301,2026-03-01,E10043,D02,CC202,1.0,11170.06,Active
20260301,2026-03-01,E10044,D02,CC202,1.0,6159.4,Active
20260301,2026-03-01,E10045,D02,CC202,1.0,15499.93,Active
20260301,2026-03-01,E10046,D02,CC202,1.0,5704.92,Active
20260301,2026-03-01,E10047,D02,CC201,0.8,8233.45,Active
20260301,2026-03-01,E10048,D02,CC202,1.0,9212.62,Active
20260301,2026-03-01,E10049,D02,CC202,1.0,13272.59,Active
20260301,2026-03-01,E10050,D02,CC202,1.0,12702.05,Active
20260301,2026-03-01,E10051,D02,CC201,1.0,14720.85,Active
20260301,2026-03-01,E10052,D02,CC202,1.0,6415.81,Active
20260301,2026-03-01,E10053,D02,CC202,1.0,7178.89,Active
20260301,2026-03-01,E10054,D02,CC202,1.0,15538.65,Active
20260301,2026-03-01,E10055,D02,CC201,1.0,11544.12,Active
20260301,2026-03-01,E10056,D02,CC201,1.0,9263.33,Active
20260301,2026-03-01,E10057,D02,CC201,1.0,15185.65,Active
20260301,2026-03-01,E10058,D02,CC201,1.0,6710.91,Active
20260301,2026-03-01,E10059,D02,CC202,1.0,10639.57,Active
20260301,2026-03-01,E10060,D02,CC202,0.8,10947.26,Active
20260301,2026-03-01,E10061,D02,CC201,1.0,15011.05,Active
20260301,2026-03-01,E10062,D02,CC202,1.0,10192.3,Active
20260301,2026-03-01,E10063,D02,CC201,1.0,14050.81,Active
20260301,2026-03-01,E10064,D02,CC201,1.0,7260.23,Active
20260301,2026-03-01,E10065,D02,CC202,1.0,7155.43,Active
20260301,2026-03-01,E10066,D02,CC201,1.0,10741.86,Active
20260301,2026-03-01,E10067,D02,CC201,1.0,9089.9,Active
20260301,2026-03-01,E10068,D02,CC202,1.0,10170.0,Active
20260301,2026-03-01,E10069,D02,CC202,1.0,14192.51,Active
20260301,2026-03-01,E10070,D02,CC202,1.0,6391.04,Active
20260301,2026-03-01,E10071,D02,CC201,1.0,12759.05,Active
20260301,2026-03-01,E10072,D02,CC202,1.0,7862.63,Active
20260301,2026-03-01,E10073,D02,CC202,1.0,15137.88,Active
20260301,2026-03-01,E10074,D02,CC201,1.0,13841.76,Active
20260301,2026-03-01,E10075,D02,CC201,0.8,7899.22,Active
20260301,2026-03-01,E10077,D02,CC202,0.8,7980.91,Active
20260301,2026-03-01,E10078,D02,CC202,1.0,5567.54,Active
20260301,2026-03-01,E10079,D02,CC202,1.0,6983.13,Active
20260301,2026-03-01,E10080,D02,CC202,1.0,15202.25,Active
20260301,2026-03-01,E10081,D02,CC202,1.0,13945.01,Active
20260301,2026-03-01,E10082,D02,CC202,1.0,6364.03,Active
20260301,2026-03-01,E10083,D02,CC201,1.0,13500.01,Active
20260301,2026-03-01,E10084,D02,CC201,1.0,8468.81,Active
20260301,2026-03-01,E10085,D02,CC201,1.0,11036.7,Active
20260301,2026-03-01,E10086,D02,CC202,1.0,8101.52,Active
20260301,2026-03-01,E10087,D02,CC201,1.0,6683.58,Active
20260301,2026-03-01,E10088,D02,CC201,1.0,10915.71,Active
20260301,2026-03-01,E10089,D02,CC202,1.0,15534.61,Active
20260301,2026-03-01,E10090,D02,CC202,1.0,5483.99,Active
20260301,2026-03-01,E10091,D02,CC201,1.0,16313.54,Active
20260301,2026-03-01,E10092,D02,CC201,1.0,12701.68,Active
20260301,2026-03-01,E10093,D02,CC202,1.0,8157.81,Active
20260301,2026-03-01,E10094,D02,CC202,1.0,14379.12,Active
20260301,2026-03-01,E10095,D02,CC201,1.0,14388.83,Active
20260301,2026-03-01,E10097,D02,CC202,1.0,11132.26,Active
20260301,2026-03-01,E10098,D02,CC202,1.0,12293.59,Active
20260301,2026-03-01,E10099,D02,CC201,1.0,9921.51,Active
20260301,2026-03-01,E10100,D02,CC202,1.0,10793.35,Active
20260301,2026-03-01,E10101,D02,CC201,1.0,10967.69,Active
20260301,2026-03-01,E10102,D02,CC201,1.0,5763.01,Active
20260301,2026-03-01,E10103,D02,CC202,1.0,15789.24,Active
20260301,2026-03-01,E10104,D02,CC201,1.0,11743.31,Active
20260301,2026-03-01,E10105,D02,CC202,1.0,9525.37,Active
20260301,2026-03-01,E10106,D02,CC201,1.0,5786.29,Active
20260301,2026-03-01,E10107,D02,CC202,1.0,9976.36,Active
20260301,2026-03-01,E10108,D02,CC202,1.0,14240.49,Active
20260301,2026-03-01,E10109,D02,CC201,1.0,9300.25,Active
20260301,2026-03-01,E10110,D02,CC202,1.0,8813.98,Active
20260301,2026-03-01,E10111,D02,CC201,1.0,10632.95,Active
20260301,2026-03-01,E10112,D02,CC202,1.0,10371.1,Active
20260301,2026-03-01,E10113,D02,CC201,0.8,10628.83,Active
20260301,2026-03-01,E10114,D02,CC201,1.0,9910.99,Active
20260301,2026-03-01,E10115,D02,CC202,1.0,6007.37,Active
20260301,2026-03-01,E10116,D02,CC201,1.0,14875.4,Active
20260301,2026-03-01,E10117,D02,CC202,1.0,13879.5,Active
20260301,2026-03-01,E10118,D02,CC201,1.0,12512.92,Active
20260301,2026-03-01,E10119,D02,CC201,1.0,11263.15,Active
20260301,2026-03-01,E10120,D02,CC201,1.0,13443.68,Active
20260301,2026-03-01,E10121,D02,CC201,1.0,11227.98,Active
20260301,2026-03-01,E10122,D02,CC202,1.0,8143.81,Active
20260301,2026-03-01,E10123,D02,CC202,1.0,12018.02,Active
20260301,2026-03-01,E10124,D02,CC201,0.8,7283.99,Active
20260301,2026-03-01,E10125,D02,CC202,1.0,8895.79,Active
20260301,2026-03-01,E10127,D02,CC201,1.0,13805.1,Active
20260301,2026-03-01,E10128,D02,CC201,1.0,12766.01,Active
20260301,2026-03-01,E10129,D02,CC201,1.0,7435.17,Active
20260301,2026-03-01,E10130,D02,CC202,1.0,8854.46,Active
20260301,2026-03-01,E10131,D03,CC301,1.0,15500.15,Active
20260301,2026-03-01,E10132,D03,CC301,1.0,13576.07,Active
20260301,2026-03-01,E10133,D03,CC301,1.0,11008.95,Active
20260301,2026-03-01,E10134,D03,CC301,1.0,11467.39,Active
20260301,2026-03-01,E10135,D03,CC301,1.0,15441.14,Active
20260301,2026-03-01,E10136,D03,CC301,1.0,11855.46,Active
20260301,2026-03-01,E10137,D03,CC301,1.0,12415.57,Active
20260301,2026-03-01,E10138,D03,CC301,1.0,10331.39,Active
20260301,2026-03-01,E10139,D03,CC301,1.0,16231.66,Active
20260301,2026-03-01,E10140,D03,CC301,1.0,15866.15,Active
20260301,2026-03-01,E10141,D03,CC301,1.0,15756.26,Active
20260301,2026-03-01,E10142,D03,CC301,1.0,15468.88,Active
20260301,2026-03-01,E10143,D03,CC301,1.0,12933.05,Active
20260301,2026-03-01,E10144,D03,CC301,1.0,10963.88,Active
20260301,2026-03-01,E10145,D03,CC301,1.0,11647.37,Active
20260301,2026-03-01,E10146,D03,CC301,1.0,6850.34,Active
20260301,2026-03-01,E10147,D03,CC301,1.0,14916.86,Active
20260301,2026-03-01,E10148,D03,CC301,1.0,14066.22,Active
20260301,2026-03-01,E10149,D03,CC301,1.0,13084.95,Active
20260301,2026-03-01,E10150,D03,CC301,1.0,8888.97,Active
20260301,2026-03-01,E10151,D03,CC301,1.0,8989.01,Active
20260301,2026-03-01,E10152,D03,CC301,1.0,5483.88,Active
20260301,2026-03-01,E10153,D03,CC301,1.0,15241.91,Active
20260301,2026-03-01,E10154,D03,CC301,1.0,14022.43,Active
20260301,2026-03-01,E10155,D03,CC301,1.0,12821.48,Active
20260301,2026-03-01,E10156,D03,CC301,1.0,9323.47,Active
20260301,2026-03-01,E10157,D03,CC301,1.0,9449.06,Active
20260301,2026-03-01,E10159,D03,CC301,1.0,12104.29,Active
20260301,2026-03-01,E10160,D03,CC301,1.0,15905.63,Active
20260301,2026-03-01,E10161,D03,CC301,1.0,13075.44,Active
20260301,2026-03-01,E10162,D03,CC301,1.0,14426.78,Active
20260301,2026-03-01,E10163,D03,CC301,1.0,11689.54,Active
20260301,2026-03-01,E10164,D03,CC301,1.0,12478.42,Active
20260301,2026-03-01,E10165,D03,CC301,1.0,13659.89,Active
20260301,2026-03-01,E10166,D03,CC301,1.0,14774.02,Active
20260301,2026-03-01,E10167,D03,CC301,1.0,5717.9,Active
20260301,2026-03-01,E10168,D03,CC301,1.0,5508.91,Active
20260301,2026-03-01,E10169,D03,CC301,1.0,8891.1,Active
20260301,2026-03-01,E10170,D03,CC301,1.0,10974.55,Active
20260301,2026-03-01,E10171,D03,CC301,1.0,5928.56,Active
20260301,2026-03-01,E10172,D03,CC301,1.0,9915.83,Active
20260301,2026-03-01,E10173,D03,CC301,1.0,9169.47,Active
20260301,2026-03-01,E10174,D03,CC301,1.0,10112.21,Active
20260301,2026-03-01,E10175,D03,CC301,0.8,7177.25,Active
20260301,2026-03-01,E10176,D03,CC301,1.0,14294.21,Active
20260301,2026-03-01,E10177,D03,CC301,1.0,10510.49,Active
20260301,2026-03-01,E10178,D03,CC301,1.0,11104.55,Active
20260301,2026-03-01,E10179,D03,CC301,1.0,12134.06,Active
20260301,2026-03-01,E10180,D03,CC301,1.0,6417.19,Active
20260301,2026-03-01,E10181,D03,CC301,1.0,15162.86,Active
20260301,2026-03-01,E10182,D03,CC301,1.0,10177.7,Active
20260301,2026-03-01,E10183,D03,CC301,1.0,6232.5,Active
20260301,2026-03-01,E10184,D03,CC301,1.0,9752.0,Active
20260301,2026-03-01,E10185,D03,CC301,1.0,13874.36,Active
20260301,2026-03-01,E10186,D03,CC301,1.0,14197.91,Active
20260301,2026-03-01,E10187,D03,CC301,1.0,12865.0,Active
20260301,2026-03-01,E10188,D03,CC301,1.0,11750.9,Active
20260301,2026-03-01,E10190,D03,CC301,1.0,10956.81,Active
20260301,2026-03-01,E10191,D03,CC301,1.0,12221.32,Active
20260301,2026-03-01,E10192,D03,CC301,1.0,5928.05,Active
20260301,2026-03-01,E10193,D03,CC301,1.0,11104.76,Active
20260301,2026-03-01,E10194,D03,CC301,0.8,9114.39,Active
20260301,2026-03-01,E10195,D03,CC301,1.0,11979.83,Active
20260301,2026-03-01,E10196,D03,CC301,1.0,11114.21,Active
20260301,2026-03-01,E10197,D03,CC301,1.0,14433.64,Active
20260301,2026-03-01,E10198,D03,CC301,0.8,12759.86,Active
20260301,2026-03-01,E10199,D03,CC301,1.0,12570.3,Active
20260301,2026-03-01,E10200,D03,CC301,1.0,14578.51,Active
20260301,2026-03-01,E10201,D04,CC401,1.0,9028.75,Active
20260301,2026-03-01,E10202,D04,CC401,1.0,15404.29,Active
20260301,2026-03-01,E10203,D04,CC401,1.0,12251.77,Active
20260301,2026-03-01,E10204,D04,CC401,1.0,8112.23,Active
20260301,2026-03-01,E10205,D04,CC401,1.0,7385.03,Active
20260301,2026-03-01,E10206,D04,CC401,1.0,5779.83,Active
20260301,2026-03-01,E10207,D04,CC401,1.0,7607.78,Active
20260301,2026-03-01,E10208,D04,CC401,1.0,7658.76,Active
20260301,2026-03-01,E10209,D04,CC401,1.0,8213.3,Active
20260301,2026-03-01,E10210,D04,CC401,1.0,8065.38,Active
20260301,2026-03-01,E10211,D04,CC401,1.0,8340.51,Active
20260301,2026-03-01,E10212,D04,CC401,1.0,6997.21,Active
20260301,2026-03-01,E10213,D04,CC401,0.8,7051.54,Active
20260301,2026-03-01,E10214,D04,CC401,1.0,12712.7,Active
20260301,2026-03-01,E10216,D04,CC401,1.0,9580.42,Active
20260301,2026-03-01,E10217,D04,CC401,1.0,13788.48,Active
20260301,2026-03-01,E10218,D04,CC401,1.0,7125.74,Active
20260301,2026-03-01,E10219,D04,CC401,1.0,8521.42,Active
20260301,2026-03-01,E10220,D04,CC401,1.0,14968.24,Active
20260301,2026-03-01,E10221,D04,CC401,1.0,14094.98,Active
20260301,2026-03-01,E10222,D04,CC401,1.0,13683.83,Active
20260301,2026-03-01,E10223,D04,CC401,1.0,7329.31,Active
20260301,2026-03-01,E10224,D04,CC401,1.0,13210.74,Active
20260301,2026-03-01,E10225,D04,CC401,1.0,9878.62,Active
20260301,2026-03-01,E10226,D04,CC401,1.0,7682.65,Active
20260301,2026-03-01,E10227,D04,CC401,1.0,10024.34,Active
20260301,2026-03-01,E10228,D04,CC401,1.0,14443.86,Active
20260301,2026-03-01,E10229,D04,CC401,1.0,8668.04,Active
20260301,2026-03-01,E10230,D04,CC401,1.0,10509.53,Active
20260301,2026-03-01,E10231,D04,CC401,1.0,10114.29,Active
20260301,2026-03-01,E10232,D04,CC401,1.0,9553.46,Active
20260301,2026-03-01,E10233,D04,CC401,1.0,12441.29,Active
20260301,2026-03-01,E10234,D04,CC401,1.0,10983.95,Active
20260301,2026-03-01,E10235,D04,CC401,1.0,6540.89,Active
20260301,2026-03-01,E10236,D04,CC401,1.0,9118.46,Active
20260301,2026-03-01,E10237,D04,CC401,1.0,14190.74,Active
20260301,2026-03-01,E10238,D04,CC401,1.0,16118.73,Active
20260301,2026-03-01,E10239,D04,CC401,0.8,6810.73,Active
20260301,2026-03-01,E10240,D04,CC401,1.0,14216.99,Active
20260301,2026-03-01,E10241,D04,CC401,1.0,16314.95,Active
20260301,2026-03-01,E10242,D04,CC401,1.0,13364.53,Active
20260301,2026-03-01,E10243,D04,CC401,1.0,11702.17,Active
20260301,2026-03-01,E10244,D04,CC401,1.0,6449.57,Active
20260301,2026-03-01,E10245,D04,CC401,1.0,13100.61,Active
20260301,2026-03-01,E10246,D04,CC401,1.0,11496.09,Active
20260301,2026-03-01,E10247,D04,CC401,1.0,6888.86,Active
20260301,2026-03-01,E10248,D04,CC401,1.0,14511.41,Active
20260301,2026-03-01,E10249,D05,CC502,1.0,12899.12,Active
20260301,2026-03-01,E10250,D05,CC501,1.0,11749.31,Active
20260301,2026-03-01,E10251,D05,CC502,1.0,15793.73,Active
20260301,2026-03-01,E10252,D05,CC502,1.0,12076.7,Active
20260301,2026-03-01,E10253,D05,CC502,1.0,9607.64,Active
20260301,2026-03-01,E10254,D05,CC502,1.0,9089.51,Active
20260301,2026-03-01,E10256,D05,CC501,1.0,12044.93,Active
20260301,2026-03-01,E10257,D05,CC502,1.0,15333.83,Active
20260301,2026-03-01,E10258,D05,CC501,1.0,8525.92,Active
20260301,2026-03-01,E10259,D05,CC502,1.0,5540.38,Active
20260301,2026-03-01,E10260,D05,CC501,1.0,16057.79,Active
20260301,2026-03-01,E10261,D05,CC502,1.0,13547.05,Active
20260301,2026-03-01,E10262,D05,CC502,1.0,7742.66,Active
20260301,2026-03-01,E10263,D05,CC502,1.0,11786.62,Active
20260301,2026-03-01,E10264,D05,CC502,1.0,13275.32,Active
20260301,2026-03-01,E10265,D05,CC502,0.8,12953.11,Active
20260301,2026-03-01,E10266,D05,CC501,1.0,12115.73,Active
20260301,2026-03-01,E10267,D05,CC502,1.0,11602.93,Active
20260301,2026-03-01,E10268,D05,CC501,1.0,5826.05,Active
20260301,2026-03-01,E10269,D05,CC502,1.0,15403.58,Active
20260301,2026-03-01,E10270,D05,CC501,1.0,14388.41,Active
20260301,2026-03-01,E10271,D05,CC502,1.0,15123.52,Active
20260301,2026-03-01,E10272,D05,CC501,0.8,10003.13,Active
20260301,2026-03-01,E10273,D05,CC501,1.0,5945.74,Active
20260301,2026-03-01,E10274,D05,CC501,1.0,11277.32,Active
20260301,2026-03-01,E10275,D05,CC501,1.0,9930.18,Active
20260301,2026-03-01,E10277,D05,CC501,1.0,8142.78,Active
20260301,2026-03-01,E10278,D05,CC502,1.0,9581.59,Active
20260301,2026-03-01,E10279,D05,CC501,1.0,5621.15,Active
20260301,2026-03-01,E10280,D05,CC502,1.0,13593.44,Active
20260301,2026-03-01,E10281,D05,CC502,1.0,12678.19,Active
20260301,2026-03-01,E10282,D05,CC501,1.0,8447.81,Active
20260301,2026-03-01,E10283,D05,CC501,1.0,11948.82,Active
20260301,2026-03-01,E10284,D05,CC501,1.0,13471.78,Active
20260301,2026-03-01,E10285,D05,CC502,1.0,5543.29,Active
20260301,2026-03-01,E10286,D05,CC501,1.0,7333.27,Active
20260301,2026-03-01,E10287,D05,CC501,1.0,13095.55,Active
20260301,2026-03-01,E10288,D05,CC501,1.0,10176.28,Active
20260301,2026-03-01,E10289,D05,CC501,1.0,13655.6,Active
20260301,2026-03-01,E10290,D05,CC501,1.0,7633.93,Active
20260301,2026-03-01,E10292,D05,CC501,1.0,14897.18,Active
20260301,2026-03-01,E10293,D05,CC502,1.0,6567.81,Active
20260301,2026-03-01,E10294,D05,CC501,1.0,7578.31,Active
20260301,2026-03-01,E10295,D05,CC501,1.0,10030.71,Active
20260301,2026-03-01,E10296,D05,CC502,1.0,7310.97,Active
20260301,2026-03-01,E10297,D05,CC501,1.0,10463.58,Active
20260301,2026-03-01,E10298,D05,CC501,1.0,9438.4,Active
20260301,2026-03-01,E10299,D05,CC502,1.0,13821.6,Active
20260301,2026-03-01,E10300,D05,CC501,1.0,13991.85,Active
20260301,2026-03-01,E10301,D05,CC502,1.0,12000.78,Active
20260301,2026-03-01,E10302,D05,CC502,1.0,12443.31,Active
20260301,2026-03-01,E10304,D05,CC501,0.8,10759.64,Active
20260301,2026-03-01,E10305,D05,CC502,1.0,15085.67,Active
20260301,2026-03-01,E10306,D05,CC501,1.0,13689.55,Active
20260301,2026-03-01,E10307,D05,CC501,1.0,10766.27,Active
20260301,2026-03-01,E10308,D05,CC501,1.0,12306.15,Active
20260301,2026-03-01,E10309,D05,CC502,1.0,10312.3,Active
20260301,2026-03-01,E10310,D05,CC501,0.8,9891.26,Active
20260301,2026-03-01,E10311,D05,CC502,1.0,10016.9,Active
20260301,2026-03-01,E10312,D05,CC502,1.0,13294.2,Active
20260301,2026-03-01,E10313,D05,CC501,1.0,5994.48,Active
20260301,2026-03-01,E10314,D05,CC502,1.0,9508.0,Active
20260301,2026-03-01,E10315,D05,CC502,1.0,5556.53,Active
20260301,2026-03-01,E10316,D05,CC501,1.0,5998.97,Active
20260301,2026-03-01,E10317,D05,CC501,1.0,7394.58,Active
20260301,2026-03-01,E10318,D05,CC502,1.0,10077.5,Active
20260301,2026-03-01,E10319,D05,CC502,1.0,7602.95,Active
20260301,2026-03-01,E10320,D05,CC502,1.0,8823.92,Active
20260301,2026-03-01,E10321,D05,CC501,1.0,13772.89,Active
20260301,2026-03-01,E10322,D05,CC502,1.0,7217.61,Active
20260301,2026-03-01,E10323,D05,CC501,1.0,13423.34,Active
20260301,2026-03-01,E10324,D05,CC501,0.8,8035.08,Active
20260301,2026-03-01,E10325,D06,CC601,1.0,7060.39,Active
20260301,2026-03-01,E10326,D06,CC601,1.0,8680.23,Active
20260301,2026-03-01,E10327,D06,CC601,1.0,10591.61,Active
20260301,2026-03-01,E10328,D06,CC601,1.0,7639.64,Active
20260301,2026-03-01,E10329,D06,CC601,1.0,13395.88,Active
20260301,2026-03-01,E10330,D06,CC601,1.0,10023.19,Active
20260301,2026-03-01,E10331,D06,CC601,1.0,8837.48,Active
20260301,2026-03-01,E10332,D06,CC601,1.0,16238.22,Active
20260301,2026-03-01,E10333,D06,CC601,1.0,7269.38,Active
20260301,2026-03-01,E10334,D06,CC601,1.0,13663.06,Active
20260301,2026-03-01,E10335,D06,CC601,1.0,12311.36,Active
20260301,2026-03-01,E10336,D06,CC601,1.0,15417.2,Active
20260301,2026-03-01,E10337,D06,CC601,1.0,15459.78,Active
20260301,2026-03-01,E10338,D06,CC601,1.0,12423.39,Active
20260301,2026-03-01,E10339,D06,CC601,1.0,12716.74,Active
20260301,2026-03-01,E10340,D06,CC601,1.0,15692.24,Active
20260301,2026-03-01,E10342,D06,CC601,1.0,15926.39,Active
20260301,2026-03-01,E10343,D06,CC601,1.0,14943.53,Active
20260301,2026-03-01,E10344,D06,CC601,1.0,8660.91,Active
20260301,2026-03-01,E10345,D06,CC601,1.0,9998.31,Active
20260301,2026-03-01,E10346,D06,CC601,1.0,13878.86,Active
20260301,2026-03-01,E10347,D06,CC601,1.0,7782.55,Active
20260301,2026-03-01,E10349,D06,CC601,1.0,11218.25,Active
20260301,2026-03-01,E10350,D06,CC601,1.0,9573.75,Active
20260301,2026-03-01,E10351,D06,CC601,1.0,10919.61,Active
20260301,2026-03-01,E10352,D06,CC601,1.0,7724.48,Active
20260301,2026-03-01,E10353,D06,CC601,1.0,14096.59,Active
20260301,2026-03-01,E10354,D06,CC601,1.0,14945.56,Active
20260301,2026-03-01,E10355,D06,CC601,1.0,6329.41,Active
20260301,2026-03-01,E10356,D06,CC601,0.8,4960.95,Active
20260301,2026-03-01,E10357,D06,CC601,1.0,10604.79,Active
20260301,2026-03-01,E10359,D07,CC701,1.0,13930.08,Active
20260301,2026-03-01,E10360,D07,CC701,0.8,12566.17,Active
20260301,2026-03-01,E10361,D07,CC701,1.0,9150.14,Active
20260301,2026-03-01,E10362,D07,CC701,1.0,14994.48,Active
20260301,2026-03-01,E10363,D07,CC701,1.0,12747.2,Active
20260301,2026-03-01,E10364,D07,CC701,0.8,11953.29,Active
20260301,2026-03-01,E10365,D07,CC701,1.0,12928.79,Active
20260301,2026-03-01,E10366,D07,CC701,1.0,14867.05,Active
20260301,2026-03-01,E10367,D07,CC701,1.0,12198.44,Active
20260301,2026-03-01,E10368,D07,CC701,1.0,7500.48,Active
20260301,2026-03-01,E10369,D07,CC701,1.0,14881.73,Active
20260301,2026-03-01,E10370,D07,CC701,1.0,10629.83,Active
20260301,2026-03-01,E10371,D07,CC701,1.0,15617.04,Active
20260301,2026-03-01,E10372,D07,CC701,1.0,8629.68,Active
20260301,2026-03-01,E10373,D07,CC701,1.0,14916.22,Active
20260301,2026-03-01,E10374,D07,CC701,1.0,6434.69,Active
20260301,2026-03-01,E10375,D07,CC701,1.0,15901.86,Active
20260301,2026-03-01,E10376,D07,CC701,1.0,7757.54,Active
20260301,2026-03-01,E10377,D07,CC701,1.0,13301.86,Active
20260301,2026-03-01,E10378,D07,CC701,1.0,13855.67,Active
20260301,2026-03-01,E10379,D07,CC701,1.0,15871.09,Active
20260301,2026-03-01,E10380,D07,CC701,1.0,12389.28,Active
20260301,2026-03-01,E10381,D07,CC701,1.0,9103.99,Active
20260301,2026-03-01,E10382,D07,CC701,1.0,11988.63,Active
20260301,2026-03-01,E10383,D07,CC701,1.0,13620.29,Active
20260301,2026-03-01,E10384,D07,CC701,1.0,10236.68,Active
20260301,2026-03-01,E10385,D07,CC701,1.0,8551.32,Active
20260301,2026-03-01,E10386,D07,CC701,1.0,11804.81,Active
20260301,2026-03-01,E10387,D07,CC701,1.0,6901.63,Active
20260301,2026-03-01,E10388,D07,CC701,1.0,5529.99,Active
20260301,2026-03-01,E10389,D07,CC701,1.0,14669.5,Active
20260301,2026-03-01,E10390,D07,CC701,1.0,14000.96,Active
20260301,2026-03-01,E10391,D07,CC701,1.0,11875.02,Active
20260301,2026-03-01,E10392,D07,CC701,1.0,8883.94,Active
20260301,2026-03-01,E10393,D07,CC701,1.0,10487.14,Active
20260301,2026-03-01,E10394,D07,CC701,1.0,14551.6,Active
20260301,2026-03-01,E10395,D07,CC701,1.0,10942.96,Active
20260301,2026-03-01,E10396,D07,CC701,1.0,13094.98,Active
20260301,2026-03-01,E10397,D07,CC701,1.0,13144.38,Active
20260301,2026-03-01,E10398,D07,CC701,1.0,8975.92,Active
20260301,2026-03-01,E10399,D07,CC701,1.0,6026.37,Active
20260301,2026-03-01,E10400,D07,CC701,1.0,8720.98,Active
20260301,2026-03-01,E10401,D07,CC701,1.0,9132.62,Active
20260301,2026-03-01,E10402,D07,CC701,1.0,9705.24,Active
20260301,2026-03-01,E10403,D08,CC802,0.8,6104.25,Active
20260301,2026-03-01,E10404,D08,CC801,1.0,13487.12,Active
20260301,2026-03-01,E10405,D08,CC801,1.0,7196.58,Active
20260301,2026-03-01,E10406,D08,CC801,1.0,8628.91,Active
20260301,2026-03-01,E10407,D08,CC801,1.0,13538.74,Active
20260301,2026-03-01,E10408,D08,CC801,1.0,11676.8,Active
20260301,2026-03-01,E10409,D08,CC801,1.0,10000.72,Active
20260301,2026-03-01,E10410,D08,CC801,1.0,7390.74,Active
20260301,2026-03-01,E10411,D08,CC802,1.0,12526.59,Active
20260301,2026-03-01,E10412,D08,CC801,1.0,9789.66,Active
20260301,2026-03-01,E10413,D08,CC801,1.0,10675.34,Active
20260301,2026-03-01,E10414,D08,CC801,1.0,16338.22,Active
20260301,2026-03-01,E10415,D08,CC802,1.0,12405.83,Active
20260301,2026-03-01,E10416,D08,CC801,1.0,6740.05,Active
20260301,2026-03-01,E10417,D08,CC801,1.0,12667.41,Active
20260301,2026-03-01,E10418,D08,CC802,1.0,16031.93,Active
20260301,2026-03-01,E10419,D08,CC801,1.0,6492.28,Active
20260301,2026-03-01,E10420,D08,CC802,1.0,12387.47,Active
20260301,2026-03-01,E10421,D08,CC801,1.0,6550.72,Active
20260301,2026-03-01,E10422,D08,CC801,1.0,14362.64,Active
20260301,2026-03-01,E10423,D08,CC802,1.0,11222.19,Active
20260301,2026-03-01,E10424,D08,CC801,1.0,11824.1,Active
20260301,2026-03-01,E10425,D08,CC801,1.0,15018.63,Active
20260301,2026-03-01,E10426,D08,CC802,1.0,5495.27,Active
20260301,2026-03-01,E10427,D08,CC801,1.0,6902.71,Active
20260301,2026-03-01,E10429,D08,CC802,0.8,8706.63,Active
20260301,2026-03-01,E10430,D08,CC801,1.0,16112.26,Active
20260301,2026-03-01,E10431,D08,CC802,1.0,15721.64,Active
20260301,2026-03-01,E10432,D08,CC802,1.0,11598.74,Active
20260301,2026-03-01,E10433,D08,CC801,1.0,16278.93,Active
20260301,2026-03-01,E10434,D08,CC801,1.0,5951.24,Active
20260301,2026-03-01,E10435,D08,CC801,1.0,14746.61,Active
20260301,2026-03-01,E10436,D08,CC802,1.0,7824.5,Active
20260301,2026-03-01,E10437,D08,CC801,1.0,12154.21,Active
20260301,2026-03-01,E10438,D08,CC801,1.0,9602.59,Active
20260301,2026-03-01,E10439,D08,CC802,1.0,15544.19,Active
20260301,2026-03-01,E10440,D08,CC802,1.0,6260.76,Active
20260301,2026-03-01,E10441,D08,CC801,1.0,11635.98,Active
20260301,2026-03-01,E10442,D08,CC802,1.0,8874.69,Active
20260301,2026-03-01,E10443,D08,CC802,1.0,8129.91,Active
20260301,2026-03-01,E10444,D08,CC802,1.0,12816.96,Active
20260301,2026-03-01,E10445,D08,CC802,1.0,6432.73,Active
20260301,2026-03-01,E10446,D08,CC802,1.0,13980.61,Active
20260301,2026-03-01,E10448,D08,CC802,1.0,13410.59,Active
20260301,2026-03-01,E10449,D08,CC802,1.0,10704.72,Active
20260301,2026-03-01,E10450,D08,CC801,1.0,11491.73,Active
20260301,2026-03-01,E10451,D08,CC802,1.0,15740.46,Active
20260301,2026-03-01,E10452,D08,CC802,1.0,13578.43,Active
20260301,2026-03-01,E10453,D08,CC801,1.0,8207.37,Active
20260301,2026-03-01,E10454,D08,CC802,1.0,11711.04,Active
20260301,2026-03-01,E10455,D08,CC802,1.0,12283.68,Active
20260301,2026-03-01,E10456,D08,CC802,1.0,9962.68,Active
20260301,2026-03-01,E10457,D08,CC802,1.0,9307.44,Active
20260301,2026-03-01,E10458,D08,CC801,1.0,15869.69,Active
20260301,2026-03-01,E10459,D08,CC802,1.0,6404.72,Active
20260301,2026-03-01,E10460,D08,CC801,1.0,14607.2,Active
20260301,2026-03-01,E10461,D08,CC801,1.0,15522.12,Active
20260301,2026-03-01,E10462,D08,CC802,1.0,11469.99,Active
20260301,2026-03-01,E10463,D08,CC801,1.0,10078.68,Active
20260301,2026-03-01,E10464,D08,CC801,0.8,10292.06,Active
20260301,2026-03-01,E10465,D08,CC801,1.0,15323.75,Active
20260301,2026-03-01,E10466,D08,CC801,1.0,13593.44,Active
20260301,2026-03-01,E10467,D08,CC802,1.0,5957.54,Active
20260301,2026-03-01,E10468,D08,CC801,1.0,14879.89,Active
20260301,2026-03-01,E10469,D08,CC802,1.0,6968.69,Active
20260301,2026-03-01,E10470,D08,CC802,1.0,9492.87,Active
20260301,2026-03-01,E10477,D02,CC202,1.0,10008.87,Active
20260301,2026-03-01,E10483,D04,CC401,1.0,16182.66,Active
20260301,2026-03-01,E10484,D04,CC401,1.0,14739.1,Active
20260301,2026-03-01,E10489,D05,CC502,1.0,9980.11,Active
20260301,2026-03-01,E10490,D05,CC501,1.0,10009.88,Active
20260301,2026-03-01,E10491,D05,CC501,1.0,8065.12,Active
20260301,2026-03-01,E10492,D05,CC502,1.0,10295.22,Active
20260301,2026-03-01,E10493,D06,CC601,1.0,13466.21,Active
20260301,2026-03-01,E10498,D07,CC701,1.0,7144.16,Active
20260301,2026-03-01,E10499,D07,CC701,1.0,7278.31,Active
20260301,2026-03-01,E10500,D08,CC801,1.0,14674.85,Active
20260301,2026-03-01,E10501,D08,CC802,1.0,13777.11,Active
20260401,2026-04-01,E10001,D01,CC102,1.0,14464.08,Active
20260401,2026-04-01,E10002,D01,CC101,1.0,8369.31,Active
20260401,2026-04-01,E10003,D01,CC102,1.0,12435.84,Active
20260401,2026-04-01,E10004,D01,CC101,1.0,16263.99,Active
20260401,2026-04-01,E10005,D01,CC102,1.0,14169.18,Active
20260401,2026-04-01,E10006,D01,CC102,0.8,10719.74,Active
20260401,2026-04-01,E10007,D01,CC102,1.0,7374.51,Active
20260401,2026-04-01,E10009,D01,CC101,1.0,15663.15,Active
20260401,2026-04-01,E10010,D01,CC102,1.0,14242.24,Active
20260401,2026-04-01,E10011,D01,CC102,1.0,12776.31,Active
20260401,2026-04-01,E10012,D01,CC102,1.0,10297.05,Active
20260401,2026-04-01,E10013,D01,CC101,0.8,9559.08,Active
20260401,2026-04-01,E10014,D01,CC102,1.0,12209.01,Active
20260401,2026-04-01,E10015,D01,CC102,1.0,9234.55,Active
20260401,2026-04-01,E10016,D01,CC102,1.0,13144.82,Active
20260401,2026-04-01,E10017,D01,CC102,1.0,11031.65,Active
20260401,2026-04-01,E10018,D01,CC102,1.0,15356.4,Active
20260401,2026-04-01,E10019,D01,CC102,1.0,6898.17,Active
20260401,2026-04-01,E10020,D01,CC101,1.0,8644.59,Active
20260401,2026-04-01,E10022,D01,CC102,1.0,13201.24,Active
20260401,2026-04-01,E10023,D01,CC101,1.0,6303.51,Active
20260401,2026-04-01,E10024,D01,CC101,1.0,10399.22,Active
20260401,2026-04-01,E10025,D01,CC102,1.0,14891.84,Active
20260401,2026-04-01,E10026,D01,CC102,1.0,10408.88,Active
20260401,2026-04-01,E10027,D01,CC101,1.0,9140.47,Active
20260401,2026-04-01,E10028,D01,CC102,0.8,10831.06,Active
20260401,2026-04-01,E10029,D01,CC102,1.0,5641.18,Active
20260401,2026-04-01,E10030,D01,CC102,1.0,10475.22,Active
20260401,2026-04-01,E10031,D01,CC102,1.0,8751.78,Active
20260401,2026-04-01,E10032,D01,CC101,1.0,6385.51,Active
20260401,2026-04-01,E10033,D01,CC101,1.0,14377.29,Active
20260401,2026-04-01,E10034,D01,CC101,1.0,12406.3,Active
20260401,2026-04-01,E10035,D01,CC101,0.8,11870.99,Active
20260401,2026-04-01,E10036,D01,CC102,1.0,10427.44,Active
20260401,2026-04-01,E10038,D01,CC101,1.0,14675.51,Active
20260401,2026-04-01,E10039,D02,CC202,1.0,14525.43,Active
20260401,2026-04-01,E10040,D02,CC202,1.0,6512.01,Active
20260401,2026-04-01,E10041,D02,CC202,1.0,13403.13,Active
20260401,2026-04-01,E10042,D02,CC202,1.0,10812.89,Active
20260401,2026-04-01,E10043,D02,CC202,1.0,11077.12,Active
20260401,2026-04-01,E10044,D02,CC202,1.0,6143.46,Active
20260401,2026-04-01,E10045,D02,CC202,1.0,15658.65,Active
20260401,2026-04-01,E10046,D02,CC202,1.0,5680.86,Active
20260401,2026-04-01,E10047,D02,CC201,1.0,10253.73,Active
20260401,2026-04-01,E10048,D02,CC202,1.0,9136.26,Active
20260401,2026-04-01,E10049,D02,CC202,1.0,13238.43,Active
20260401,2026-04-01,E10050,D02,CC202,1.0,12784.27,Active
20260401,2026-04-01,E10051,D02,CC201,1.0,14497.57,Active
20260401,2026-04-01,E10052,D02,CC202,1.0,6367.27,Active
20260401,2026-04-01,E10053,D02,CC202,1.0,7128.55,Active
20260401,2026-04-01,E10054,D02,CC202,1.0,15600.45,Active
20260401,2026-04-01,E10055,D02,CC201,1.0,11591.78,Active
20260401,2026-04-01,E10056,D02,CC201,1.0,9296.87,Active
20260401,2026-04-01,E10057,D02,CC201,1.0,15002.37,Active
20260401,2026-04-01,E10058,D02,CC201,1.0,6632.64,Active
20260401,2026-04-01,E10059,D02,CC202,1.0,10622.95,Active
20260401,2026-04-01,E10060,D02,CC202,1.0,13676.27,Active
20260401,2026-04-01,E10061,D02,CC201,1.0,14851.55,Active
20260401,2026-04-01,E10062,D02,CC202,1.0,10249.07,Active
20260401,2026-04-01,E10063,D02,CC201,1.0,13873.67,Active
20260401,2026-04-01,E10064,D02,CC201,1.0,7257.65,Active
20260401,2026-04-01,E10065,D02,CC202,1.0,7193.15,Active
20260401,2026-04-01,E10066,D02,CC201,1.0,10765.93,Active
20260401,2026-04-01,E10067,D02,CC201,1.0,9071.74,Active
20260401,2026-04-01,E10068,D02,CC202,1.0,10168.18,Active
20260401,2026-04-01,E10069,D02,CC202,1.0,14231.11,Active
20260401,2026-04-01,E10070,D02,CC202,1.0,6354.92,Active
20260401,2026-04-01,E10071,D02,CC201,1.0,12576.82,Active
20260401,2026-04-01,E10072,D02,CC202,1.0,7925.94,Active
20260401,2026-04-01,E10073,D02,CC202,1.0,15088.29,Active
20260401,2026-04-01,E10074,D02,CC201,1.0,13711.36,Active
20260401,2026-04-01,E10075,D02,CC201,1.0,9860.23,Active
20260401,2026-04-01,E10077,D02,CC202,1.0,9942.74,Active
20260401,2026-04-01,E10078,D02,CC202,1.0,5591.87,Active
20260401,2026-04-01,E10079,D02,CC202,1.0,7038.04,Active
20260401,2026-04-01,E10080,D02,CC202,0.8,12041.18,Active
20260401,2026-04-01,E10081,D02,CC202,1.0,13822.2,Active
20260401,2026-04-01,E10082,D02,CC202,1.0,6316.49,Active
20260401,2026-04-01,E10083,D02,CC201,1.0,13458.26,Active
20260401,2026-04-01,E10084,D02,CC201,1.0,8447.02,Active
20260401,2026-04-01,E10085,D02,CC201,1.0,11083.77,Active
20260401,2026-04-01,E10087,D02,CC201,1.0,6596.22,Active
20260401,2026-04-01,E10088,D02,CC201,1.0,10936.6,Active
20260401,2026-04-01,E10089,D02,CC202,1.0,15586.42,Active
20260401,2026-04-01,E10090,D02,CC202,1.0,5563.45,Active
20260401,2026-04-01,E10091,D02,CC201,1.0,16150.42,Active
20260401,2026-04-01,E10092,D02,CC201,1.0,12675.77,Active
20260401,2026-04-01,E10093,D02,CC202,1.0,8148.66,Active
20260401,2026-04-01,E10094,D02,CC202,1.0,14337.46,Active
20260401,2026-04-01,E10095,D02,CC201,1.0,14359.72,Active
20260401,2026-04-01,E10097,D02,CC202,1.0,11150.69,Active
20260401,2026-04-01,E10098,D02,CC202,1.0,12329.18,Active
20260401,2026-04-01,E10099,D02,CC201,1.0,9901.74,Active
20260401,2026-04-01,E10100,D02,CC202,1.0,10721.75,Active
20260401,2026-04-01,E10101,D02,CC201,1.0,10968.35,Active
20260401,2026-04-01,E10102,D02,CC201,1.0,5800.56,Active
20260401,2026-04-01,E10103,D02,CC202,1.0,15777.77,Active
20260401,2026-04-01,E10104,D02,CC201,1.0,11673.7,Active
20260401,2026-04-01,E10105,D02,CC202,1.0,9566.82,Active
20260401,2026-04-01,E10106,D02,CC201,1.0,5775.21,Active
20260401,2026-04-01,E10107,D02,CC202,1.0,10079.48,Active
20260401,2026-04-01,E10108,D02,CC202,1.0,14207.77,Active
20260401,2026-04-01,E10109,D02,CC201,1.0,9240.63,Active
20260401,2026-04-01,E10110,D02,CC202,1.0,8823.07,Active
20260401,2026-04-01,E10111,D02,CC201,1.0,10543.19,Active
20260401,2026-04-01,E10112,D02,CC202,1.0,10488.66,Active
20260401,2026-04-01,E10113,D02,CC201,1.0,13386.32,Active
20260401,2026-04-01,E10114,D02,CC201,1.0,9872.25,Active
20260401,2026-04-01,E10115,D02,CC202,1.0,6003.73,Active
20260401,2026-04-01,E10116,D02,CC201,1.0,14764.45,Active
20260401,2026-04-01,E10117,D02,CC202,1.0,13925.7,Active
20260401,2026-04-01,E10118,D02,CC201,1.0,12373.63,Active
20260401,2026-04-01,E10119,D02,CC201,1.0,11410.71,Active
20260401,2026-04-01,E10120,D02,CC201,1.0,13638.17,Active
20260401,2026-04-01,E10121,D02,CC201,1.0,11198.17,Active
20260401,2026-04-01,E10122,D02,CC202,1.0,8173.92,Active
20260401,2026-04-01,E10123,D02,CC202,1.0,12116.88,Active
20260401,2026-04-01,E10124,D02,CC201,1.0,9175.0,Active
20260401,2026-04-01,E10125,D02,CC202,1.0,8896.03,Active
20260401,2026-04-01,E10127,D02,CC201,1.0,13835.83,Active
20260401,2026-04-01,E10128,D02,CC201,1.0,12684.3,Active
20260401,2026-04-01,E10129,D02,CC201,1.0,7413.72,Active
20260401,2026-04-01,E10130,D02,CC202,1.0,8962.49,Active
20260401,2026-04-01,E10131,D03,CC301,1.0,15767.43,Active
20260401,2026-04-01,E10132,D03,CC301,1.0,13686.39,Active
20260401,2026-04-01,E10133,D03,CC301,1.0,10871.49,Active
20260401,2026-04-01,E10134,D03,CC301,1.0,11473.88,Active
20260401,2026-04-01,E10135,D03,CC301,1.0,15327.27,Active
20260401,2026-04-01,E10136,D03,CC301,1.0,11684.86,Active
20260401,2026-04-01,E10137,D03,CC301,1.0,12526.68,Active
20260401,2026-04-01,E10138,D03,CC301,1.0,10379.03,Active
20260401,2026-04-01,E10139,D03,CC301,1.0,16216.32,Active
20260401,2026-04-01,E10140,D03,CC301,1.0,15950.52,Active
20260401,2026-04-01,E10141,D03,CC301,1.0,15853.29,Active
20260401,2026-04-01,E10142,D03,CC301,1.0,15436.5,Active
20260401,2026-04-01,E10143,D03,CC301,1.0,12820.17,Active
20260401,2026-04-01,E10144,D03,CC301,1.0,11028.85,Active
20260401,2026-04-01,E10145,D03,CC301,1.0,11482.72,Active
20260401,2026-04-01,E10146,D03,CC301,1.0,6824.22,Active
20260401,2026-04-01,E10147,D03,CC301,1.0,14843.13,Active
20260401,2026-04-01,E10148,D03,CC301,1.0,14062.37,Active
20260401,2026-04-01,E10149,D03,CC301,1.0,13112.18,Active
20260401,2026-04-01,E10150,D03,CC301,1.0,8898.31,Active
20260401,2026-04-01,E10151,D03,CC301,1.0,9026.04,Active
20260401,2026-04-01,E10152,D03,CC301,1.0,5453.71,Active
20260401,2026-04-01,E10153,D03,CC301,1.0,15189.78,Active
20260401,2026-04-01,E10154,D03,CC301,1.0,14070.77,Active
20260401,2026-04-01,E10155,D03,CC301,1.0,12818.41,Active
20260401,2026-04-01,E10156,D03,CC301,1.0,9321.19,Active
20260401,2026-04-01,E10157,D03,CC301,1.0,9442.21,Active
20260401,2026-04-01,E10159,D03,CC301,1.0,12310.28,Active
20260401,2026-04-01,E10160,D03,CC301,1.0,15948.44,Active
20260401,2026-04-01,E10161,D03,CC301,1.0,13149.93,Active
20260401,2026-04-01,E10162,D03,CC301,1.0,14434.83,Active
20260401,2026-04-01,E10163,D03,CC301,1.0,11615.91,Active
20260401,2026-04-01,E10164,D03,CC301,1.0,12660.28,Active
20260401,2026-04-01,E10165,D03,CC301,1.0,13595.07,Active
20260401,2026-04-01,E10166,D03,CC301,1.0,14761.71,Active
20260401,2026-04-01,E10167,D03,CC301,1.0,5729.81,Active
20260401,2026-04-01,E10168,D03,CC301,0.8,4406.35,Active
20260401,2026-04-01,E10169,D03,CC301,1.0,8906.88,Active
20260401,2026-04-01,E10170,D03,CC301,1.0,10957.02,Active
20260401,2026-04-01,E10171,D03,CC301,1.0,5933.94,Active
20260401,2026-04-01,E10172,D03,CC301,1.0,10099.95,Active
20260401,2026-04-01,E10174,D03,CC301,1.0,10073.01,Active
20260401,2026-04-01,E10175,D03,CC301,1.0,8952.24,Active
20260401,2026-04-01,E10176,D03,CC301,1.0,14069.17,Active
20260401,2026-04-01,E10177,D03,CC301,0.8,8470.65,Active
20260401,2026-04-01,E10178,D03,CC301,1.0,11146.24,Active
20260401,2026-04-01,E10179,D03,CC301,1.0,12213.43,Active
20260401,2026-04-01,E10180,D03,CC301,0.8,5090.45,Active
20260401,2026-04-01,E10181,D03,CC301,1.0,15025.71,Active
20260401,2026-04-01,E10182,D03,CC301,1.0,10179.26,Active
20260401,2026-04-01,E10183,D03,CC301,1.0,6152.17,Active
20260401,2026-04-01,E10184,D03,CC301,1.0,9860.48,Active
20260401,2026-04-01,E10185,D03,CC301,1.0,13942.75,Active
20260401,2026-04-01,E10186,D03,CC301,1.0,14176.4,Active
20260401,2026-04-01,E10187,D03,CC301,1.0,12817.09,Active
20260401,2026-04-01,E10188,D03,CC301,1.0,11840.74,Active
20260401,2026-04-01,E10190,D03,CC301,1.0,10899.92,Active
20260401,2026-04-01,E10191,D03,CC301,1.0,12203.4,Active
20260401,2026-04-01,E10192,D03,CC301,1.0,5951.66,Active
20260401,2026-04-01,E10193,D03,CC301,1.0,11114.14,Active
20260401,2026-04-01,E10194,D03,CC301,1.0,11389.75,Active
20260401,2026-04-01,E10195,D03,CC301,1.0,11953.06,Active
20260401,2026-04-01,E10196,D03,CC301,1.0,11047.74,Active
20260401,2026-04-01,E10197,D03,CC301,1.0,14362.62,Active
20260401,2026-04-01,E10198,D03,CC301,1.0,16123.63,Active
20260401,2026-04-01,E10199,D03,CC301,1.0,12679.7,Active
20260401,2026-04-01,E10200,D03,CC301,1.0,14629.49,Active
20260401,2026-04-01,E10201,D04,CC401,1.0,8942.13,Active
20260401,2026-04-01,E10202,D04,CC401,1.0,15274.73,Active
20260401,2026-04-01,E10203,D04,CC401,1.0,12255.12,Active
20260401,2026-04-01,E10204,D04,CC401,1.0,8046.29,Active
20260401,2026-04-01,E10205,D04,CC401,1.0,7450.54,Active
20260401,2026-04-01,E10206,D04,CC401,1.0,5825.74,Active
20260401,2026-04-01,E10207,D04,CC401,1.0,7550.65,Active
20260401,2026-04-01,E10208,D04,CC401,1.0,7594.97,Active
20260401,2026-04-01,E10209,D04,CC401,0.8,6689.77,Active
20260401,2026-04-01,E10210,D04,CC401,1.0,8123.55,Active
20260401,2026-04-01,E10211,D04,CC401,1.0,8250.6,Active
20260401,2026-04-01,E10212,D04,CC401,1.0,6972.73,Active
20260401,2026-04-01,E10213,D04,CC401,1.0,8677.89,Active
20260401,2026-04-01,E10214,D04,CC401,1.0,12733.6,Active
20260401,2026-04-01,E10216,D04,CC401,1.0,9592.91,Active
20260401,2026-04-01,E10217,D04,CC401,1.0,13631.76,Active
20260401,2026-04-01,E10218,D04,CC401,1.0,7111.71,Active
20260401,2026-04-01,E10219,D04,CC401,1.0,8473.64,Active
20260401,2026-04-01,E10220,D04,CC401,1.0,15183.27,Active
20260401,2026-04-01,E10221,D04,CC401,1.0,13884.99,Active
20260401,2026-04-01,E10222,D04,CC401,1.0,13598.13,Active
20260401,2026-04-01,E10223,D04,CC401,1.0,7466.89,Active
20260401,2026-04-01,E10224,D04,CC401,0.8,10484.34,Active
20260401,2026-04-01,E10225,D04,CC401,1.0,9780.99,Active
20260401,2026-04-01,E10226,D04,CC401,1.0,7656.85,Active
20260401,2026-04-01,E10227,D04,CC401,1.0,10083.53,Active
20260401,2026-04-01,E10228,D04,CC401,1.0,14557.28,Active
20260401,2026-04-01,E10229,D04,CC401,1.0,8664.62,Active
20260401,2026-04-01,E10230,D04,CC401,1.0,10553.46,Active
20260401,2026-04-01,E10231,D04,CC401,1.0,10152.82,Active
20260401,2026-04-01,E10232,D04,CC401,1.0,9508.01,Active
20260401,2026-04-01,E10233,D04,CC401,1.0,12379.83,Active
20260401,2026-04-01,E10234,D04,CC401,1.0,10977.48,Active
20260401,2026-04-01,E10235,D04,CC401,1.0,6540.83,Active
20260401,2026-04-01,E10237,D04,CC401,1.0,14138.56,Active
20260401,2026-04-01,E10238,D04,CC401,1.0,16255.16,Active
20260401,2026-04-01,E10239,D04,CC401,1.0,8470.42,Active
20260401,2026-04-01,E10240,D04,CC401,1.0,14335.33,Active
20260401,2026-04-01,E10241,D04,CC401,1.0,16100.8,Active
20260401,2026-04-01,E10242,D04,CC401,1.0,13179.77,Active
20260401,2026-04-01,E10243,D04,CC401,1.0,11886.65,Active
20260401,2026-04-01,E10244,D04,CC401,1.0,6393.56,Active
20260401,2026-04-01,E10245,D04,CC401,1.0,12913.48,Active
20260401,2026-04-01,E10246,D04,CC401,1.0,11488.91,Active
20260401,2026-04-01,E10247,D04,CC401,1.0,6782.49,Active
20260401,2026-04-01,E10248,D04,CC401,1.0,14571.59,Active
20260401,2026-04-01,E10249,D05,CC502,1.0,13001.46,Active
20260401,2026-04-01,E10250,D05,CC501,1.0,11868.74,Active
20260401,2026-04-01,E10251,D05,CC502,1.0,15863.9,Active
20260401,2026-04-01,E10252,D05,CC502,1.0,12045.14,Active
20260401,2026-04-01,E10253,D05,CC502,0.8,7717.58,Active
20260401,2026-04-01,E10254,D05,CC502,1.0,9017.12,Active
20260401,2026-04-01,E10256,D05,CC501,1.0,11881.11,Active
20260401,2026-04-01,E10257,D05,CC502,1.0,15331.02,Active
20260401,2026-04-01,E10258,D05,CC501,1.0,8650.9,Active
20260401,2026-04-01,E10259,D05,CC502,1.0,5548.5,Active
20260401,2026-04-01,E10260,D05,CC501,1.0,16131.67,Active
20260401,2026-04-01,E10261,D05,CC502,1.0,13483.46,Active
20260401,2026-04-01,E10262,D05,CC502,1.0,7622.04,Active
20260401,2026-04-01,E10263,D05,CC502,1.0,11704.15,Active
20260401,2026-04-01,E10264,D05,CC502,1.0,13109.55,Active
20260401,2026-04-01,E10265,D05,CC502,1.0,16079.25,Active
20260401,2026-04-01,E10266,D05,CC501,1.0,12091.05,Active
20260401,2026-04-01,E10267,D05,CC502,1.0,11543.33,Active
20260401,2026-04-01,E10268,D05,CC501,1.0,5839.55,Active
20260401,2026-04-01,E10269,D05,CC502,1.0,15295.27,Active
20260401,2026-04-01,E10270,D05,CC501,0.8,11437.6,Active
20260401,2026-04-01,E10271,D05,CC502,1.0,15092.96,Active
20260401,2026-04-01,E10272,D05,CC501,1.0,12687.25,Active
20260401,2026-04-01,E10273,D05,CC501,1.0,5958.83,Active
20260401,2026-04-01,E10274,D05,CC501,1.0,11267.02,Active
20260401,2026-04-01,E10275,D05,CC501,0.8,7967.27,Active
20260401,2026-04-01,E10277,D05,CC501,1.0,8121.01,Active
20260401,2026-04-01,E10278,D05,CC502,1.0,9618.51,Active
20260401,2026-04-01,E10279,D05,CC501,1.0,5550.71,Active
20260401,2026-04-01,E10280,D05,CC502,1.0,13464.62,Active
20260401,2026-04-01,E10281,D05,CC502,1.0,12636.26,Active
20260401,2026-04-01,E10282,D05,CC501,1.0,8503.21,Active
20260401,2026-04-01,E10283,D05,CC501,0.8,9616.34,Active
20260401,2026-04-01,E10284,D05,CC501,1.0,13370.59,Active
20260401,2026-04-01,E10285,D05,CC502,1.0,5541.55,Active
20260401,2026-04-01,E10286,D05,CC501,1.0,7390.92,Active
20260401,2026-04-01,E10287,D05,CC501,1.0,13017.98,Active
20260401,2026-04-01,E10288,D05,CC501,1.0,10256.52,Active
20260401,2026-04-01,E10289,D05,CC501,1.0,13889.22,Active
20260401,2026-04-01,E10290,D05,CC501,1.0,7634.18,Active
20260401,2026-04-01,E10292,D05,CC501,1.0,14905.15,Active
20260401,2026-04-01,E10293,D05,CC502,1.0,6624.07,Active
20260401,2026-04-01,E10294,D05,CC501,1.0,7456.51,Active
20260401,2026-04-01,E10295,D05,CC501,1.0,10040.12,Active
20260401,2026-04-01,E10298,D05,CC501,1.0,9478.05,Active
20260401,2026-04-01,E10299,D05,CC502,1.0,13738.77,Active
20260401,2026-04-01,E10300,D05,CC501,1.0,14109.55,Active
20260401,2026-04-01,E10301,D05,CC502,0.8,9499.25,Active
20260401,2026-04-01,E10302,D05,CC502,1.0,12314.48,Active
20260401,2026-04-01,E10304,D05,CC501,1.0,13405.9,Active
20260401,2026-04-01,E10305,D05,CC502,1.0,15052.35,Active
20260401,2026-04-01,E10306,D05,CC501,1.0,13702.7,Active
20260401,2026-04-01,E10307,D05,CC501,1.0,10947.99,Active
20260401,2026-04-01,E10308,D05,CC501,1.0,12288.33,Active
20260401,2026-04-01,E10309,D05,CC502,1.0,10316.23,Active
20260401,2026-04-01,E10310,D05,CC501,1.0,12518.25,Active
20260401,2026-04-01,E10311,D05,CC502,1.0,9874.57,Active
20260401,2026-04-01,E10312,D05,CC502,1.0,13304.79,Active
20260401,2026-04-01,E10313,D05,CC501,1.0,6054.89,Active
20260401,2026-04-01,E10314,D05,CC502,0.8,7663.22,Active
20260401,2026-04-01,E10315,D05,CC502,1.0,5473.42,Active
20260401,2026-04-01,E10316,D05,CC501,1.0,5992.62,Active
20260401,2026-04-01,E10317,D05,CC501,1.0,7382.03,Active
20260401,2026-04-01,E10318,D05,CC502,1.0,9974.32,Active
20260401,2026-04-01,E10319,D05,CC502,1.0,7613.88,Active
20260401,2026-04-01,E10320,D05,CC502,1.0,8782.18,Active
20260401,2026-04-01,E10321,D05,CC501,0.8,11116.91,Active
20260401,2026-04-01,E10322,D05,CC502,1.0,7217.53,Active
20260401,2026-04-01,E10323,D05,CC501,1.0,13376.25,Active
20260401,2026-04-01,E10324,D05,CC501,0.8,8067.34,Active
20260401,2026-04-01,E10325,D06,CC601,1.0,7134.58,Active
20260401,2026-04-01,E10326,D06,CC601,1.0,8712.61,Active
20260401,2026-04-01,E10327,D06,CC601,0.8,8583.47,Active
20260401,2026-04-01,E10328,D06,CC601,1.0,7640.62,Active
20260401,2026-04-01,E10329,D06,CC601,1.0,13423.99,Active
20260401,2026-04-01,E10330,D06,CC601,1.0,10056.43,Active
20260401,2026-04-01,E10331,D06,CC601,1.0,8730.47,Active
20260401,2026-04-01,E10332,D06,CC601,1.0,16344.0,Active
20260401,2026-04-01,E10333,D06,CC601,1.0,7144.7,Active
20260401,2026-04-01,E10334,D06,CC601,1.0,13518.98,Active
20260401,2026-04-01,E10335,D06,CC601,0.8,9956.2,Active
20260401,2026-04-01,E10336,D06,CC601,1.0,15560.67,Active
20260401,2026-04-01,E10337,D06,CC601,1.0,15514.08,Active
20260401,2026-04-01,E10338,D06,CC601,1.0,12360.58,Active
20260401,2026-04-01,E10339,D06,CC601,1.0,12863.68,Active
20260401,2026-04-01,E10340,D06,CC601,0.8,12563.04,Active
20260401,2026-04-01,E10342,D06,CC601,1.0,16023.45,Active
20260401,2026-04-01,E10343,D06,CC601,1.0,14827.05,Active
20260401,2026-04-01,E10344,D06,CC601,1.0,8804.71,Active
20260401,2026-04-01,E10345,D06,CC601,1.0,9928.07,Active
20260401,2026-04-01,E10346,D06,CC601,1.0,13949.53,Active
20260401,2026-04-01,E10347,D06,CC601,1.0,7722.07,Active
20260401,2026-04-01,E10349,D06,CC601,1.0,11163.53,Active
20260401,2026-04-01,E10350,D06,CC601,1.0,9451.48,Active
20260401,2026-04-01,E10351,D06,CC601,1.0,10863.76,Active
20260401,2026-04-01,E10352,D06,CC601,1.0,7824.61,Active
20260401,2026-04-01,E10353,D06,CC601,1.0,14091.58,Active
20260401,2026-04-01,E10354,D06,CC601,1.0,14981.3,Active
20260401,2026-04-01,E10355,D06,CC601,1.0,6262.96,Active
20260401,2026-04-01,E10356,D06,CC601,1.0,6109.94,Active
20260401,2026-04-01,E10357,D06,CC601,1.0,10777.44,Active
20260401,2026-04-01,E10359,D07,CC701,1.0,14034.4,Active
20260401,2026-04-01,E10360,D07,CC701,1.0,15717.77,Active
20260401,2026-04-01,E10361,D07,CC701,1.0,9118.63,Active
20260401,2026-04-01,E10362,D07,CC701,1.0,15224.31,Active
20260401,2026-04-01,E10363,D07,CC701,1.0,12759.66,Active
20260401,2026-04-01,E10364,D07,CC701,1.0,14993.36,Active
20260401,2026-04-01,E10365,D07,CC701,1.0,12987.38,Active
20260401,2026-04-01,E10366,D07,CC701,1.0,14794.56,Active
20260401,2026-04-01,E10367,D07,CC701,1.0,12156.19,Active
20260401,2026-04-01,E10368,D07,CC701,1.0,7489.37,Active
20260401,2026-04-01,E10369,D07,CC701,1.0,15019.13,Active
20260401,2026-04-01,E10370,D07,CC701,1.0,10737.59,Active
20260401,2026-04-01,E10371,D07,CC701,1.0,15522.69,Active
20260401,2026-04-01,E10372,D07,CC701,1.0,8708.59,Active
20260401,2026-04-01,E10373,D07,CC701,1.0,14867.53,Active
20260401,2026-04-01,E10374,D07,CC701,1.0,6340.88,Active
20260401,2026-04-01,E10375,D07,CC701,1.0,15769.4,Active
20260401,2026-04-01,E10376,D07,CC701,1.0,7822.73,Active
20260401,2026-04-01,E10377,D07,CC701,1.0,13097.91,Active
20260401,2026-04-01,E10378,D07,CC701,0.8,10952.26,Active
20260401,2026-04-01,E10379,D07,CC701,1.0,15634.16,Active
20260401,2026-04-01,E10380,D07,CC701,1.0,12199.44,Active
20260401,2026-04-01,E10381,D07,CC701,1.0,9102.18,Active
20260401,2026-04-01,E10382,D07,CC701,1.0,12059.96,Active
20260401,2026-04-01,E10383,D07,CC701,1.0,13614.6,Active
20260401,2026-04-01,E10384,D07,CC701,1.0,10207.73,Active
20260401,2026-04-01,E10385,D07,CC701,1.0,8542.85,Active
20260401,2026-04-01,E10386,D07,CC701,1.0,11823.37,Active
20260401,2026-04-01,E10387,D07,CC701,1.0,6843.54,Active
20260401,2026-04-01,E10388,D07,CC701,1.0,5453.0,Active
20260401,2026-04-01,E10389,D07,CC701,1.0,14486.8,Active
20260401,2026-04-01,E10390,D07,CC701,1.0,14007.41,Active
20260401,2026-04-01,E10391,D07,CC701,1.0,11827.97,Active
20260401,2026-04-01,E10392,D07,CC701,1.0,8821.26,Active
20260401,2026-04-01,E10393,D07,CC701,1.0,10287.44,Active
20260401,2026-04-01,E10394,D07,CC701,1.0,14545.64,Active
20260401,2026-04-01,E10395,D07,CC701,1.0,10891.4,Active
20260401,2026-04-01,E10396,D07,CC701,1.0,13008.91,Active
20260401,2026-04-01,E10397,D07,CC701,0.8,10544.46,Active
20260401,2026-04-01,E10398,D07,CC701,0.8,7208.04,Active
20260401,2026-04-01,E10399,D07,CC701,1.0,5975.57,Active
20260401,2026-04-01,E10400,D07,CC701,0.8,6958.47,Active
20260401,2026-04-01,E10401,D07,CC701,1.0,9071.14,Active
20260401,2026-04-01,E10402,D07,CC701,1.0,9670.61,Active
20260401,2026-04-01,E10403,D08,CC802,1.0,7511.06,Active
20260401,2026-04-01,E10404,D08,CC801,0.8,10880.12,Active
20260401,2026-04-01,E10405,D08,CC801,1.0,7270.58,Active
20260401,2026-04-01,E10406,D08,CC801,1.0,8542.85,Active
20260401,2026-04-01,E10407,D08,CC801,1.0,13634.62,Active
20260401,2026-04-01,E10408,D08,CC801,0.8,9433.87,Active
20260401,2026-04-01,E10409,D08,CC801,1.0,10055.92,Active
20260401,2026-04-01,E10410,D08,CC801,1.0,7421.65,Active
20260401,2026-04-01,E10411,D08,CC802,1.0,12400.59,Active
20260401,2026-04-01,E10412,D08,CC801,1.0,9914.48,Active
20260401,2026-04-01,E10413,D08,CC801,1.0,10762.1,Active
20260401,2026-04-01,E10414,D08,CC801,1.0,16267.89,Active
20260401,2026-04-01,E10415,D08,CC802,1.0,12553.08,Active
20260401,2026-04-01,E10416,D08,CC801,1.0,6742.69,Active
20260401,2026-04-01,E10417,D08,CC801,1.0,12752.15,Active
20260401,2026-04-01,E10418,D08,CC802,1.0,16296.01,Active
20260401,2026-04-01,E10419,D08,CC801,1.0,6540.0,Active
20260401,2026-04-01,E10420,D08,CC802,1.0,12443.15,Active
20260401,2026-04-01,E10421,D08,CC801,1.0,6503.83,Active
20260401,2026-04-01,E10422,D08,CC801,1.0,14123.1,Active
20260401,2026-04-01,E10423,D08,CC802,1.0,11332.5,Active
20260401,2026-04-01,E10424,D08,CC801,1.0,11787.31,Active
20260401,2026-04-01,E10425,D08,CC801,1.0,15091.44,Active
20260401,2026-04-01,E10426,D08,CC802,1.0,5473.08,Active
20260401,2026-04-01,E10427,D08,CC801,1.0,6915.25,Active
20260401,2026-04-01,E10429,D08,CC802,1.0,10845.67,Active
20260401,2026-04-01,E10430,D08,CC801,1.0,15969.14,Active
20260401,2026-04-01,E10431,D08,CC802,1.0,15710.67,Active
20260401,2026-04-01,E10432,D08,CC802,1.0,11644.66,Active
20260401,2026-04-01,E10433,D08,CC801,1.0,16324.56,Active
20260401,2026-04-01,E10434,D08,CC801,1.0,5921.11,Active
20260401,2026-04-01,E10435,D08,CC801,1.0,14627.04,Active
20260401,2026-04-01,E10436,D08,CC802,1.0,7850.71,Active
20260401,2026-04-01,E10437,D08,CC801,0.8,9725.53,Active
20260401,2026-04-01,E10438,D08,CC801,1.0,9538.95,Active
20260401,2026-04-01,E10439,D08,CC802,1.0,15529.99,Active
20260401,2026-04-01,E10440,D08,CC802,1.0,6278.28,Active
20260401,2026-04-01,E10441,D08,CC801,1.0,11498.1,Active
20260401,2026-04-01,E10442,D08,CC802,1.0,8917.68,Active
20260401,2026-04-01,E10443,D08,CC802,1.0,8125.61,Active
20260401,2026-04-01,E10444,D08,CC802,1.0,12742.46,Active
20260401,2026-04-01,E10445,D08,CC802,0.8,5100.6,Active
20260401,2026-04-01,E10446,D08,CC802,1.0,14153.71,Active
20260401,2026-04-01,E10448,D08,CC802,1.0,13391.9,Active
20260401,2026-04-01,E10449,D08,CC802,1.0,10667.38,Active
20260401,2026-04-01,E10450,D08,CC801,1.0,11521.05,Active
20260401,2026-04-01,E10451,D08,CC802,1.0,15700.7,Active
20260401,2026-04-01,E10452,D08,CC802,1.0,13549.11,Active
20260401,2026-04-01,E10453,D08,CC801,1.0,8203.8,Active
20260401,2026-04-01,E10454,D08,CC802,1.0,11514.83,Active
20260401,2026-04-01,E10455,D08,CC802,1.0,12373.07,Active
20260401,2026-04-01,E10456,D08,CC802,1.0,9935.8,Active
20260401,2026-04-01,E10457,D08,CC802,1.0,9220.89,Active
20260401,2026-04-01,E10458,D08,CC801,1.0,15892.66,Active
20260401,2026-04-01,E10459,D08,CC802,1.0,6360.94,Active
20260401,2026-04-01,E10460,D08,CC801,1.0,14733.05,Active
20260401,2026-04-01,E10461,D08,CC801,1.0,15834.19,Active
20260401,2026-04-01,E10462,D08,CC802,0.8,9124.96,Active
20260401,2026-04-01,E10463,D08,CC801,1.0,9963.95,Active
20260401,2026-04-01,E10464,D08,CC801,1.0,12985.53,Active
20260401,2026-04-01,E10465,D08,CC801,1.0,15259.8,Active
20260401,2026-04-01,E10466,D08,CC801,1.0,13618.3,Active
20260401,2026-04-01,E10467,D08,CC802,1.0,5933.27,Active
20260401,2026-04-01,E10468,D08,CC801,1.0,15140.43,Active
20260401,2026-04-01,E10469,D08,CC802,1.0,6835.3,Active
20260401,2026-04-01,E10470,D08,CC802,1.0,9634.91,Active
20260401,2026-04-01,E10474,D02,CC202,1.0,5850.26,Active
20260401,2026-04-01,E10475,D02,CC201,1.0,16336.8,Active
20260401,2026-04-01,E10477,D02,CC202,0.8,7949.48,Active
20260401,2026-04-01,E10483,D04,CC401,0.8,12956.06,Active
20260401,2026-04-01,E10484,D04,CC401,1.0,14692.9,Active
20260401,2026-04-01,E10485,D04,CC401,1.0,11161.15,Active
20260401,2026-04-01,E10489,D05,CC502,1.0,9977.31,Active
20260401,2026-04-01,E10490,D05,CC501,1.0,10088.1,Active
20260401,2026-04-01,E10491,D05,CC501,1.0,8087.43,Active
20260401,2026-04-01,E10492,D05,CC502,1.0,10380.45,Active
20260401,2026-04-01,E10493,D06,CC601,1.0,13403.45,Active
20260401,2026-04-01,E10498,D07,CC701,1.0,7102.28,Active
20260401,2026-04-01,E10499,D07,CC701,1.0,7305.07,Active
20260401,2026-04-01,E10500,D08,CC801,1.0,14642.01,Active
20260401,2026-04-01,E10501,D08,CC802,1.0,13568.06,Active
20260401,2026-04-01,E10505,D08,CC801,1.0,13049.89,Active
20260401,2026-04-01,E10506,D08,CC801,1.0,9143.83,Active
20260501,2026-05-01,E10002,D01,CC101,1.0,8410.42,Active
20260501,2026-05-01,E10003,D01,CC102,1.0,12507.65,Active
20260501,2026-05-01,E10004,D01,CC101,1.0,16157.31,Active
20260501,2026-05-01,E10005,D01,CC102,1.0,14266.63,Active
20260501,2026-05-01,E10006,D01,CC102,1.0,13450.14,Active
20260501,2026-05-01,E10007,D01,CC102,1.0,7315.05,Active
20260501,2026-05-01,E10009,D01,CC101,1.0,15729.44,Active
20260501,2026-05-01,E10010,D01,CC102,0.8,11298.94,Active
20260501,2026-05-01,E10011,D01,CC102,1.0,12689.48,Active
20260501,2026-05-01,E10012,D01,CC102,1.0,10325.12,Active
20260501,2026-05-01,E10013,D01,CC101,1.0,11868.75,Active
20260501,2026-05-01,E10014,D01,CC102,1.0,12113.1,Active
20260501,2026-05-01,E10015,D01,CC102,1.0,9154.35,Active
20260501,2026-05-01,E10016,D01,CC102,1.0,13090.75,Active
20260501,2026-05-01,E10017,D01,CC102,1.0,11191.59,Active
20260501,2026-05-01,E10018,D01,CC102,1.0,15157.29,Active
20260501,2026-05-01,E10019,D01,CC102,1.0,6904.0,Active
20260501,2026-05-01,E10020,D01,CC101,1.0,8739.92,Active
20260501,2026-05-01,E10022,D01,CC102,1.0,13342.19,Active
20260501,2026-05-01,E10023,D01,CC101,1.0,6330.05,Active
20260501,2026-05-01,E10024,D01,CC101,1.0,10507.65,Active
20260501,2026-05-01,E10025,D01,CC102,1.0,14838.3,Active
20260501,2026-05-01,E10026,D01,CC102,1.0,10481.2,Active
20260501,2026-05-01,E10027,D01,CC101,1.0,9173.75,Active
20260501,2026-05-01,E10028,D01,CC102,1.0,13673.91,Active
20260501,2026-05-01,E10029,D01,CC102,1.0,5647.19,Active
20260501,2026-05-01,E10030,D01,CC102,1.0,10388.56,Active
20260501,2026-05-01,E10031,D01,CC102,1.0,8730.12,Active
20260501,2026-05-01,E10032,D01,CC101,1.0,6428.59,Active
20260501,2026-05-01,E10033,D01,CC101,1.0,14324.44,Active
20260501,2026-05-01,E10034,D01,CC101,1.0,12359.22,Active
20260501,2026-05-01,E10035,D01,CC101,1.0,14626.0,Active
20260501,2026-05-01,E10036,D01,CC102,1.0,10472.07,Active
20260501,2026-05-01,E10038,D01,CC101,1.0,14700.06,Active
20260501,2026-05-01,E10039,D02,CC202,1.0,14354.11,Active
20260501,2026-05-01,E10040,D02,CC202,1.0,6611.26,Active
20260501,2026-05-01,E10041,D02,CC202,1.0,13379.72,Active
20260501,2026-05-01,E10042,D02,CC202,1.0,10768.39,Active
20260501,2026-05-01,E10043,D02,CC202,1.0,11095.97,Active
20260501,2026-05-01,E10044,D02,CC202,1.0,6096.08,Active
20260501,2026-05-01,E10045,D02,CC202,1.0,15593.92,Active
20260501,2026-05-01,E10046,D02,CC202,1.0,5712.12,Active
20260501,2026-05-01,E10047,D02,CC201,1.0,10168.98,Active
20260501,2026-05-01,E10048,D02,CC202,1.0,9068.07,Active
20260501,2026-05-01,E10049,D02,CC202,1.0,13321.66,Active
20260501,2026-05-01,E10050,D02,CC202,1.0,12684.38,Active
20260501,2026-05-01,E10051,D02,CC201,1.0,14671.36,Active
20260501,2026-05-01,E10052,D02,CC202,1.0,6419.05,Active
20260501,2026-05-01,E10053,D02,CC202,1.0,7107.0,Active
20260501,2026-05-01,E10054,D02,CC202,1.0,15668.91,Active
20260501,2026-05-01,E10055,D02,CC201,1.0,11367.88,Active
20260501,2026-05-01,E10056,D02,CC201,1.0,9271.75,Active
20260501,2026-05-01,E10057,D02,CC201,1.0,15187.18,Active
20260501,2026-05-01,E10058,D02,CC201,1.0,6692.64,Active
20260501,2026-05-01,E10059,D02,CC202,1.0,10785.71,Active
20260501,2026-05-01,E10060,D02,CC202,1.0,13796.36,Active
20260501,2026-05-01,E10061,D02,CC201,1.0,14998.88,Active
20260501,2026-05-01,E10062,D02,CC202,1.0,10295.63,Active
20260501,2026-05-01,E10063,D02,CC201,1.0,14015.47,Active
20260501,2026-05-01,E10065,D02,CC202,0.8,5766.36,Active
20260501,2026-05-01,E10066,D02,CC201,1.0,10957.07,Active
20260501,2026-05-01,E10067,D02,CC201,1.0,9017.23,Active
20260501,2026-05-01,E10068,D02,CC202,1.0,10170.37,Active
20260501,2026-05-01,E10069,D02,CC202,1.0,14148.08,Active
20260501,2026-05-01,E10070,D02,CC202,1.0,6341.79,Active
20260501,2026-05-01,E10071,D02,CC201,1.0,12555.38,Active
20260501,2026-05-01,E10072,D02,CC202,1.0,7897.81,Active
20260501,2026-05-01,E10073,D02,CC202,1.0,15181.04,Active
20260501,2026-05-01,E10074,D02,CC201,0.8,11129.75,Active
20260501,2026-05-01,E10075,D02,CC201,1.0,9725.52,Active
20260501,2026-05-01,E10077,D02,CC202,1.0,10069.21,Active
20260501,2026-05-01,E10078,D02,CC202,1.0,5599.53,Active
20260501,2026-05-01,E10079,D02,CC202,1.0,6986.64,Active
20260501,2026-05-01,E10080,D02,CC202,1.0,14940.22,Active
20260501,2026-05-01,E10081,D02,CC202,1.0,14003.89,Active
20260501,2026-05-01,E10082,D02,CC202,1.0,6424.05,Active
20260501,2026-05-01,E10083,D02,CC201,0.8,10682.5,Active
20260501,2026-05-01,E10084,D02,CC201,1.0,8605.47,Active
20260501,2026-05-01,E10085,D02,CC201,1.0,11191.25,Active
20260501,2026-05-01,E10087,D02,CC201,1.0,6603.43,Active
20260501,2026-05-01,E10088,D02,CC201,1.0,10990.18,Active
20260501,2026-05-01,E10089,D02,CC202,1.0,15668.68,Active
20260501,2026-05-01,E10090,D02,CC202,1.0,5533.18,Active
20260501,2026-05-01,E10091,D02,CC201,1.0,16246.73,Active
20260501,2026-05-01,E10092,D02,CC201,1.0,12705.8,Active
20260501,2026-05-01,E10093,D02,CC202,1.0,8207.7,Active
20260501,2026-05-01,E10094,D02,CC202,1.0,14485.38,Active
20260501,2026-05-01,E10095,D02,CC201,1.0,14453.25,Active
20260501,2026-05-01,E10097,D02,CC202,1.0,11051.3,Active
20260501,2026-05-01,E10098,D02,CC202,1.0,12244.22,Active
20260501,2026-05-01,E10099,D02,CC201,1.0,10037.88,Active
20260501,2026-05-01,E10100,D02,CC202,1.0,10771.54,Active
20260501,2026-05-01,E10101,D02,CC201,1.0,10980.3,Active
20260501,2026-05-01,E10102,D02,CC201,0.8,4614.82,Active
20260501,2026-05-01,E10103,D02,CC202,1.0,15734.28,Active
20260501,2026-05-01,E10104,D02,CC201,1.0,11650.65,Active
20260501,2026-05-01,E10105,D02,CC202,1.0,9386.94,Active
20260501,2026-05-01,E10106,D02,CC201,1.0,5769.28,Active
20260501,2026-05-01,E10107,D02,CC202,1.0,10088.87,Active
20260501,2026-05-01,E10108,D02,CC202,1.0,14176.64,Active
20260501,2026-05-01,E10109,D02,CC201,1.0,9224.73,Active
20260501,2026-05-01,E10110,D02,CC202,1.0,8847.32,Active
20260501,2026-05-01,E10111,D02,CC201,1.0,10694.03,Active
20260501,2026-05-01,E10112,D02,CC202,1.0,10346.32,Active
20260501,2026-05-01,E10113,D02,CC201,1.0,13228.15,Active
20260501,2026-05-01,E10114,D02,CC201,1.0,9984.27,Active
20260501,2026-05-01,E10115,D02,CC202,1.0,6002.44,Active
20260501,2026-05-01,E10116,D02,CC201,1.0,14937.7,Active
20260501,2026-05-01,E10117,D02,CC202,1.0,13939.49,Active
20260501,2026-05-01,E10118,D02,CC201,1.0,12421.55,Active
20260501,2026-05-01,E10119,D02,CC201,1.0,11251.56,Active
20260501,2026-05-01,E10120,D02,CC201,1.0,13503.07,Active
20260501,2026-05-01,E10121,D02,CC201,1.0,11193.95,Active
20260501,2026-05-01,E10122,D02,CC202,1.0,8177.62,Active
20260501,2026-05-01,E10123,D02,CC202,0.8,9675.89,Active
20260501,2026-05-01,E10125,D02,CC202,1.0,8923.39,Active
20260501,2026-05-01,E10127,D02,CC201,1.0,13732.41,Active
20260501,2026-05-01,E10128,D02,CC201,1.0,12893.13,Active
20260501,2026-05-01,E10129,D02,CC201,1.0,7350.43,Active
20260501,2026-05-01,E10130,D02,CC202,1.0,8951.43,Active
20260501,2026-05-01,E10131,D03,CC301,1.0,15736.52,Active
20260501,2026-05-01,E10132,D03,CC301,1.0,13696.65,Active
20260501,2026-05-01,E10133,D03,CC301,1.0,10841.59,Active
20260501,2026-05-01,E10134,D03,CC301,1.0,11416.99,Active
20260501,2026-05-01,E10135,D03,CC301,0.8,12394.73,Active
20260501,2026-05-01,E10136,D03,CC301,1.0,11861.62,Active
20260501,2026-05-01,E10137,D03,CC301,1.0,12593.3,Active
20260501,2026-05-01,E10138,D03,CC301,1.0,10317.52,Active
20260501,2026-05-01,E10139,D03,CC301,0.8,12970.47,Active
20260501,2026-05-01,E10140,D03,CC301,1.0,15811.52,Active
20260501,2026-05-01,E10141,D03,CC301,1.0,15914.73,Active
20260501,2026-05-01,E10142,D03,CC301,1.0,15537.3,Active
20260501,2026-05-01,E10143,D03,CC301,1.0,12779.49,Active
20260501,2026-05-01,E10144,D03,CC301,1.0,11062.09,Active
20260501,2026-05-01,E10145,D03,CC301,1.0,11508.58,Active
20260501,2026-05-01,E10146,D03,CC301,1.0,6836.0,Active
20260501,2026-05-01,E10147,D03,CC301,1.0,15055.36,Active
20260501,2026-05-01,E10148,D03,CC301,1.0,13994.15,Active
20260501,2026-05-01,E10149,D03,CC301,1.0,13040.29,Active
20260501,2026-05-01,E10150,D03,CC301,1.0,9024.19,Active
20260501,2026-05-01,E10151,D03,CC301,1.0,9039.08,Active
20260501,2026-05-01,E10152,D03,CC301,1.0,5549.54,Active
20260501,2026-05-01,E10153,D03,CC301,1.0,15247.88,Active
20260501,2026-05-01,E10154,D03,CC301,1.0,14029.16,Active
20260501,2026-05-01,E10155,D03,CC301,1.0,12823.45,Active
20260501,2026-05-01,E10156,D03,CC301,1.0,9291.94,Active
20260501,2026-05-01,E10157,D03,CC301,1.0,9467.39,Active
20260501,2026-05-01,E10159,D03,CC301,1.0,12102.21,Active
20260501,2026-05-01,E10160,D03,CC301,1.0,15997.29,Active
20260501,2026-05-01,E10161,D03,CC301,1.0,13155.2,Active
20260501,2026-05-01,E10162,D03,CC301,1.0,14287.79,Active
20260501,2026-05-01,E10163,D03,CC301,1.0,11532.92,Active
20260501,2026-05-01,E10164,D03,CC301,1.0,12488.15,Active
20260501,2026-05-01,E10165,D03,CC301,1.0,13491.1,Active
20260501,2026-05-01,E10166,D03,CC301,1.0,14726.73,Active
20260501,2026-05-01,E10167,D03,CC301,1.0,5686.12,Active
20260501,2026-05-01,E10168,D03,CC301,1.0,5453.2,Active
20260501,2026-05-01,E10169,D03,CC301,1.0,9031.26,Active
20260501,2026-05-01,E10170,D03,CC301,1.0,11006.2,Active
20260501,2026-05-01,E10171,D03,CC301,1.0,5881.86,Active
20260501,2026-05-01,E10172,D03,CC301,1.0,10067.03,Active
20260501,2026-05-01,E10174,D03,CC301,1.0,9998.65,Active
20260501,2026-05-01,E10175,D03,CC301,1.0,8977.19,Active
20260501,2026-05-01,E10176,D03,CC301,1.0,14196.48,Active
20260501,2026-05-01,E10177,D03,CC301,1.0,10599.76,Active
20260501,2026-05-01,E10178,D03,CC301,1.0,11182.04,Active
20260501,2026-05-01,E10179,D03,CC301,1.0,12099.03,Active
20260501,2026-05-01,E10180,D03,CC301,1.0,6416.28,Active
20260501,2026-05-01,E10181,D03,CC301,1.0,14968.93,Active
20260501,2026-05-01,E10182,D03,CC301,1.0,10152.59,Active
20260501,2026-05-01,E10183,D03,CC301,1.0,6170.62,Active
20260501,2026-05-01,E10184,D03,CC301,1.0,9732.43,Active
20260501,2026-05-01,E10185,D03,CC301,1.0,14050.64,Active
20260501,2026-05-01,E10186,D03,CC301,1.0,13946.8,Active
20260501,2026-05-01,E10187,D03,CC301,1.0,12680.36,Active
20260501,2026-05-01,E10188,D03,CC301,1.0,11850.17,Active
20260501,2026-05-01,E10190,D03,CC301,1.0,11032.17,Active
20260501,2026-05-01,E10191,D03,CC301,1.0,12108.05,Active
20260501,2026-05-01,E10192,D03,CC301,1.0,5895.49,Active
20260501,2026-05-01,E10193,D03,CC301,1.0,10995.17,Active
20260501,2026-05-01,E10194,D03,CC301,1.0,11423.51,Active
20260501,2026-05-01,E10195,D03,CC301,1.0,11966.52,Active
20260501,2026-05-01,E10196,D03,CC301,1.0,10979.39,Active
20260501,2026-05-01,E10197,D03,CC301,1.0,14302.73,Active
20260501,2026-05-01,E10198,D03,CC301,0.8,12740.79,Active
20260501,2026-05-01,E10199,D03,CC301,1.0,12673.74,Active
20260501,2026-05-01,E10200,D03,CC301,1.0,14764.14,Active
20260501,2026-05-01,E10201,D04,CC401,1.0,9010.53,Active
20260501,2026-05-01,E10202,D04,CC401,1.0,15384.87,Active
20260501,2026-05-01,E10203,D04,CC401,1.0,12423.34,Active
20260501,2026-05-01,E10204,D04,CC401,1.0,8042.85,Active
20260501,2026-05-01,E10205,D04,CC401,1.0,7412.1,Active
20260501,2026-05-01,E10206,D04,CC401,0.8,4598.62,Active
20260501,2026-05-01,E10207,D04,CC401,1.0,7611.07,Active
20260501,2026-05-01,E10208,D04,CC401,1.0,7614.01,Active
20260501,2026-05-01,E10209,D04,CC401,1.0,8286.72,Active
20260501,2026-05-01,E10210,D04,CC401,1.0,8046.99,Active
20260501,2026-05-01,E10211,D04,CC401,1.0,8263.44,Active
20260501,2026-05-01,E10212,D04,CC401,1.0,6929.63,Active
20260501,2026-05-01,E10213,D04,CC401,1.0,8843.67,Active
20260501,2026-05-01,E10214,D04,CC401,1.0,12528.54,Active
20260501,2026-05-01,E10216,D04,CC401,1.0,9469.59,Active
20260501,2026-05-01,E10217,D04,CC401,0.8,10951.89,Active
20260501,2026-05-01,E10218,D04,CC401,1.0,6997.54,Active
20260501,2026-05-01,E10219,D04,CC401,1.0,8468.15,Active
20260501,2026-05-01,E10220,D04,CC401,1.0,15033.75,Active
20260501,2026-05-01,E10221,D04,CC401,1.0,14108.49,Active
20260501,2026-05-01,E10222,D04,CC401,1.0,13541.45,Active
20260501,2026-05-01,E10223,D04,CC401,1.0,7464.93,Active
20260501,2026-05-01,E10224,D04,CC401,1.0,13177.99,Active
20260501,2026-05-01,E10225,D04,CC401,1.0,9816.56,Active
20260501,2026-05-01,E10226,D04,CC401,1.0,7659.89,Active
20260501,2026-05-01,E10227,D04,CC401,1.0,10124.18,Active
20260501,2026-05-01,E10228,D04,CC401,1.0,14543.63,Active
20260501,2026-05-01,E10230,D04,CC401,1.0,10393.13,Active
20260501,2026-05-01,E10231,D04,CC401,1.0,10222.4,Active
20260501,2026-05-01,E10232,D04,CC401,1.0,9574.88,Active
20260501,2026-05-01,E10233,D04,CC401,1.0,12359.0,Active
20260501,2026-05-01,E10234,D04,CC401,1.0,10947.59,Active
20260501,2026-05-01,E10235,D04,CC401,1.0,6492.94,Active
20260501,2026-05-01,E10237,D04,CC401,1.0,14144.78,Active
20260501,2026-05-01,E10238,D04,CC401,1.0,16361.98,Active
20260501,2026-05-01,E10239,D04,CC401,1.0,8503.78,Active
20260501,2026-05-01,E10240,D04,CC401,1.0,14417.94,Active
20260501,2026-05-01,E10241,D04,CC401,1.0,16103.22,Active
20260501,2026-05-01,E10242,D04,CC401,1.0,13264.03,Active
20260501,2026-05-01,E10243,D04,CC401,1.0,11692.45,Active
20260501,2026-05-01,E10244,D04,CC401,1.0,6408.71,Active
20260501,2026-05-01,E10245,D04,CC401,1.0,12995.29,Active
20260501,2026-05-01,E10246,D04,CC401,1.0,11499.65,Active
20260501,2026-05-01,E10247,D04,CC401,1.0,6848.03,Active
20260501,2026-05-01,E10248,D04,CC401,1.0,14411.89,Active
20260501,2026-05-01,E10249,D05,CC502,1.0,12767.58,Active
20260501,2026-05-01,E10250,D05,CC501,1.0,11696.36,Active
20260501,2026-05-01,E10251,D05,CC502,1.0,15771.28,Active
20260501,2026-05-01,E10252,D05,CC502,1.0,11905.02,Active
20260501,2026-05-01,E10253,D05,CC502,1.0,9665.83,Active
20260501,2026-05-01,E10254,D05,CC502,1.0,9008.38,Active
20260501,2026-05-01,E10256,D05,CC501,1.0,11879.82,Active
20260501,2026-05-01,E10257,D05,CC502,1.0,15452.11,Active
20260501,2026-05-01,E10258,D05,CC501,1.0,8540.01,Active
20260501,2026-05-01,E10259,D05,CC502,1.0,5616.96,Active
20260501,2026-05-01,E10260,D05,CC501,1.0,16211.36,Active
20260501,2026-05-01,E10261,D05,CC502,1.0,13525.9,Active
20260501,2026-05-01,E10262,D05,CC502,1.0,7623.94,Active
20260501,2026-05-01,E10263,D05,CC502,1.0,11744.89,Active
20260501,2026-05-01,E10264,D05,CC502,1.0,13313.1,Active
20260501,2026-05-01,E10265,D05,CC502,1.0,16110.3,Active
20260501,2026-05-01,E10266,D05,CC501,1.0,11978.43,Active
20260501,2026-05-01,E10267,D05,CC502,1.0,11507.57,Active
20260501,2026-05-01,E10268,D05,CC501,1.0,5836.06,Active
20260501,2026-05-01,E10269,D05,CC502,1.0,15422.06,Active
20260501,2026-05-01,E10270,D05,CC501,1.0,14467.81,Active
20260501,2026-05-01,E10271,D05,CC502,1.0,15050.18,Active
20260501,2026-05-01,E10272,D05,CC501,1.0,12566.1,Active
20260501,2026-05-01,E10273,D05,CC501,1.0,5940.37,Active
20260501,2026-05-01,E10274,D05,CC501,1.0,11184.45,Active
20260501,2026-05-01,E10275,D05,CC501,1.0,9861.63,Active
20260501,2026-05-01,E10277,D05,CC501,1.0,8155.76,Active
20260501,2026-05-01,E10278,D05,CC502,1.0,9497.98,Active
20260501,2026-05-01,E10279,D05,CC501,1.0,5617.2,Active
20260501,2026-05-01,E10280,D05,CC502,1.0,13660.92,Active
20260501,2026-05-01,E10281,D05,CC502,1.0,12671.65,Active
20260501,2026-05-01,E10282,D05,CC501,1.0,8407.76,Active
20260501,2026-05-01,E10283,D05,CC501,1.0,12011.51,Active
20260501,2026-05-01,E10284,D05,CC501,1.0,13583.39,Active
20260501,2026-05-01,E10285,D05,CC502,1.0,5630.51,Active
20260501,2026-05-01,E10286,D05,CC501,1.0,7339.86,Active
20260501,2026-05-01,E10287,D05,CC501,1.0,13082.37,Active
20260501,2026-05-01,E10288,D05,CC501,1.0,10347.26,Active
20260501,2026-05-01,E10289,D05,CC501,1.0,13680.37,Active
20260501,2026-05-01,E10290,D05,CC501,1.0,7669.85,Active
20260501,2026-05-01,E10292,D05,CC501,1.0,14935.51,Active
20260501,2026-05-01,E10293,D05,CC502,1.0,6688.05,Active
20260501,2026-05-01,E10294,D05,CC501,1.0,7435.66,Active
20260501,2026-05-01,E10295,D05,CC501,1.0,10100.2,Active
20260501,2026-05-01,E10298,D05,CC501,1.0,9498.95,Active
20260501,2026-05-01,E10299,D05,CC502,1.0,13640.14,Active
20260501,2026-05-01,E10300,D05,CC501,1.0,14049.93,Active
20260501,2026-05-01,E10301,D05,CC502,1.0,12063.85,Active
20260501,2026-05-01,E10302,D05,CC502,1.0,12380.4,Active
20260501,2026-05-01,E10304,D05,CC501,1.0,13510.95,Active
20260501,2026-05-01,E10305,D05,CC502,1.0,15219.52,Active
20260501,2026-05-01,E10306,D05,CC501,1.0,13647.77,Active
20260501,2026-05-01,E10307,D05,CC501,1.0,10764.08,Active
20260501,2026-05-01,E10308,D05,CC501,1.0,12308.86,Active
20260501,2026-05-01,E10309,D05,CC502,1.0,10227.72,Active
20260501,2026-05-01,E10310,D05,CC501,0.8,10030.83,Active
20260501,2026-05-01,E10311,D05,CC502,1.0,9932.99,Active
20260501,2026-05-01,E10312,D05,CC502,1.0,13367.4,Active
20260501,2026-05-01,E10313,D05,CC501,1.0,6032.13,Active
20260501,2026-05-01,E10314,D05,CC502,1.0,9522.82,Active
20260501,2026-05-01,E10315,D05,CC502,1.0,5531.2,Active
20260501,2026-05-01,E10316,D05,CC501,1.0,6081.03,Active
20260501,2026-05-01,E10317,D05,CC501,1.0,7303.78,Active
20260501,2026-05-01,E10318,D05,CC502,1.0,10087.18,Active
20260501,2026-05-01,E10319,D05,CC502,0.8,6104.16,Active
20260501,2026-05-01,E10320,D05,CC502,1.0,8746.1,Active
20260501,2026-05-01,E10321,D05,CC501,1.0,13771.32,Active
20260501,2026-05-01,E10322,D05,CC502,1.0,7346.22,Active
20260501,2026-05-01,E10323,D05,CC501,1.0,13501.16,Active
20260501,2026-05-01,E10324,D05,CC501,0.8,7992.38,Active
20260501,2026-05-01,E10325,D06,CC601,0.8,5714.47,Active
20260501,2026-05-01,E10326,D06,CC601,1.0,8848.37,Active
20260501,2026-05-01,E10327,D06,CC601,1.0,10680.59,Active
20260501,2026-05-01,E10328,D06,CC601,1.0,7617.83,Active
20260501,2026-05-01,E10329,D06,CC601,1.0,13432.85,Active
20260501,2026-05-01,E10330,D06,CC601,1.0,10033.19,Active
20260501,2026-05-01,E10331,D06,CC601,1.0,8706.81,Active
20260501,2026-05-01,E10332,D06,CC601,1.0,16217.04,Active
20260501,2026-05-01,E10333,D06,CC601,0.8,5741.03,Active
20260501,2026-05-01,E10334,D06,CC601,1.0,13547.14,Active
20260501,2026-05-01,E10335,D06,CC601,1.0,12254.89,Active
20260501,2026-05-01,E10336,D06,CC601,0.8,12301.95,Active
20260501,2026-05-01,E10337,D06,CC601,1.0,15283.99,Active
20260501,2026-05-01,E10338,D06,CC601,1.0,12540.26,Active
20260501,2026-05-01,E10339,D06,CC601,1.0,12785.73,Active
20260501,2026-05-01,E10340,D06,CC601,1.0,15631.71,Active
20260501,2026-05-01,E10342,D06,CC601,1.0,15907.81,Active
20260501,2026-05-01,E10343,D06,CC601,1.0,14882.8,Active
20260501,2026-05-01,E10344,D06,CC601,1.0,8797.89,Active
20260501,2026-05-01,E10345,D06,CC601,1.0,9892.68,Active
20260501,2026-05-01,E10346,D06,CC601,1.0,13874.99,Active
20260501,2026-05-01,E10347,D06,CC601,1.0,7756.17,Active
20260501,2026-05-01,E10349,D06,CC601,1.0,11069.22,Active
20260501,2026-05-01,E10350,D06,CC601,1.0,9453.4,Active
20260501,2026-05-01,E10351,D06,CC601,1.0,10972.0,Active
20260501,2026-05-01,E10352,D06,CC601,1.0,7706.72,Active
20260501,2026-05-01,E10353,D06,CC601,1.0,14071.21,Active
20260501,2026-05-01,E10354,D06,CC601,1.0,14840.92,Active
20260501,2026-05-01,E10355,D06,CC601,1.0,6327.99,Active
20260501,2026-05-01,E10356,D06,CC601,1.0,6108.52,Active
20260501,2026-05-01,E10357,D06,CC601,1.0,10769.19,Active
20260501,2026-05-01,E10359,D07,CC701,1.0,13908.31,Active
20260501,2026-05-01,E10360,D07,CC701,1.0,15724.26,Active
20260501,2026-05-01,E10361,D07,CC701,1.0,9150.75,Active
20260501,2026-05-01,E10362,D07,CC701,1.0,15210.01,Active
20260501,2026-05-01,E10363,D07,CC701,1.0,12681.87,Active
20260501,2026-05-01,E10364,D07,CC701,1.0,14788.45,Active
20260501,2026-05-01,E10365,D07,CC701,1.0,13011.27,Active
20260501,2026-05-01,E10366,D07,CC701,1.0,14852.68,Active
20260501,2026-05-01,E10367,D07,CC701,1.0,12116.3,Active
20260501,2026-05-01,E10368,D07,CC701,1.0,7553.42,Active
20260501,2026-05-01,E10369,D07,CC701,1.0,14934.6,Active
20260501,2026-05-01,E10370,D07,CC701,1.0,10730.42,Active
20260501,2026-05-01,E10371,D07,CC701,1.0,15658.79,Active
20260501,2026-05-01,E10372,D07,CC701,1.0,8722.09,Active
20260501,2026-05-01,E10373,D07,CC701,1.0,14826.67,Active
20260501,2026-05-01,E10374,D07,CC701,1.0,6347.59,Active
20260501,2026-05-01,E10375,D07,CC701,1.0,15783.07,Active
20260501,2026-05-01,E10376,D07,CC701,1.0,7733.52,Active
20260501,2026-05-01,E10377,D07,CC701,1.0,13294.72,Active
20260501,2026-05-01,E10378,D07,CC701,1.0,13697.73,Active
20260501,2026-05-01,E10379,D07,CC701,1.0,15753.25,Active
20260501,2026-05-01,E10380,D07,CC701,1.0,12250.73,Active
20260501,2026-05-01,E10381,D07,CC701,1.0,9132.75,Active
20260501,2026-05-01,E10382,D07,CC701,1.0,12049.69,Active
20260501,2026-05-01,E10383,D07,CC701,1.0,13481.32,Active
20260501,2026-05-01,E10384,D07,CC701,1.0,10089.28,Active
20260501,2026-05-01,E10385,D07,CC701,1.0,8548.1,Active
20260501,2026-05-01,E10386,D07,CC701,1.0,11872.49,Active
20260501,2026-05-01,E10387,D07,CC701,1.0,6889.24,Active
20260501,2026-05-01,E10388,D07,CC701,1.0,5444.3,Active
20260501,2026-05-01,E10389,D07,CC701,1.0,14493.74,Active
20260501,2026-05-01,E10390,D07,CC701,1.0,14186.59,Active
20260501,2026-05-01,E10391,D07,CC701,1.0,11806.06,Active
20260501,2026-05-01,E10392,D07,CC701,1.0,8915.76,Active
20260501,2026-05-01,E10393,D07,CC701,1.0,10406.32,Active
20260501,2026-05-01,E10394,D07,CC701,1.0,14566.51,Active
20260501,2026-05-01,E10395,D07,CC701,1.0,10897.01,Active
20260501,2026-05-01,E10396,D07,CC701,1.0,13210.39,Active
20260501,2026-05-01,E10397,D07,CC701,1.0,12981.05,Active
20260501,2026-05-01,E10398,D07,CC701,1.0,9148.84,Active
20260501,2026-05-01,E10399,D07,CC701,1.0,6057.59,Active
20260501,2026-05-01,E10400,D07,CC701,1.0,8634.5,Active
20260501,2026-05-01,E10401,D07,CC701,1.0,9117.34,Active
20260501,2026-05-01,E10402,D07,CC701,1.0,9641.75,Active
20260501,2026-05-01,E10403,D08,CC802,1.0,7542.87,Active
20260501,2026-05-01,E10404,D08,CC801,1.0,13674.95,Active
20260501,2026-05-01,E10405,D08,CC801,1.0,7264.48,Active
20260501,2026-05-01,E10406,D08,CC801,1.0,8574.05,Active
20260501,2026-05-01,E10407,D08,CC801,1.0,13551.76,Active
20260501,2026-05-01,E10408,D08,CC801,1.0,11717.33,Active
20260501,2026-05-01,E10409,D08,CC801,1.0,10018.38,Active
20260501,2026-05-01,E10410,D08,CC801,1.0,7363.42,Active
20260501,2026-05-01,E10411,D08,CC802,1.0,12513.18,Active
20260501,2026-05-01,E10412,D08,CC801,1.0,9800.55,Active
20260501,2026-05-01,E10413,D08,CC801,1.0,10769.74,Active
20260501,2026-05-01,E10414,D08,CC801,0.8,12902.21,Active
20260501,2026-05-01,E10415,D08,CC802,1.0,12534.47,Active
20260501,2026-05-01,E10416,D08,CC801,1.0,6727.39,Active
20260501,2026-05-01,E10417,D08,CC801,1.0,12650.73,Active
20260501,2026-05-01,E10418,D08,CC802,1.0,16229.97,Active
20260501,2026-05-01,E10419,D08,CC801,1.0,6486.53,Active
20260501,2026-05-01,E10420,D08,CC802,1.0,12441.63,Active
20260501,2026-05-01,E10421,D08,CC801,1.0,6512.01,Active
20260501,2026-05-01,E10422,D08,CC801,1.0,14334.89,Active
20260501,2026-05-01,E10423,D08,CC802,1.0,11326.33,Active
20260501,2026-05-01,E10424,D08,CC801,0.8,9428.5,Active
20260501,2026-05-01,E10425,D08,CC801,1.0,15053.91,Active
20260501,2026-05-01,E10426,D08,CC802,1.0,5480.97,Active
20260501,2026-05-01,E10427,D08,CC801,1.0,6814.32,Active
20260501,2026-05-01,E10429,D08,CC802,1.0,11015.98,Active
20260501,2026-05-01,E10430,D08,CC801,1.0,15892.79,Active
20260501,2026-05-01,E10431,D08,CC802,1.0,15589.35,Active
20260501,2026-05-01,E10432,D08,CC802,1.0,11626.98,Active
20260501,2026-05-01,E10433,D08,CC801,1.0,16323.18,Active
20260501,2026-05-01,E10434,D08,CC801,1.0,5926.3,Active
20260501,2026-05-01,E10435,D08,CC801,1.0,14846.27,Active
20260501,2026-05-01,E10436,D08,CC802,1.0,7836.54,Active
20260501,2026-05-01,E10437,D08,CC801,1.0,12177.44,Active
20260501,2026-05-01,E10438,D08,CC801,1.0,9529.28,Active
20260501,2026-05-01,E10439,D08,CC802,1.0,15796.77,Active
20260501,2026-05-01,E10440,D08,CC802,1.0,6172.14,Active
20260501,2026-05-01,E10441,D08,CC801,1.0,11623.49,Active
20260501,2026-05-01,E10442,D08,CC802,1.0,8841.21,Active
20260501,2026-05-01,E10443,D08,CC802,1.0,8148.63,Active
20260501,2026-05-01,E10444,D08,CC802,1.0,12931.31,Active
20260501,2026-05-01,E10445,D08,CC802,1.0,6442.18,Active
20260501,2026-05-01,E10446,D08,CC802,1.0,14184.84,Active
20260501,2026-05-01,E10448,D08,CC802,1.0,13239.34,Active
20260501,2026-05-01,E10449,D08,CC802,1.0,10704.09,Active
20260501,2026-05-01,E10450,D08,CC801,1.0,11388.98,Active
20260501,2026-05-01,E10451,D08,CC802,1.0,15841.82,Active
20260501,2026-05-01,E10452,D08,CC802,1.0,13394.7,Active
20260501,2026-05-01,E10453,D08,CC801,1.0,8317.26,Active
20260501,2026-05-01,E10454,D08,CC802,1.0,11486.54,Active
20260501,2026-05-01,E10455,D08,CC802,1.0,12267.68,Active
20260501,2026-05-01,E10456,D08,CC802,1.0,9900.33,Active
20260501,2026-05-01,E10457,D08,CC802,1.0,9264.51,Active
20260501,2026-05-01,E10458,D08,CC801,1.0,15800.12,Active
20260501,2026-05-01,E10459,D08,CC802,1.0,6374.41,Active
20260501,2026-05-01,E10460,D08,CC801,1.0,14480.68,Active
20260501,2026-05-01,E10461,D08,CC801,1.0,15641.84,Active
20260501,2026-05-01,E10462,D08,CC802,0.8,9079.54,Active
20260501,2026-05-01,E10463,D08,CC801,1.0,10132.13,Active
20260501,2026-05-01,E10464,D08,CC801,1.0,12865.95,Active
20260501,2026-05-01,E10466,D08,CC801,0.8,10832.41,Active
20260501,2026-05-01,E10467,D08,CC802,1.0,5968.2,Active
20260501,2026-05-01,E10468,D08,CC801,1.0,15097.35,Active
20260501,2026-05-01,E10469,D08,CC802,0.8,5574.0,Active
20260501,2026-05-01,E10470,D08,CC802,1.0,9539.05,Active
20260501,2026-05-01,E10473,D01,CC102,1.0,9308.88,Active
20260501,2026-05-01,E10474,D02,CC202,1.0,5847.74,Active
20260501,2026-05-01,E10475,D02,CC201,1.0,16355.01,Active
20260501,2026-05-01,E10477,D02,CC202,1.0,9905.99,Active
20260501,2026-05-01,E10483,D04,CC401,1.0,16437.06,Active
20260501,2026-05-01,E10484,D04,CC401,1.0,14791.3,Active
20260501,2026-05-01,E10485,D04,CC401,1.0,11200.8,Active
20260501,2026-05-01,E10486,D04,CC401,1.0,9990.99,Active
20260501,2026-05-01,E10489,D05,CC502,1.0,9831.71,Active
20260501,2026-05-01,E10490,D05,CC501,1.0,10014.89,Active
20260501,2026-05-01,E10491,D05,CC501,1.0,7984.1,Active
20260501,2026-05-01,E10492,D05,CC502,1.0,10320.15,Active
20260501,2026-05-01,E10493,D06,CC601,1.0,13396.45,Active
20260501,2026-05-01,E10498,D07,CC701,1.0,7192.97,Active
20260501,2026-05-01,E10499,D07,CC701,1.0,7384.33,Active
20260501,2026-05-01,E10500,D08,CC801,1.0,14568.49,Active
20260501,2026-05-01,E10501,D08,CC802,1.0,13750.98,Active
20260501,2026-05-01,E10505,D08,CC801,1.0,12942.52,Active
20260501,2026-05-01,E10506,D08,CC801,1.0,9173.8,Active
20260601,2026-06-01,E10002,D01,CC101,0.8,6746.19,Active
20260601,2026-06-01,E10003,D01,CC102,1.0,12493.98,Active
20260601,2026-06-01,E10004,D01,CC101,1.0,16313.32,Active
20260601,2026-06-01,E10005,D01,CC102,0.8,11252.77,Active
20260601,2026-06-01,E10006,D01,CC102,1.0,13387.92,Active
20260601,2026-06-01,E10007,D01,CC102,1.0,7361.58,Active
20260601,2026-06-01,E10009,D01,CC101,1.0,15763.68,Active
20260601,2026-06-01,E10010,D01,CC102,1.0,14218.78,Active
20260601,2026-06-01,E10011,D01,CC102,1.0,12686.84,Active
20260601,2026-06-01,E10012,D01,CC102,1.0,10236.3,Active
20260601,2026-06-01,E10013,D01,CC101,1.0,12044.05,Active
20260601,2026-06-01,E10014,D01,CC102,1.0,12031.03,Active
20260601,2026-06-01,E10015,D01,CC102,1.0,9205.69,Active
20260601,2026-06-01,E10016,D01,CC102,1.0,13176.97,Active
20260601,2026-06-01,E10017,D01,CC102,1.0,11099.95,Active
20260601,2026-06-01,E10018,D01,CC102,1.0,15361.9,Active
20260601,2026-06-01,E10019,D01,CC102,1.0,6826.82,Active
20260601,2026-06-01,E10020,D01,CC101,1.0,8667.8,Active
20260601,2026-06-01,E10022,D01,CC102,1.0,13161.51,Active
20260601,2026-06-01,E10023,D01,CC101,1.0,6378.94,Active
20260601,2026-06-01,E10024,D01,CC101,1.0,10408.56,Active
20260601,2026-06-01,E10025,D01,CC102,1.0,14833.57,Active
20260601,2026-06-01,E10026,D01,CC102,1.0,10285.61,Active
20260601,2026-06-01,E10027,D01,CC101,1.0,9091.67,Active
20260601,2026-06-01,E10028,D01,CC102,1.0,13602.47,Active
20260601,2026-06-01,E10029,D01,CC102,1.0,5671.04,Active
20260601,2026-06-01,E10030,D01,CC102,1.0,10332.97,Active
20260601,2026-06-01,E10031,D01,CC102,1.0,8734.93,Active
20260601,2026-06-01,E10032,D01,CC101,1.0,6457.2,Active
20260601,2026-06-01,E10033,D01,CC101,1.0,14411.43,Active
20260601,2026-06-01,E10034,D01,CC101,1.0,12447.62,Active
20260601,2026-06-01,E10035,D01,CC101,1.0,14688.63,Active
20260601,2026-06-01,E10036,D01,CC102,1.0,10370.58,Active
20260601,2026-06-01,E10038,D01,CC101,1.0,14782.77,Active
20260601,2026-06-01,E10039,D02,CC202,1.0,14440.22,Active
20260601,2026-06-01,E10040,D02,CC202,1.0,6560.76,Active
20260601,2026-06-01,E10041,D02,CC202,1.0,13524.56,Active
20260601,2026-06-01,E10042,D02,CC202,1.0,10767.99,Active
20260601,2026-06-01,E10043,D02,CC202,1.0,11163.74,Active
20260601,2026-06-01,E10044,D02,CC202,1.0,6149.64,Active
20260601,2026-06-01,E10045,D02,CC202,1.0,15601.48,Active
20260601,2026-06-01,E10046,D02,CC202,1.0,5670.83,Active
20260601,2026-06-01,E10047,D02,CC201,1.0,10188.25,Active
20260601,2026-06-01,E10048,D02,CC202,1.0,9192.96,Active
20260601,2026-06-01,E10049,D02,CC202,1.0,13214.5,Active
20260601,2026-06-01,E10050,D02,CC202,1.0,12731.34,Active
20260601,2026-06-01,E10051,D02,CC201,1.0,14560.83,Active
20260601,2026-06-01,E10052,D02,CC202,1.0,6399.0,Active
20260601,2026-06-01,E10053,D02,CC202,1.0,7216.99,Active
20260601,2026-06-01,E10054,D02,CC202,1.0,15708.97,Active
20260601,2026-06-01,E10055,D02,CC201,1.0,11387.31,Active
20260601,2026-06-01,E10056,D02,CC201,1.0,9324.7,Active
20260601,2026-06-01,E10057,D02,CC201,1.0,14992.38,Active
20260601,2026-06-01,E10058,D02,CC201,0.8,5349.01,Active
20260601,2026-06-01,E10059,D02,CC202,1.0,10648.63,Active
20260601,2026-06-01,E10060,D02,CC202,1.0,13653.75,Active
20260601,2026-06-01,E10061,D02,CC201,1.0,14859.68,Active
20260601,2026-06-01,E10062,D02,CC202,1.0,10225.64,Active
20260601,2026-06-01,E10063,D02,CC201,1.0,13881.59,Active
20260601,2026-06-01,E10065,D02,CC202,1.0,7120.54,Active
20260601,2026-06-01,E10066,D02,CC201,1.0,10933.06,Active
20260601,2026-06-01,E10067,D02,CC201,0.8,7321.05,Active
20260601,2026-06-01,E10068,D02,CC202,1.0,10157.5,Active
20260601,2026-06-01,E10069,D02,CC202,1.0,14189.53,Active
20260601,2026-06-01,E10070,D02,CC202,1.0,6344.95,Active
20260601,2026-06-01,E10071,D02,CC201,1.0,12688.52,Active
20260601,2026-06-01,E10072,D02,CC202,1.0,7852.04,Active
20260601,2026-06-01,E10073,D02,CC202,1.0,15233.52,Active
20260601,2026-06-01,E10074,D02,CC201,1.0,13684.46,Active
20260601,2026-06-01,E10075,D02,CC201,1.0,9741.7,Active
20260601,2026-06-01,E10077,D02,CC202,1.0,9976.86,Active
20260601,2026-06-01,E10078,D02,CC202,1.0,5591.07,Active
20260601,2026-06-01,E10079,D02,CC202,1.0,7087.23,Active
20260601,2026-06-01,E10080,D02,CC202,1.0,15140.83,Active
20260601,2026-06-01,E10081,D02,CC202,1.0,13953.52,Active
20260601,2026-06-01,E10082,D02,CC202,1.0,6335.57,Active
20260601,2026-06-01,E10083,D02,CC201,1.0,13511.13,Active
20260601,2026-06-01,E10084,D02,CC201,1.0,8453.34,Active
20260601,2026-06-01,E10085,D02,CC201,1.0,11032.82,Active
20260601,2026-06-01,E10087,D02,CC201,1.0,6628.43,Active
20260601,2026-06-01,E10088,D02,CC201,1.0,10991.61,Active
20260601,2026-06-01,E10089,D02,CC202,1.0,15755.88,Active
20260601,2026-06-01,E10090,D02,CC202,1.0,5514.35,Active
20260601,2026-06-01,E10091,D02,CC201,1.0,16234.2,Active
20260601,2026-06-01,E10092,D02,CC201,1.0,12798.04,Active
20260601,2026-06-01,E10093,D02,CC202,1.0,8060.34,Active
20260601,2026-06-01,E10094,D02,CC202,1.0,14302.38,Active
20260601,2026-06-01,E10095,D02,CC201,1.0,14514.27,Active
20260601,2026-06-01,E10097,D02,CC202,1.0,11053.03,Active
20260601,2026-06-01,E10098,D02,CC202,1.0,12358.39,Active
20260601,2026-06-01,E10099,D02,CC201,1.0,10021.82,Active
20260601,2026-06-01,E10100,D02,CC202,1.0,10681.64,Active
20260601,2026-06-01,E10101,D02,CC201,1.0,10906.55,Active
20260601,2026-06-01,E10102,D02,CC201,1.0,5776.24,Active
20260601,2026-06-01,E10103,D02,CC202,1.0,15618.38,Active
20260601,2026-06-01,E10104,D02,CC201,1.0,11661.77,Active
20260601,2026-06-01,E10105,D02,CC202,1.0,9552.54,Active
20260601,2026-06-01,E10106,D02,CC201,0.8,4581.63,Active
20260601,2026-06-01,E10107,D02,CC202,1.0,10037.61,Active
20260601,2026-06-01,E10108,D02,CC202,1.0,14321.41,Active
20260601,2026-06-01,E10109,D02,CC201,1.0,9262.56,Active
20260601,2026-06-01,E10110,D02,CC202,1.0,8815.86,Active
20260601,2026-06-01,E10111,D02,CC201,1.0,10519.03,Active
20260601,2026-06-01,E10112,D02,CC202,1.0,10487.31,Active
20260601,2026-06-01,E10113,D02,CC201,1.0,13403.7,Active
20260601,2026-06-01,E10114,D02,CC201,1.0,9837.39,Active
20260601,2026-06-01,E10115,D02,CC202,1.0,5983.83,Active
20260601,2026-06-01,E10116,D02,CC201,1.0,14835.34,Active
20260601,2026-06-01,E10117,D02,CC202,1.0,13751.78,Active
20260601,2026-06-01,E10118,D02,CC201,1.0,12400.38,Active
20260601,2026-06-01,E10119,D02,CC201,1.0,11213.58,Active
20260601,2026-06-01,E10120,D02,CC201,1.0,13602.1,Active
20260601,2026-06-01,E10121,D02,CC201,1.0,11249.03,Active
20260601,2026-06-01,E10122,D02,CC202,1.0,8045.78,Active
20260601,2026-06-01,E10123,D02,CC202,1.0,12133.18,Active
20260601,2026-06-01,E10125,D02,CC202,1.0,8979.56,Active
20260601,2026-06-01,E10127,D02,CC201,1.0,13636.83,Active
20260601,2026-06-01,E10128,D02,CC201,1.0,12869.57,Active
20260601,2026-06-01,E10129,D02,CC201,1.0,7410.38,Active
20260601,2026-06-01,E10130,D02,CC202,0.8,7119.92,Active
20260601,2026-06-01,E10131,D03,CC301,1.0,15679.74,Active
20260601,2026-06-01,E10132,D03,CC301,1.0,13577.79,Active
20260601,2026-06-01,E10133,D03,CC301,0.8,8690.07,Active
20260601,2026-06-01,E10134,D03,CC301,1.0,11364.75,Active
20260601,2026-06-01,E10136,D03,CC301,1.0,11736.21,Active
20260601,2026-06-01,E10137,D03,CC301,1.0,12567.18,Active
20260601,2026-06-01,E10138,D03,CC301,1.0,10342.19,Active
20260601,2026-06-01,E10139,D03,CC301,1.0,16179.73,Active
20260601,2026-06-01,E10140,D03,CC301,1.0,15918.47,Active
20260601,2026-06-01,E10141,D03,CC301,1.0,15719.8,Active
20260601,2026-06-01,E10142,D03,CC301,1.0,15309.54,Active
20260601,2026-06-01,E10143,D03,CC301,1.0,12906.45,Active
20260601,2026-06-01,E10144,D03,CC301,0.8,8806.9,Active
20260601,2026-06-01,E10145,D03,CC301,1.0,11496.85,Active
20260601,2026-06-01,E10146,D03,CC301,1.0,6737.56,Active
20260601,2026-06-01,E10147,D03,CC301,1.0,14966.88,Active
20260601,2026-06-01,E10148,D03,CC301,1.0,14207.35,Active
20260601,2026-06-01,E10149,D03,CC301,1.0,13010.22,Active
20260601,2026-06-01,E10150,D03,CC301,1.0,8894.29,Active
20260601,2026-06-01,E10151,D03,CC301,1.0,9088.15,Active
20260601,2026-06-01,E10152,D03,CC301,1.0,5550.47,Active
20260601,2026-06-01,E10153,D03,CC301,1.0,15019.11,Active
20260601,2026-06-01,E10154,D03,CC301,0.8,11278.03,Active
20260601,2026-06-01,E10155,D03,CC301,1.0,12632.17,Active
20260601,2026-06-01,E10156,D03,CC301,0.8,7479.91,Active
20260601,2026-06-01,E10157,D03,CC301,1.0,9491.52,Active
20260601,2026-06-01,E10159,D03,CC301,0.8,9851.82,Active
20260601,2026-06-01,E10160,D03,CC301,1.0,15925.51,Active
20260601,2026-06-01,E10161,D03,CC301,1.0,13078.87,Active
20260601,2026-06-01,E10162,D03,CC301,1.0,14472.65,Active
20260601,2026-06-01,E10163,D03,CC301,1.0,11535.71,Active
20260601,2026-06-01,E10164,D03,CC301,1.0,12511.91,Active
20260601,2026-06-01,E10165,D03,CC301,1.0,13541.3,Active
20260601,2026-06-01,E10166,D03,CC301,1.0,14791.57,Active
20260601,2026-06-01,E10167,D03,CC301,1.0,5749.12,Active
20260601,2026-06-01,E10168,D03,CC301,1.0,5530.09,Active
20260601,2026-06-01,E10169,D03,CC301,1.0,8867.15,Active
20260601,2026-06-01,E10170,D03,CC301,1.0,11067.05,Active
20260601,2026-06-01,E10171,D03,CC301,1.0,5910.96,Active
20260601,2026-06-01,E10172,D03,CC301,1.0,10031.3,Active
20260601,2026-06-01,E10174,D03,CC301,1.0,9998.54,Active
20260601,2026-06-01,E10175,D03,CC301,1.0,9027.75,Active
20260601,2026-06-01,E10176,D03,CC301,1.0,14225.38,Active
20260601,2026-06-01,E10177,D03,CC301,1.0,10602.86,Active
20260601,2026-06-01,E10178,D03,CC301,1.0,11159.75,Active
20260601,2026-06-01,E10179,D03,CC301,1.0,12153.86,Active
20260601,2026-06-01,E10180,D03,CC301,1.0,6323.19,Active
20260601,2026-06-01,E10181,D03,CC301,0.8,11980.53,Active
20260601,2026-06-01,E10182,D03,CC301,0.8,8211.94,Active
20260601,2026-06-01,E10183,D03,CC301,1.0,6188.26,Active
20260601,2026-06-01,E10184,D03,CC301,1.0,9901.12,Active
20260601,2026-06-01,E10185,D03,CC301,1.0,14024.76,Active
20260601,2026-06-01,E10186,D03,CC301,1.0,13998.01,Active
20260601,2026-06-01,E10187,D03,CC301,1.0,12845.91,Active
20260601,2026-06-01,E10188,D03,CC301,1.0,11852.88,Active
20260601,2026-06-01,E10190,D03,CC301,1.0,10927.33,Active
20260601,2026-06-01,E10191,D03,CC301,1.0,12252.74,Active
20260601,2026-06-01,E10192,D03,CC301,1.0,5877.96,Active
20260601,2026-06-01,E10193,D03,CC301,1.0,11061.37,Active
20260601,2026-06-01,E10194,D03,CC301,1.0,11349.1,Active
20260601,2026-06-01,E10195,D03,CC301,1.0,11936.65,Active
20260601,2026-06-01,E10196,D03,CC301,1.0,11030.83,Active
20260601,2026-06-01,E10197,D03,CC301,1.0,14181.6,Active
20260601,2026-06-01,E10198,D03,CC301,1.0,16157.47,Active
20260601,2026-06-01,E10199,D03,CC301,1.0,12672.39,Active
20260601,2026-06-01,E10200,D03,CC301,1.0,14581.33,Active
20260601,2026-06-01,E10201,D04,CC401,1.0,9026.61,Active
20260601,2026-06-01,E10202,D04,CC401,1.0,15404.38,Active
20260601,2026-06-01,E10203,D04,CC401,1.0,12306.41,Active
20260601,2026-06-01,E10204,D04,CC401,1.0,8086.99,Active
20260601,2026-06-01,E10205,D04,CC401,0.8,6011.96,Active
20260601,2026-06-01,E10207,D04,CC401,1.0,7543.63,Active
20260601,2026-06-01,E10208,D04,CC401,1.0,7653.84,Active
20260601,2026-06-01,E10209,D04,CC401,1.0,8217.55,Active
20260601,2026-06-01,E10210,D04,CC401,1.0,8152.32,Active
20260601,2026-06-01,E10211,D04,CC401,1.0,8291.45,Active
20260601,2026-06-01,E10212,D04,CC401,1.0,6948.84,Active
20260601,2026-06-01,E10213,D04,CC401,1.0,8736.1,Active
20260601,2026-06-01,E10214,D04,CC401,1.0,12653.03,Active
20260601,2026-06-01,E10216,D04,CC401,1.0,9578.63,Active
20260601,2026-06-01,E10217,D04,CC401,1.0,13650.2,Active
20260601,2026-06-01,E10218,D04,CC401,1.0,7068.17,Active
20260601,2026-06-01,E10219,D04,CC401,1.0,8463.91,Active
20260601,2026-06-01,E10220,D04,CC401,1.0,15025.79,Active
20260601,2026-06-01,E10221,D04,CC401,1.0,14019.62,Active
20260601,2026-06-01,E10222,D04,CC401,1.0,13643.08,Active
20260601,2026-06-01,E10223,D04,CC401,1.0,7469.69,Active
20260601,2026-06-01,E10224,D04,CC401,1.0,13128.69,Active
20260601,2026-06-01,E10225,D04,CC401,0.8,7821.82,Active
20260601,2026-06-01,E10226,D04,CC401,1.0,7697.63,Active
20260601,2026-06-01,E10227,D04,CC401,1.0,10038.07,Active
20260601,2026-06-01,E10228,D04,CC401,1.0,14462.88,Active
20260601,2026-06-01,E10230,D04,CC401,1.0,10505.76,Active
20260601,2026-06-01,E10231,D04,CC401,1.0,10220.95,Active
20260601,2026-06-01,E10232,D04,CC401,1.0,9673.08,Active
20260601,2026-06-01,E10233,D04,CC401,1.0,12327.68,Active
20260601,2026-06-01,E10234,D04,CC401,1.0,10909.41,Active
20260601,2026-06-01,E10235,D04,CC401,1.0,6480.68,Active
20260601,2026-06-01,E10237,D04,CC401,1.0,14314.57,Active
20260601,2026-06-01,E10238,D04,CC401,0.8,12981.06,Active
20260601,2026-06-01,E10239,D04,CC401,1.0,8500.28,Active
20260601,2026-06-01,E10240,D04,CC401,1.0,14372.37,Active
20260601,2026-06-01,E10241,D04,CC401,1.0,16285.87,Active
20260601,2026-06-01,E10242,D04,CC401,1.0,13411.79,Active
20260601,2026-06-01,E10243,D04,CC401,1.0,11914.24,Active
20260601,2026-06-01,E10244,D04,CC401,1.0,6344.58,Active
20260601,2026-06-01,E10245,D04,CC401,1.0,13035.08,Active
20260601,2026-06-01,E10246,D04,CC401,1.0,11510.68,Active
20260601,2026-06-01,E10247,D04,CC401,1.0,6882.5,Active
20260601,2026-06-01,E10248,D04,CC401,1.0,14588.71,Active
20260601,2026-06-01,E10249,D05,CC502,1.0,12880.33,Active
20260601,2026-06-01,E10250,D05,CC501,1.0,11796.33,Active
20260601,2026-06-01,E10251,D05,CC502,1.0,15894.04,Active
20260601,2026-06-01,E10252,D05,CC502,1.0,11933.82,Active
20260601,2026-06-01,E10253,D05,CC502,1.0,9689.61,Active
20260601,2026-06-01,E10254,D05,CC502,0.8,7277.7,Active
20260601,2026-06-01,E10256,D05,CC501,1.0,12080.12,Active
20260601,2026-06-01,E10257,D05,CC502,1.0,15192.34,Active
20260601,2026-06-01,E10258,D05,CC501,1.0,8613.11,Active
20260601,2026-06-01,E10259,D05,CC502,1.0,5608.98,Active
20260601,2026-06-01,E10260,D05,CC501,1.0,16321.2,Active
20260601,2026-06-01,E10261,D05,CC502,1.0,13370.04,Active
20260601,2026-06-01,E10262,D05,CC502,1.0,7652.06,Active
20260601,2026-06-01,E10263,D05,CC502,0.8,9433.18,Active
20260601,2026-06-01,E10264,D05,CC502,1.0,13325.5,Active
20260601,2026-06-01,E10265,D05,CC502,1.0,16216.42,Active
20260601,2026-06-01,E10266,D05,CC501,1.0,11897.59,Active
20260601,2026-06-01,E10267,D05,CC502,1.0,11672.25,Active
20260601,2026-06-01,E10268,D05,CC501,1.0,5924.22,Active
20260601,2026-06-01,E10269,D05,CC502,1.0,15469.02,Active
20260601,2026-06-01,E10270,D05,CC501,1.0,14284.29,Active
20260601,2026-06-01,E10271,D05,CC502,1.0,15103.21,Active
20260601,2026-06-01,E10272,D05,CC501,1.0,12586.87,Active
20260601,2026-06-01,E10273,D05,CC501,1.0,5948.32,Active
20260601,2026-06-01,E10274,D05,CC501,1.0,11192.73,Active
20260601,2026-06-01,E10275,D05,CC501,1.0,9915.93,Active
20260601,2026-06-01,E10277,D05,CC501,1.0,8248.21,Active
20260601,2026-06-01,E10278,D05,CC502,1.0,9516.99,Active
20260601,2026-06-01,E10279,D05,CC501,1.0,5625.17,Active
20260601,2026-06-01,E10280,D05,CC502,1.0,13667.72,Active
20260601,2026-06-01,E10281,D05,CC502,1.0,12683.72,Active
20260601,2026-06-01,E10282,D05,CC501,1.0,8403.56,Active
20260601,2026-06-01,E10283,D05,CC501,1.0,11985.34,Active
20260601,2026-06-01,E10284,D05,CC501,1.0,13497.68,Active
20260601,2026-06-01,E10285,D05,CC502,1.0,5573.05,Active
20260601,2026-06-01,E10286,D05,CC501,1.0,7428.79,Active
20260601,2026-06-01,E10287,D05,CC501,1.0,12933.16,Active
20260601,2026-06-01,E10288,D05,CC501,1.0,10241.33,Active
20260601,2026-06-01,E10289,D05,CC501,1.0,13775.16,Active
20260601,2026-06-01,E10290,D05,CC501,1.0,7665.04,Active
20260601,2026-06-01,E10292,D05,CC501,1.0,15145.64,Active
20260601,2026-06-01,E10294,D05,CC501,0.8,6066.57,Active
20260601,2026-06-01,E10295,D05,CC501,1.0,10094.37,Active
20260601,2026-06-01,E10298,D05,CC501,1.0,9372.11,Active
20260601,2026-06-01,E10299,D05,CC502,1.0,13691.1,Active
20260601,2026-06-01,E10300,D05,CC501,1.0,14003.06,Active
20260601,2026-06-01,E10301,D05,CC502,1.0,11852.1,Active
20260601,2026-06-01,E10302,D05,CC502,1.0,12349.07,Active
20260601,2026-06-01,E10304,D05,CC501,1.0,13389.13,Active
20260601,2026-06-01,E10305,D05,CC502,1.0,15284.59,Active
20260601,2026-06-01,E10306,D05,CC501,1.0,13723.66,Active
20260601,2026-06-01,E10307,D05,CC501,1.0,10746.65,Active
20260601,2026-06-01,E10308,D05,CC501,1.0,12512.65,Active
20260601,2026-06-01,E10309,D05,CC502,1.0,10181.04,Active
20260601,2026-06-01,E10310,D05,CC501,1.0,12352.38,Active
20260601,2026-06-01,E10311,D05,CC502,1.0,9886.23,Active
20260601,2026-06-01,E10312,D05,CC502,1.0,13336.69,Active
20260601,2026-06-01,E10313,D05,CC501,1.0,5985.9,Active
20260601,2026-06-01,E10314,D05,CC502,1.0,9584.98,Active
20260601,2026-06-01,E10315,D05,CC502,1.0,5478.19,Active
20260601,2026-06-01,E10316,D05,CC501,1.0,6005.42,Active
20260601,2026-06-01,E10317,D05,CC501,1.0,7277.57,Active
20260601,2026-06-01,E10318,D05,CC502,1.0,10102.66,Active
20260601,2026-06-01,E10319,D05,CC502,1.0,7542.67,Active
20260601,2026-06-01,E10320,D05,CC502,1.0,8759.36,Active
20260601,2026-06-01,E10321,D05,CC501,1.0,13936.8,Active
20260601,2026-06-01,E10322,D05,CC502,1.0,7230.49,Active
20260601,2026-06-01,E10323,D05,CC501,1.0,13330.47,Active
20260601,2026-06-01,E10324,D05,CC501,0.8,8033.3,Active
20260601,2026-06-01,E10325,D06,CC601,1.0,7083.2,Active
20260601,2026-06-01,E10326,D06,CC601,1.0,8728.29,Active
20260601,2026-06-01,E10327,D06,CC601,1.0,10670.98,Active
20260601,2026-06-01,E10328,D06,CC601,0.8,6033.56,Active
20260601,2026-06-01,E10329,D06,CC601,1.0,13343.96,Active
20260601,2026-06-01,E10330,D06,CC601,1.0,9940.36,Active
20260601,2026-06-01,E10331,D06,CC601,1.0,8740.72,Active
20260601,2026-06-01,E10332,D06,CC601,1.0,16330.59,Active
20260601,2026-06-01,E10333,D06,CC601,1.0,7243.63,Active
20260601,2026-06-01,E10334,D06,CC601,1.0,13539.76,Active
20260601,2026-06-01,E10335,D06,CC601,1.0,12354.01,Active
20260601,2026-06-01,E10336,D06,CC601,1.0,15520.51,Active
20260601,2026-06-01,E10337,D06,CC601,1.0,15483.7,Active
20260601,2026-06-01,E10338,D06,CC601,1.0,12557.45,Active
20260601,2026-06-01,E10339,D06,CC601,1.0,12875.77,Active
20260601,2026-06-01,E10340,D06,CC601,1.0,15648.39,Active
20260601,2026-06-01,E10342,D06,CC601,1.0,15946.48,Active
20260601,2026-06-01,E10343,D06,CC601,1.0,14899.22,Active
20260601,2026-06-01,E10344,D06,CC601,1.0,8647.69,Active
20260601,2026-06-01,E10345,D06,CC601,1.0,9923.12,Active
20260601,2026-06-01,E10346,D06,CC601,1.0,13721.72,Active
20260601,2026-06-01,E10347,D06,CC601,1.0,7763.41,Active
20260601,2026-06-01,E10349,D06,CC601,1.0,11206.02,Active
20260601,2026-06-01,E10350,D06,CC601,1.0,9575.62,Active
20260601,2026-06-01,E10351,D06,CC601,1.0,10943.34,Active
20260601,2026-06-01,E10352,D06,CC601,1.0,7785.22,Active
20260601,2026-06-01,E10353,D06,CC601,1.0,14258.56,Active
20260601,2026-06-01,E10354,D06,CC601,1.0,14751.62,Active
20260601,2026-06-01,E10355,D06,CC601,1.0,6319.7,Active
20260601,2026-06-01,E10356,D06,CC601,0.8,4875.87,Active
20260601,2026-06-01,E10357,D06,CC601,1.0,10777.8,Active
20260601,2026-06-01,E10359,D07,CC701,0.8,11176.24,Active
20260601,2026-06-01,E10360,D07,CC701,1.0,15743.21,Active
20260601,2026-06-01,E10361,D07,CC701,1.0,9017.28,Active
20260601,2026-06-01,E10362,D07,CC701,1.0,15118.44,Active
20260601,2026-06-01,E10363,D07,CC701,1.0,12664.44,Active
20260601,2026-06-01,E10364,D07,CC701,1.0,14993.02,Active
20260601,2026-06-01,E10365,D07,CC701,0.8,10349.18,Active
20260601,2026-06-01,E10366,D07,CC701,1.0,14938.21,Active
20260601,2026-06-01,E10367,D07,CC701,1.0,12205.4,Active
20260601,2026-06-01,E10368,D07,CC701,0.8,5995.66,Active
20260601,2026-06-01,E10369,D07,CC701,1.0,14919.31,Active
20260601,2026-06-01,E10370,D07,CC701,1.0,10796.24,Active
20260601,2026-06-01,E10371,D07,CC701,1.0,15594.07,Active
20260601,2026-06-01,E10372,D07,CC701,0.8,6902.88,Active
20260601,2026-06-01,E10373,D07,CC701,1.0,14832.38,Active
20260601,2026-06-01,E10374,D07,CC701,1.0,6415.72,Active
20260601,2026-06-01,E10375,D07,CC701,1.0,15937.56,Active
20260601,2026-06-01,E10376,D07,CC701,1.0,7778.66,Active
20260601,2026-06-01,E10377,D07,CC701,1.0,13123.55,Active
20260601,2026-06-01,E10378,D07,CC701,1.0,13675.24,Active
20260601,2026-06-01,E10379,D07,CC701,1.0,15634.64,Active
20260601,2026-06-01,E10380,D07,CC701,0.8,9788.37,Active
20260601,2026-06-01,E10381,D07,CC701,1.0,9023.0,Active
20260601,2026-06-01,E10382,D07,CC701,1.0,11957.1,Active
20260601,2026-06-01,E10383,D07,CC701,1.0,13374.66,Active
20260601,2026-06-01,E10384,D07,CC701,1.0,10171.89,Active
20260601,2026-06-01,E10385,D07,CC701,0.8,6915.8,Active
20260601,2026-06-01,E10386,D07,CC701,1.0,11860.61,Active
20260601,2026-06-01,E10387,D07,CC701,1.0,6851.23,Active
20260601,2026-06-01,E10388,D07,CC701,0.8,4398.26,Active
20260601,2026-06-01,E10389,D07,CC701,1.0,14679.87,Active
20260601,2026-06-01,E10390,D07,CC701,1.0,14180.68,Active
20260601,2026-06-01,E10391,D07,CC701,1.0,11879.86,Active
20260601,2026-06-01,E10392,D07,CC701,1.0,8941.66,Active
20260601,2026-06-01,E10393,D07,CC701,1.0,10326.91,Active
20260601,2026-06-01,E10394,D07,CC701,1.0,14539.42,Active
20260601,2026-06-01,E10395,D07,CC701,1.0,10806.13,Active
20260601,2026-06-01,E10396,D07,CC701,1.0,13042.26,Active
20260601,2026-06-01,E10397,D07,CC701,1.0,12956.83,Active
20260601,2026-06-01,E10398,D07,CC701,1.0,9044.71,Active
20260601,2026-06-01,E10399,D07,CC701,1.0,5982.6,Active
20260601,2026-06-01,E10400,D07,CC701,1.0,8677.97,Active
20260601,2026-06-01,E10401,D07,CC701,1.0,9100.86,Active
20260601,2026-06-01,E10402,D07,CC701,1.0,9783.87,Active
20260601,2026-06-01,E10403,D08,CC802,1.0,7541.69,Active
20260601,2026-06-01,E10404,D08,CC801,1.0,13587.71,Active
20260601,2026-06-01,E10405,D08,CC801,0.8,5781.67,Active
20260601,2026-06-01,E10406,D08,CC801,1.0,8644.4,Active
20260601,2026-06-01,E10407,D08,CC801,1.0,13615.13,Active
20260601,2026-06-01,E10408,D08,CC801,1.0,11582.4,Active
20260601,2026-06-01,E10409,D08,CC801,1.0,10158.17,Active
20260601,2026-06-01,E10410,D08,CC801,1.0,7464.7,Active
20260601,2026-06-01,E10411,D08,CC802,1.0,12385.87,Active
20260601,2026-06-01,E10412,D08,CC801,1.0,9787.77,Active
20260601,2026-06-01,E10413,D08,CC801,1.0,10813.87,Active
20260601,2026-06-01,E10414,D08,CC801,1.0,16253.6,Active
20260601,2026-06-01,E10415,D08,CC802,1.0,12473.43,Active
20260601,2026-06-01,E10416,D08,CC801,1.0,6798.88,Active
20260601,2026-06-01,E10417,D08,CC801,1.0,12599.64,Active
20260601,2026-06-01,E10418,D08,CC802,1.0,16056.91,Active
20260601,2026-06-01,E10419,D08,CC801,1.0,6492.47,Active
20260601,2026-06-01,E10420,D08,CC802,1.0,12397.33,Active
20260601,2026-06-01,E10421,D08,CC801,1.0,6488.12,Active
20260601,2026-06-01,E10422,D08,CC801,1.0,14319.53,Active
20260601,2026-06-01,E10423,D08,CC802,1.0,11177.96,Active
20260601,2026-06-01,E10424,D08,CC801,1.0,11796.85,Active
20260601,2026-06-01,E10425,D08,CC801,1.0,15081.44,Active
20260601,2026-06-01,E10426,D08,CC802,1.0,5506.69,Active
20260601,2026-06-01,E10427,D08,CC801,1.0,6895.99,Active
20260601,2026-06-01,E10429,D08,CC802,1.0,10833.74,Active
20260601,2026-06-01,E10430,D08,CC801,1.0,16006.21,Active
20260601,2026-06-01,E10431,D08,CC802,0.8,12440.16,Active
20260601,2026-06-01,E10432,D08,CC802,1.0,11791.62,Active
20260601,2026-06-01,E10433,D08,CC801,1.0,16283.65,Active
20260601,2026-06-01,E10434,D08,CC801,1.0,5885.33,Active
20260601,2026-06-01,E10435,D08,CC801,1.0,14606.9,Active
20260601,2026-06-01,E10436,D08,CC802,1.0,7809.98,Active
20260601,2026-06-01,E10437,D08,CC801,1.0,12309.4,Active
20260601,2026-06-01,E10438,D08,CC801,0.8,7708.12,Active
20260601,2026-06-01,E10439,D08,CC802,1.0,15565.48,Active
20260601,2026-06-01,E10440,D08,CC802,1.0,6236.57,Active
20260601,2026-06-01,E10441,D08,CC801,1.0,11599.37,Active
20260601,2026-06-01,E10442,D08,CC802,1.0,8874.34,Active
20260601,2026-06-01,E10443,D08,CC802,1.0,8131.4,Active
20260601,2026-06-01,E10444,D08,CC802,1.0,12788.13,Active
20260601,2026-06-01,E10445,D08,CC802,1.0,6441.43,Active
20260601,2026-06-01,E10446,D08,CC802,1.0,14061.1,Active
20260601,2026-06-01,E10448,D08,CC802,0.8,10715.71,Active
20260601,2026-06-01,E10449,D08,CC802,1.0,10676.29,Active
20260601,2026-06-01,E10450,D08,CC801,1.0,11390.38,Active
20260601,2026-06-01,E10451,D08,CC802,1.0,15694.31,Active
20260601,2026-06-01,E10452,D08,CC802,1.0,13429.06,Active
20260601,2026-06-01,E10453,D08,CC801,1.0,8341.3,Active
20260601,2026-06-01,E10454,D08,CC802,1.0,11513.98,Active
20260601,2026-06-01,E10455,D08,CC802,1.0,12434.04,Active
20260601,2026-06-01,E10456,D08,CC802,1.0,9939.68,Active
20260601,2026-06-01,E10457,D08,CC802,1.0,9256.83,Active
20260601,2026-06-01,E10458,D08,CC801,1.0,15644.12,Active
20260601,2026-06-01,E10459,D08,CC802,0.8,5126.48,Active
20260601,2026-06-01,E10460,D08,CC801,1.0,14629.14,Active
20260601,2026-06-01,E10461,D08,CC801,1.0,15631.82,Active
20260601,2026-06-01,E10462,D08,CC802,1.0,11541.73,Active
20260601,2026-06-01,E10463,D08,CC801,1.0,10098.04,Active
20260601,2026-06-01,E10464,D08,CC801,1.0,12845.44,Active
20260601,2026-06-01,E10466,D08,CC801,1.0,13594.01,Active
20260601,2026-06-01,E10467,D08,CC802,1.0,5876.58,Active
20260601,2026-06-01,E10468,D08,CC801,1.0,14996.59,Active
20260601,2026-06-01,E10469,D08,CC802,1.0,6889.06,Active
20260601,2026-06-01,E10470,D08,CC802,0.8,7719.74,Active
20260601,2026-06-01,E10471,D01,CC101,1.0,16442.84,Active
20260601,2026-06-01,E10473,D01,CC102,1.0,9268.66,Active
20260601,2026-06-01,E10474,D02,CC202,1.0,5899.39,Active
20260601,2026-06-01,E10475,D02,CC201,1.0,16563.99,Active
20260601,2026-06-01,E10477,D02,CC202,1.0,9935.89,Active
20260601,2026-06-01,E10478,D02,CC201,1.0,9204.66,Active
20260601,2026-06-01,E10479,D03,CC301,1.0,16164.63,Active
20260601,2026-06-01,E10483,D04,CC401,1.0,16331.83,Active
20260601,2026-06-01,E10484,D04,CC401,0.8,11719.56,Active
20260601,2026-06-01,E10485,D04,CC401,1.0,11155.46,Active
20260601,2026-06-01,E10486,D04,CC401,1.0,10087.72,Active
20260601,2026-06-01,E10489,D05,CC502,1.0,9847.15,Active
20260601,2026-06-01,E10490,D05,CC501,1.0,9910.31,Active
20260601,2026-06-01,E10491,D05,CC501,1.0,8024.94,Active
20260601,2026-06-01,E10492,D05,CC502,1.0,10304.48,Active
20260601,2026-06-01,E10493,D06,CC601,1.0,13438.72,Active
20260601,2026-06-01,E10496,D07,CC701,1.0,14402.48,Active
20260601,2026-06-01,E10498,D07,CC701,1.0,7127.66,Active
20260601,2026-06-01,E10499,D07,CC701,1.0,7354.19,Active
20260601,2026-06-01,E10500,D08,CC801,1.0,14730.73,Active
20260601,2026-06-01,E10501,D08,CC802,1.0,13533.32,Active
20260601,2026-06-01,E10505,D08,CC801,1.0,12998.93,Active
20260601,2026-06-01,E10506,D08,CC801,1.0,9091.73,Active
20260701,2026-07-01,E10002,D01,CC101,0.8,6727.97,Active
20260701,2026-07-01,E10003,D01,CC102,1.0,12665.39,Active
20260701,2026-07-01,E10004,D01,CC101,1.0,16319.6,Active
20260701,2026-07-01,E10005,D01,CC102,1.0,14150.21,Active
20260701,2026-07-01,E10006,D01,CC102,1.0,13629.63,Active
20260701,2026-07-01,E10007,D01,CC102,1.0,7436.53,Active
20260701,2026-07-01,E10009,D01,CC101,1.0,15692.17,Active
20260701,2026-07-01,E10010,D01,CC102,1.0,14232.7,Active
20260701,2026-07-01,E10011,D01,CC102,1.0,12580.34,Active
20260701,2026-07-01,E10012,D01,CC102,1.0,10299.51,Active
20260701,2026-07-01,E10013,D01,CC101,1.0,11993.46,Active
20260701,2026-07-01,E10014,D01,CC102,1.0,12110.34,Active
20260701,2026-07-01,E10015,D01,CC102,0.8,7352.12,Active
20260701,2026-07-01,E10016,D01,CC102,0.8,10476.11,Active
20260701,2026-07-01,E10017,D01,CC102,1.0,11189.19,Active
20260701,2026-07-01,E10018,D01,CC102,1.0,15263.52,Active
20260701,2026-07-01,E10019,D01,CC102,1.0,6847.8,Active
20260701,2026-07-01,E10020,D01,CC101,1.0,8570.11,Active
20260701,2026-07-01,E10022,D01,CC102,1.0,13267.02,Active
20260701,2026-07-01,E10023,D01,CC101,1.0,6357.47,Active
20260701,2026-07-01,E10024,D01,CC101,1.0,10412.01,Active
20260701,2026-07-01,E10025,D01,CC102,1.0,15036.96,Active
20260701,2026-07-01,E10026,D01,CC102,1.0,10402.34,Active
20260701,2026-07-01,E10027,D01,CC101,1.0,9203.9,Active
20260701,2026-07-01,E10028,D01,CC102,1.0,13556.86,Active
20260701,2026-07-01,E10029,D01,CC102,1.0,5629.91,Active
20260701,2026-07-01,E10030,D01,CC102,0.8,8410.88,Active
20260701,2026-07-01,E10031,D01,CC102,1.0,8703.71,Active
20260701,2026-07-01,E10032,D01,CC101,1.0,6448.2,Active
20260701,2026-07-01,E10033,D01,CC101,1.0,14397.77,Active
20260701,2026-07-01,E10034,D01,CC101,1.0,12504.13,Active
20260701,2026-07-01,E10035,D01,CC101,1.0,14648.99,Active
20260701,2026-07-01,E10036,D01,CC102,1.0,10466.38,Active
20260701,2026-07-01,E10038,D01,CC101,1.0,14886.52,Active
20260701,2026-07-01,E10039,D02,CC202,1.0,14494.27,Active
20260701,2026-07-01,E10040,D02,CC202,1.0,6590.24,Active
20260701,2026-07-01,E10041,D02,CC202,0.8,10688.96,Active
20260701,2026-07-01,E10042,D02,CC202,1.0,10733.31,Active
20260701,2026-07-01,E10043,D02,CC202,1.0,11283.51,Active
20260701,2026-07-01,E10044,D02,CC202,1.0,6161.23,Active
20260701,2026-07-01,E10045,D02,CC202,1.0,15708.08,Active
20260701,2026-07-01,E10046,D02,CC202,1.0,5661.53,Active
20260701,2026-07-01,E10047,D02,CC201,1.0,10156.75,Active
20260701,2026-07-01,E10048,D02,CC202,1.0,9147.04,Active
20260701,2026-07-01,E10049,D02,CC202,1.0,13382.63,Active
20260701,2026-07-01,E10050,D02,CC202,0.8,10226.92,Active
20260701,2026-07-01,E10051,D02,CC201,1.0,14541.38,Active
20260701,2026-07-01,E10052,D02,CC202,1.0,6435.98,Active
20260701,2026-07-01,E10053,D02,CC202,1.0,7097.17,Active
20260701,2026-07-01,E10054,D02,CC202,1.0,15789.06,Active
20260701,2026-07-01,E10055,D02,CC201,1.0,11467.52,Active
20260701,2026-07-01,E10056,D02,CC201,1.0,9344.24,Active
20260701,2026-07-01,E10057,D02,CC201,1.0,15272.6,Active
20260701,2026-07-01,E10058,D02,CC201,1.0,6626.16,Active
20260701,2026-07-01,E10059,D02,CC202,1.0,10781.92,Active
20260701,2026-07-01,E10060,D02,CC202,1.0,13709.55,Active
20260701,2026-07-01,E10061,D02,CC201,1.0,14990.56,Active
20260701,2026-07-01,E10062,D02,CC202,1.0,10220.67,Active
20260701,2026-07-01,E10063,D02,CC201,1.0,14028.67,Active
20260701,2026-07-01,E10065,D02,CC202,1.0,7153.65,Active
20260701,2026-07-01,E10066,D02,CC201,1.0,10945.41,Active
20260701,2026-07-01,E10067,D02,CC201,1.0,9119.81,Active
20260701,2026-07-01,E10068,D02,CC202,1.0,10113.76,Active
20260701,2026-07-01,E10069,D02,CC202,1.0,14332.72,Active
20260701,2026-07-01,E10070,D02,CC202,1.0,6321.6,Active
20260701,2026-07-01,E10071,D02,CC201,1.0,12526.28,Active
20260701,2026-07-01,E10072,D02,CC202,1.0,7856.81,Active
20260701,2026-07-01,E10073,D02,CC202,1.0,15031.34,Active
20260701,2026-07-01,E10074,D02,CC201,1.0,13698.04,Active
20260701,2026-07-01,E10075,D02,CC201,1.0,9765.47,Active
20260701,2026-07-01,E10077,D02,CC202,1.0,9911.79,Active
20260701,2026-07-01,E10078,D02,CC202,1.0,5561.02,Active
20260701,2026-07-01,E10079,D02,CC202,1.0,7019.77,Active
20260701,2026-07-01,E10080,D02,CC202,0.8,12143.19,Active
20260701,2026-07-01,E10081,D02,CC202,1.0,13961.41,Active
20260701,2026-07-01,E10082,D02,CC202,1.0,6368.09,Active
20260701,2026-07-01,E10083,D02,CC201,1.0,13465.37,Active
20260701,2026-07-01,E10084,D02,CC201,1.0,8517.07,Active
20260701,2026-07-01,E10085,D02,CC201,1.0,11192.8,Active
20260701,2026-07-01,E10087,D02,CC201,1.0,6645.07,Active
20260701,2026-07-01,E10088,D02,CC201,1.0,11023.66,Active
20260701,2026-07-01,E10089,D02,CC202,1.0,15610.86,Active
20260701,2026-07-01,E10090,D02,CC202,1.0,5534.3,Active
20260701,2026-07-01,E10091,D02,CC201,1.0,16268.14,Active
20260701,2026-07-01,E10092,D02,CC201,1.0,12648.32,Active
20260701,2026-07-01,E10093,D02,CC202,1.0,8099.48,Active
20260701,2026-07-01,E10094,D02,CC202,1.0,14235.84,Active
20260701,2026-07-01,E10095,D02,CC201,1.0,14352.43,Active
20260701,2026-07-01,E10097,D02,CC202,1.0,11183.95,Active
20260701,2026-07-01,E10098,D02,CC202,1.0,12348.94,Active
20260701,2026-07-01,E10099,D02,CC201,1.0,9986.38,Active
20260701,2026-07-01,E10100,D02,CC202,1.0,10741.13,Active
20260701,2026-07-01,E10101,D02,CC201,1.0,11084.67,Active
20260701,2026-07-01,E10102,D02,CC201,1.0,5852.42,Active
20260701,2026-07-01,E10103,D02,CC202,1.0,15620.8,Active
20260701,2026-07-01,E10104,D02,CC201,1.0,11691.62,Active
20260701,2026-07-01,E10105,D02,CC202,1.0,9494.34,Active
20260701,2026-07-01,E10106,D02,CC201,1.0,5741.26,Active
20260701,2026-07-01,E10107,D02,CC202,1.0,10094.81,Active
20260701,2026-07-01,E10108,D02,CC202,1.0,14404.88,Active
20260701,2026-07-01,E10109,D02,CC201,1.0,9290.37,Active
20260701,2026-07-01,E10110,D02,CC202,1.0,8798.24,Active
20260701,2026-07-01,E10111,D02,CC201,1.0,10521.53,Active
20260701,2026-07-01,E10112,D02,CC202,1.0,10463.92,Active
20260701,2026-07-01,E10113,D02,CC201,1.0,13225.58,Active
20260701,2026-07-01,E10114,D02,CC201,1.0,9933.37,Active
20260701,2026-07-01,E10115,D02,CC202,1.0,6007.3,Active
20260701,2026-07-01,E10116,D02,CC201,1.0,14870.04,Active
20260701,2026-07-01,E10117,D02,CC202,1.0,13918.06,Active
20260701,2026-07-01,E10118,D02,CC201,1.0,12371.33,Active
20260701,2026-07-01,E10119,D02,CC201,1.0,11258.35,Active
20260701,2026-07-01,E10120,D02,CC201,0.8,10905.24,Active
20260701,2026-07-01,E10121,D02,CC201,1.0,11200.94,Active
20260701,2026-07-01,E10122,D02,CC202,1.0,8191.91,Active
20260701,2026-07-01,E10123,D02,CC202,1.0,11935.96,Active
20260701,2026-07-01,E10125,D02,CC202,1.0,8908.78,Active
20260701,2026-07-01,E10127,D02,CC201,1.0,13883.62,Active
20260701,2026-07-01,E10128,D02,CC201,1.0,12748.0,Active
20260701,2026-07-01,E10129,D02,CC201,1.0,7486.17,Active
20260701,2026-07-01,E10130,D02,CC202,1.0,8902.99,Active
20260701,2026-07-01,E10131,D03,CC301,1.0,15644.42,Active
20260701,2026-07-01,E10132,D03,CC301,1.0,13688.74,Active
20260701,2026-07-01,E10133,D03,CC301,1.0,10921.07,Active
20260701,2026-07-01,E10136,D03,CC301,1.0,11711.85,Active
20260701,2026-07-01,E10137,D03,CC301,1.0,12542.28,Active
20260701,2026-07-01,E10138,D03,CC301,1.0,10192.35,Active
20260701,2026-07-01,E10139,D03,CC301,1.0,16268.42,Active
20260701,2026-07-01,E10140,D03,CC301,1.0,15821.48,Active
20260701,2026-07-01,E10141,D03,CC301,0.8,12733.67,Active
20260701,2026-07-01,E10142,D03,CC301,1.0,15336.78,Active
20260701,2026-07-01,E10143,D03,CC301,1.0,12833.53,Active
20260701,2026-07-01,E10144,D03,CC301,1.0,10936.59,Active
20260701,2026-07-01,E10145,D03,CC301,1.0,11567.04,Active
20260701,2026-07-01,E10146,D03,CC301,1.0,6840.22,Active
20260701,2026-07-01,E10147,D03,CC301,1.0,14816.34,Active
20260701,2026-07-01,E10148,D03,CC301,1.0,14138.57,Active
20260701,2026-07-01,E10149,D03,CC301,1.0,13146.76,Active
20260701,2026-07-01,E10150,D03,CC301,1.0,8991.57,Active
20260701,2026-07-01,E10151,D03,CC301,1.0,9044.4,Active
20260701,2026-07-01,E10152,D03,CC301,1.0,5451.63,Active
20260701,2026-07-01,E10153,D03,CC301,1.0,15269.01,Active
20260701,2026-07-01,E10154,D03,CC301,1.0,13945.35,Active
20260701,2026-07-01,E10155,D03,CC301,1.0,12816.76,Active
20260701,2026-07-01,E10156,D03,CC301,0.8,7521.86,Active
20260701,2026-07-01,E10157,D03,CC301,1.0,9444.82,Active
20260701,2026-07-01,E10159,D03,CC301,1.0,12123.9,Active
20260701,2026-07-01,E10160,D03,CC301,1.0,16048.96,Active
20260701,2026-07-01,E10161,D03,CC301,1.0,13122.49,Active
20260701,2026-07-01,E10162,D03,CC301,1.0,14276.72,Active
20260701,2026-07-01,E10163,D03,CC301,1.0,11713.98,Active
20260701,2026-07-01,E10164,D03,CC301,1.0,12551.43,Active
20260701,2026-07-01,E10165,D03,CC301,1.0,13489.41,Active
20260701,2026-07-01,E10166,D03,CC301,1.0,14594.27,Active
20260701,2026-07-01,E10167,D03,CC301,1.0,5682.01,Active
20260701,2026-07-01,E10168,D03,CC301,1.0,5426.96,Active
20260701,2026-07-01,E10169,D03,CC301,0.8,7166.0,Active
20260701,2026-07-01,E10170,D03,CC301,1.0,11128.86,Active
20260701,2026-07-01,E10171,D03,CC301,1.0,5933.74,Active
20260701,2026-07-01,E10172,D03,CC301,1.0,10039.64,Active
20260701,2026-07-01,E10174,D03,CC301,1.0,10026.49,Active
20260701,2026-07-01,E10175,D03,CC301,1.0,8989.01,Active
20260701,2026-07-01,E10176,D03,CC301,1.0,14310.42,Active
20260701,2026-07-01,E10177,D03,CC301,1.0,10530.94,Active
20260701,2026-07-01,E10178,D03,CC301,1.0,11099.95,Active
20260701,2026-07-01,E10179,D03,CC301,1.0,12111.02,Active
20260701,2026-07-01,E10180,D03,CC301,1.0,6429.5,Active
20260701,2026-07-01,E10181,D03,CC301,1.0,15095.09,Active
20260701,2026-07-01,E10182,D03,CC301,1.0,10341.35,Active
20260701,2026-07-01,E10183,D03,CC301,0.8,4964.42,Active
20260701,2026-07-01,E10184,D03,CC301,1.0,9867.06,Active
20260701,2026-07-01,E10185,D03,CC301,1.0,14040.89,Active
20260701,2026-07-01,E10186,D03,CC301,1.0,14188.59,Active
20260701,2026-07-01,E10187,D03,CC301,1.0,12652.47,Active
20260701,2026-07-01,E10188,D03,CC301,1.0,11890.44,Active
20260701,2026-07-01,E10190,D03,CC301,1.0,11055.02,Active
20260701,2026-07-01,E10191,D03,CC301,1.0,12152.88,Active
20260701,2026-07-01,E10192,D03,CC301,1.0,5971.93,Active
20260701,2026-07-01,E10193,D03,CC301,1.0,10910.04,Active
20260701,2026-07-01,E10194,D03,CC301,1.0,11320.31,Active
20260701,2026-07-01,E10195,D03,CC301,0.8,9608.85,Active
20260701,2026-07-01,E10196,D03,CC301,1.0,11113.28,Active
20260701,2026-07-01,E10197,D03,CC301,1.0,14367.58,Active
20260701,2026-07-01,E10198,D03,CC301,0.8,12886.02,Active
20260701,2026-07-01,E10199,D03,CC301,1.0,12765.01,Active
20260701,2026-07-01,E10200,D03,CC301,1.0,14670.01,Active
20260701,2026-07-01,E10201,D04,CC401,1.0,9071.93,Active
20260701,2026-07-01,E10202,D04,CC401,1.0,15303.54,Active
20260701,2026-07-01,E10203,D04,CC401,1.0,12327.86,Active
20260701,2026-07-01,E10204,D04,CC401,1.0,8007.78,Active
20260701,2026-07-01,E10205,D04,CC401,1.0,7436.09,Active
20260701,2026-07-01,E10207,D04,CC401,1.0,7488.84,Active
20260701,2026-07-01,E10208,D04,CC401,1.0,7543.81,Active
20260701,2026-07-01,E10209,D04,CC401,1.0,8335.57,Active
20260701,2026-07-01,E10210,D04,CC401,1.0,8151.17,Active
20260701,2026-07-01,E10211,D04,CC401,1.0,8292.81,Active
20260701,2026-07-01,E10212,D04,CC401,1.0,6954.43,Active
20260701,2026-07-01,E10213,D04,CC401,1.0,8783.74,Active
20260701,2026-07-01,E10214,D04,CC401,1.0,12545.0,Active
20260701,2026-07-01,E10216,D04,CC401,0.8,7581.23,Active
20260701,2026-07-01,E10217,D04,CC401,1.0,13784.39,Active
20260701,2026-07-01,E10218,D04,CC401,0.8,5671.25,Active
20260701,2026-07-01,E10219,D04,CC401,1.0,8432.73,Active
20260701,2026-07-01,E10220,D04,CC401,1.0,14971.19,Active
20260701,2026-07-01,E10221,D04,CC401,1.0,14101.17,Active
20260701,2026-07-01,E10222,D04,CC401,0.8,10810.34,Active
20260701,2026-07-01,E10223,D04,CC401,1.0,7456.71,Active
20260701,2026-07-01,E10224,D04,CC401,1.0,13269.11,Active
20260701,2026-07-01,E10225,D04,CC401,1.0,9753.2,Active
20260701,2026-07-01,E10226,D04,CC401,1.0,7581.58,Active
20260701,2026-07-01,E10227,D04,CC401,1.0,10018.84,Active
20260701,2026-07-01,E10228,D04,CC401,0.8,11562.62,Active
20260701,2026-07-01,E10230,D04,CC401,1.0,10526.33,Active
20260701,2026-07-01,E10231,D04,CC401,1.0,10144.16,Active
20260701,2026-07-01,E10232,D04,CC401,1.0,9616.39,Active
20260701,2026-07-01,E10233,D04,CC401,1.0,12343.4,Active
20260701,2026-07-01,E10234,D04,CC401,1.0,10889.52,Active
20260701,2026-07-01,E10235,D04,CC401,1.0,6493.93,Active
20260701,2026-07-01,E10237,D04,CC401,1.0,14286.81,Active
20260701,2026-07-01,E10238,D04,CC401,1.0,16091.99,Active
20260701,2026-07-01,E10239,D04,CC401,1.0,8546.26,Active
20260701,2026-07-01,E10240,D04,CC401,1.0,14296.78,Active
20260701,2026-07-01,E10241,D04,CC401,1.0,16279.81,Active
20260701,2026-07-01,E10242,D04,CC401,1.0,13364.16,Active
20260701,2026-07-01,E10243,D04,CC401,1.0,11825.11,Active
20260701,2026-07-01,E10244,D04,CC401,1.0,6407.49,Active
20260701,2026-07-01,E10245,D04,CC401,1.0,13130.79,Active
20260701,2026-07-01,E10246,D04,CC401,1.0,11554.07,Active
20260701,2026-07-01,E10247,D04,CC401,1.0,6854.72,Active
20260701,2026-07-01,E10248,D04,CC401,1.0,14557.31,Active
20260701,2026-07-01,E10249,D05,CC502,1.0,12855.92,Active
20260701,2026-07-01,E10250,D05,CC501,1.0,11909.02,Active
20260701,2026-07-01,E10251,D05,CC502,1.0,15872.9,Active
20260701,2026-07-01,E10252,D05,CC502,1.0,12029.35,Active
20260701,2026-07-01,E10253,D05,CC502,1.0,9623.09,Active
20260701,2026-07-01,E10254,D05,CC502,1.0,9044.77,Active
20260701,2026-07-01,E10256,D05,CC501,1.0,12028.86,Active
20260701,2026-07-01,E10257,D05,CC502,1.0,15463.76,Active
20260701,2026-07-01,E10258,D05,CC501,1.0,8676.06,Active
20260701,2026-07-01,E10259,D05,CC502,1.0,5575.99,Active
20260701,2026-07-01,E10260,D05,CC501,1.0,16096.17,Active
20260701,2026-07-01,E10261,D05,CC502,1.0,13465.1,Active
20260701,2026-07-01,E10262,D05,CC502,1.0,7659.79,Active
20260701,2026-07-01,E10263,D05,CC502,1.0,11708.31,Active
20260701,2026-07-01,E10264,D05,CC502,1.0,13085.95,Active
20260701,2026-07-01,E10265,D05,CC502,1.0,16066.23,Active
20260701,2026-07-01,E10266,D05,CC501,1.0,12055.43,Active
20260701,2026-07-01,E10267,D05,CC502,1.0,11610.12,Active
20260701,2026-07-01,E10268,D05,CC501,1.0,5883.01,Active
20260701,2026-07-01,E10269,D05,CC502,1.0,15545.89,Active
20260701,2026-07-01,E10270,D05,CC501,1.0,14287.24,Active
20260701,2026-07-01,E10271,D05,CC502,1.0,15215.36,Active
20260701,2026-07-01,E10272,D05,CC501,0.8,10133.31,Active
20260701,2026-07-01,E10273,D05,CC501,1.0,5923.74,Active
20260701,2026-07-01,E10274,D05,CC501,1.0,11359.73,Active
20260701,2026-07-01,E10275,D05,CC501,1.0,9933.28,Active
20260701,2026-07-01,E10277,D05,CC501,1.0,8221.71,Active
20260701,2026-07-01,E10278,D05,CC502,1.0,9641.59,Active
20260701,2026-07-01,E10279,D05,CC501,1.0,5585.15,Active
20260701,2026-07-01,E10280,D05,CC502,1.0,13440.5,Active
20260701,2026-07-01,E10281,D05,CC502,1.0,12545.78,Active
20260701,2026-07-01,E10282,D05,CC501,1.0,8428.47,Active
20260701,2026-07-01,E10283,D05,CC501,1.0,12142.14,Active
20260701,2026-07-01,E10284,D05,CC501,1.0,13490.78,Active
20260701,2026-07-01,E10285,D05,CC502,1.0,5529.87,Active
20260701,2026-07-01,E10286,D05,CC501,1.0,7341.61,Active
20260701,2026-07-01,E10287,D05,CC501,1.0,12957.0,Active
20260701,2026-07-01,E10288,D05,CC501,1.0,10260.51,Active
20260701,2026-07-01,E10289,D05,CC501,0.8,11022.91,Active
20260701,2026-07-01,E10290,D05,CC501,1.0,7697.18,Active
20260701,2026-07-01,E10292,D05,CC501,1.0,15040.08,Active
20260701,2026-07-01,E10294,D05,CC501,1.0,7559.04,Active
20260701,2026-07-01,E10295,D05,CC501,1.0,10039.83,Active
20260701,2026-07-01,E10298,D05,CC501,1.0,9433.7,Active
20260701,2026-07-01,E10299,D05,CC502,1.0,13860.42,Active
20260701,2026-07-01,E10300,D05,CC501,1.0,14069.41,Active
20260701,2026-07-01,E10301,D05,CC502,1.0,11864.15,Active
20260701,2026-07-01,E10302,D05,CC502,1.0,12376.05,Active
20260701,2026-07-01,E10304,D05,CC501,1.0,13600.19,Active
20260701,2026-07-01,E10305,D05,CC502,1.0,15189.78,Active
20260701,2026-07-01,E10306,D05,CC501,1.0,13604.22,Active
20260701,2026-07-01,E10307,D05,CC501,1.0,10935.89,Active
20260701,2026-07-01,E10308,D05,CC501,1.0,12317.99,Active
20260701,2026-07-01,E10309,D05,CC502,1.0,10318.22,Active
20260701,2026-07-01,E10310,D05,CC501,1.0,12392.48,Active
20260701,2026-07-01,E10311,D05,CC502,1.0,9999.28,Active
20260701,2026-07-01,E10312,D05,CC502,1.0,13287.99,Active
20260701,2026-07-01,E10313,D05,CC501,1.0,6062.81,Active
20260701,2026-07-01,E10314,D05,CC502,1.0,9665.41,Active
20260701,2026-07-01,E10315,D05,CC502,1.0,5554.13,Active
20260701,2026-07-01,E10316,D05,CC501,1.0,5967.72,Active
20260701,2026-07-01,E10317,D05,CC501,1.0,7331.65,Active
20260701,2026-07-01,E10318,D05,CC502,1.0,10065.97,Active
20260701,2026-07-01,E10319,D05,CC502,1.0,7604.69,Active
20260701,2026-07-01,E10320,D05,CC502,1.0,8756.68,Active
20260701,2026-07-01,E10321,D05,CC501,1.0,13847.02,Active
20260701,2026-07-01,E10322,D05,CC502,1.0,7298.07,Active
20260701,2026-07-01,E10323,D05,CC501,1.0,13451.52,Active
20260701,2026-07-01,E10324,D05,CC501,1.0,10073.05,Active
20260701,2026-07-01,E10325,D06,CC601,0.8,5714.35,Active
20260701,2026-07-01,E10326,D06,CC601,0.8,7012.9,Active
20260701,2026-07-01,E10327,D06,CC601,1.0,10684.68,Active
20260701,2026-07-01,E10328,D06,CC601,1.0,7619.54,Active
20260701,2026-07-01,E10329,D06,CC601,1.0,13491.6,Active
20260701,2026-07-01,E10330,D06,CC601,1.0,9928.08,Active
20260701,2026-07-01,E10331,D06,CC601,1.0,8841.77,Active
20260701,2026-07-01,E10332,D06,CC601,1.0,16271.23,Active
20260701,2026-07-01,E10333,D06,CC601,1.0,7265.0,Active
20260701,2026-07-01,E10334,D06,CC601,1.0,13691.54,Active
20260701,2026-07-01,E10335,D06,CC601,1.0,12285.21,Active
20260701,2026-07-01,E10336,D06,CC601,1.0,15536.45,Active
20260701,2026-07-01,E10337,D06,CC601,1.0,15407.16,Active
20260701,2026-07-01,E10338,D06,CC601,1.0,12403.82,Active
20260701,2026-07-01,E10339,D06,CC601,1.0,12832.1,Active
20260701,2026-07-01,E10340,D06,CC601,1.0,15808.78,Active
20260701,2026-07-01,E10342,D06,CC601,1.0,16000.69,Active
20260701,2026-07-01,E10343,D06,CC601,1.0,14868.34,Active
20260701,2026-07-01,E10344,D06,CC601,0.8,6964.32,Active
20260701,2026-07-01,E10345,D06,CC601,1.0,9853.91,Active
20260701,2026-07-01,E10346,D06,CC601,1.0,13807.62,Active
20260701,2026-07-01,E10347,D06,CC601,1.0,7723.45,Active
20260701,2026-07-01,E10349,D06,CC601,0.8,8984.77,Active
20260701,2026-07-01,E10350,D06,CC601,1.0,9445.73,Active
20260701,2026-07-01,E10351,D06,CC601,1.0,10928.06,Active
20260701,2026-07-01,E10352,D06,CC601,1.0,7689.03,Active
20260701,2026-07-01,E10353,D06,CC601,1.0,14350.67,Active
20260701,2026-07-01,E10354,D06,CC601,1.0,14924.57,Active
20260701,2026-07-01,E10356,D06,CC601,1.0,6208.47,Active
20260701,2026-07-01,E10357,D06,CC601,1.0,10616.29,Active
20260701,2026-07-01,E10359,D07,CC701,0.8,11249.7,Active
20260701,2026-07-01,E10360,D07,CC701,1.0,15848.9,Active
20260701,2026-07-01,E10361,D07,CC701,1.0,9023.66,Active
20260701,2026-07-01,E10362,D07,CC701,1.0,15006.17,Active
20260701,2026-07-01,E10363,D07,CC701,1.0,12729.83,Active
20260701,2026-07-01,E10364,D07,CC701,1.0,14859.76,Active
20260701,2026-07-01,E10365,D07,CC701,1.0,12950.63,Active
20260701,2026-07-01,E10366,D07,CC701,1.0,14880.43,Active
20260701,2026-07-01,E10367,D07,CC701,1.0,12248.29,Active
20260701,2026-07-01,E10368,D07,CC701,1.0,7540.38,Active
20260701,2026-07-01,E10369,D07,CC701,1.0,15012.39,Active
20260701,2026-07-01,E10370,D07,CC701,1.0,10767.54,Active
20260701,2026-07-01,E10371,D07,CC701,1.0,15446.36,Active
20260701,2026-07-01,E10372,D07,CC701,1.0,8606.91,Active
20260701,2026-07-01,E10373,D07,CC701,1.0,14936.06,Active
20260701,2026-07-01,E10374,D07,CC701,1.0,6449.07,Active
20260701,2026-07-01,E10375,D07,CC701,1.0,15929.37,Active
20260701,2026-07-01,E10376,D07,CC701,1.0,7780.89,Active
20260701,2026-07-01,E10377,D07,CC701,1.0,13309.25,Active
20260701,2026-07-01,E10378,D07,CC701,1.0,13792.32,Active
20260701,2026-07-01,E10379,D07,CC701,1.0,15753.36,Active
20260701,2026-07-01,E10380,D07,CC701,1.0,12379.3,Active
20260701,2026-07-01,E10381,D07,CC701,1.0,8975.49,Active
20260701,2026-07-01,E10382,D07,CC701,1.0,11858.0,Active
20260701,2026-07-01,E10383,D07,CC701,1.0,13609.03,Active
20260701,2026-07-01,E10384,D07,CC701,1.0,10214.78,Active
20260701,2026-07-01,E10385,D07,CC701,1.0,8559.88,Active
20260701,2026-07-01,E10386,D07,CC701,1.0,11767.47,Active
20260701,2026-07-01,E10387,D07,CC701,1.0,6870.35,Active
20260701,2026-07-01,E10388,D07,CC701,1.0,5461.38,Active
20260701,2026-07-01,E10389,D07,CC701,1.0,14632.57,Active
20260701,2026-07-01,E10390,D07,CC701,1.0,14168.85,Active
20260701,2026-07-01,E10391,D07,CC701,0.8,9473.06,Active
20260701,2026-07-01,E10392,D07,CC701,1.0,8839.75,Active
20260701,2026-07-01,E10393,D07,CC701,1.0,10383.27,Active
20260701,2026-07-01,E10394,D07,CC701,1.0,14548.63,Active
20260701,2026-07-01,E10395,D07,CC701,1.0,10946.16,Active
20260701,2026-07-01,E10396,D07,CC701,1.0,13112.77,Active
20260701,2026-07-01,E10397,D07,CC701,1.0,13185.52,Active
20260701,2026-07-01,E10398,D07,CC701,1.0,9106.59,Active
20260701,2026-07-01,E10399,D07,CC701,1.0,6041.74,Active
20260701,2026-07-01,E10400,D07,CC701,1.0,8684.69,Active
20260701,2026-07-01,E10401,D07,CC701,1.0,9190.76,Active
20260701,2026-07-01,E10402,D07,CC701,1.0,9607.36,Active
20260701,2026-07-01,E10403,D08,CC802,1.0,7555.46,Active
20260701,2026-07-01,E10404,D08,CC801,1.0,13635.33,Active
20260701,2026-07-01,E10405,D08,CC801,1.0,7286.93,Active
20260701,2026-07-01,E10406,D08,CC801,1.0,8657.58,Active
20260701,2026-07-01,E10407,D08,CC801,1.0,13492.35,Active
20260701,2026-07-01,E10408,D08,CC801,1.0,11732.52,Active
20260701,2026-07-01,E10409,D08,CC801,0.8,8078.01,Active
20260701,2026-07-01,E10410,D08,CC801,1.0,7358.82,Active
20260701,2026-07-01,E10411,D08,CC802,1.0,12478.25,Active
20260701,2026-07-01,E10412,D08,CC801,0.8,7941.4,Active
20260701,2026-07-01,E10413,D08,CC801,1.0,10791.54,Active
20260701,2026-07-01,E10414,D08,CC801,1.0,16148.72,Active
20260701,2026-07-01,E10415,D08,CC802,1.0,12617.27,Active
20260701,2026-07-01,E10416,D08,CC801,1.0,6794.38,Active
20260701,2026-07-01,E10417,D08,CC801,0.8,10083.63,Active
20260701,2026-07-01,E10418,D08,CC802,1.0,16181.57,Active
20260701,2026-07-01,E10419,D08,CC801,1.0,6514.89,Active
20260701,2026-07-01,E10420,D08,CC802,1.0,12467.56,Active
20260701,2026-07-01,E10421,D08,CC801,1.0,6577.18,Active
20260701,2026-07-01,E10422,D08,CC801,1.0,14362.52,Active
20260701,2026-07-01,E10423,D08,CC802,1.0,11250.63,Active
20260701,2026-07-01,E10424,D08,CC801,1.0,11841.8,Active
20260701,2026-07-01,E10425,D08,CC801,1.0,15141.44,Active
20260701,2026-07-01,E10426,D08,CC802,1.0,5462.57,Active
20260701,2026-07-01,E10427,D08,CC801,1.0,6886.95,Active
20260701,2026-07-01,E10429,D08,CC802,1.0,10885.42,Active
20260701,2026-07-01,E10430,D08,CC801,1.0,16162.55,Active
20260701,2026-07-01,E10431,D08,CC802,1.0,15802.86,Active
20260701,2026-07-01,E10432,D08,CC802,1.0,11743.16,Active
20260701,2026-07-01,E10433,D08,CC801,1.0,16165.22,Active
20260701,2026-07-01,E10434,D08,CC801,1.0,5889.09,Active
20260701,2026-07-01,E10435,D08,CC801,1.0,14632.83,Active
20260701,2026-07-01,E10436,D08,CC802,1.0,7784.52,Active
20260701,2026-07-01,E10437,D08,CC801,1.0,12171.05,Active
20260701,2026-07-01,E10438,D08,CC801,1.0,9635.07,Active
20260701,2026-07-01,E10439,D08,CC802,1.0,15791.58,Active
20260701,2026-07-01,E10440,D08,CC802,1.0,6201.6,Active
20260701,2026-07-01,E10441,D08,CC801,1.0,11504.04,Active
20260701,2026-07-01,E10442,D08,CC802,1.0,8841.35,Active
20260701,2026-07-01,E10443,D08,CC802,0.8,6465.63,Active
20260701,2026-07-01,E10444,D08,CC802,1.0,12949.38,Active
20260701,2026-07-01,E10445,D08,CC802,1.0,6397.09,Active
20260701,2026-07-01,E10446,D08,CC802,1.0,14052.11,Active
20260701,2026-07-01,E10448,D08,CC802,1.0,13240.87,Active
20260701,2026-07-01,E10449,D08,CC802,1.0,10822.67,Active
20260701,2026-07-01,E10450,D08,CC801,1.0,11398.36,Active
20260701,2026-07-01,E10451,D08,CC802,1.0,15579.8,Active
20260701,2026-07-01,E10452,D08,CC802,1.0,13495.35,Active
20260701,2026-07-01,E10453,D08,CC801,1.0,8238.07,Active
20260701,2026-07-01,E10454,D08,CC802,1.0,11570.66,Active
20260701,2026-07-01,E10455,D08,CC802,1.0,12332.01,Active
20260701,2026-07-01,E10456,D08,CC802,1.0,9915.01,Active
20260701,2026-07-01,E10457,D08,CC802,1.0,9322.95,Active
20260701,2026-07-01,E10458,D08,CC801,1.0,15882.59,Active
20260701,2026-07-01,E10459,D08,CC802,1.0,6374.5,Active
20260701,2026-07-01,E10460,D08,CC801,0.8,11614.79,Active
20260701,2026-07-01,E10461,D08,CC801,1.0,15770.56,Active
20260701,2026-07-01,E10462,D08,CC802,1.0,11412.78,Active
20260701,2026-07-01,E10463,D08,CC801,1.0,10094.19,Active
20260701,2026-07-01,E10464,D08,CC801,1.0,12757.25,Active
20260701,2026-07-01,E10466,D08,CC801,1.0,13488.5,Active
20260701,2026-07-01,E10467,D08,CC802,1.0,5973.54,Active
20260701,2026-07-01,E10468,D08,CC801,1.0,15125.67,Active
20260701,2026-07-01,E10469,D08,CC802,1.0,6908.65,Active
20260701,2026-07-01,E10470,D08,CC802,1.0,9498.83,Active
20260701,2026-07-01,E10471,D01,CC101,1.0,16252.58,Active
20260701,2026-07-01,E10473,D01,CC102,0.8,7438.63,Active
20260701,2026-07-01,E10474,D02,CC202,1.0,5874.09,Active
20260701,2026-07-01,E10475,D02,CC201,1.0,16398.73,Active
20260701,2026-07-01,E10477,D02,CC202,1.0,9999.05,Active
20260701,2026-07-01,E10478,D02,CC201,1.0,9329.32,Active
20260701,2026-07-01,E10479,D03,CC301,1.0,16174.17,Active
20260701,2026-07-01,E10480,D03,CC301,1.0,9856.69,Active
20260701,2026-07-01,E10481,D03,CC301,1.0,11576.32,Active
20260701,2026-07-01,E10483,D04,CC401,1.0,16336.1,Active
20260701,2026-07-01,E10484,D04,CC401,1.0,14632.52,Active
20260701,2026-07-01,E10485,D04,CC401,1.0,11351.62,Active
20260701,2026-07-01,E10486,D04,CC401,0.8,7963.16,Active
20260701,2026-07-01,E10489,D05,CC502,1.0,9877.67,Active
20260701,2026-07-01,E10490,D05,CC501,1.0,9978.57,Active
20260701,2026-07-01,E10491,D05,CC501,1.0,8000.38,Active
20260701,2026-07-01,E10492,D05,CC502,1.0,10458.86,Active
20260701,2026-07-01,E10493,D06,CC601,1.0,13385.81,Active
20260701,2026-07-01,E10495,D06,CC601,1.0,11485.62,Active
20260701,2026-07-01,E10496,D07,CC701,1.0,14356.3,Active
20260701,2026-07-01,E10498,D07,CC701,1.0,7076.56,Active
20260701,2026-07-01,E10499,D07,CC701,1.0,7259.76,Active
20260701,2026-07-01,E10500,D08,CC801,1.0,14657.26,Active
20260701,2026-07-01,E10501,D08,CC802,1.0,13679.09,Active
20260701,2026-07-01,E10502,D08,CC801,1.0,16889.83,Active
20260701,2026-07-01,E10503,D08,CC802,1.0,11279.71,Active
20260701,2026-07-01,E10505,D08,CC801,1.0,12830.84,Active
20260701,2026-07-01,E10506,D08,CC801,1.0,9121.44,Active
20260801,2026-08-01,E10002,D01,CC101,1.0,8339.39,Active
20260801,2026-08-01,E10003,D01,CC102,1.0,12544.99,Active
20260801,2026-08-01,E10004,D01,CC101,0.8,13055.51,Active
20260801,2026-08-01,E10005,D01,CC102,1.0,13988.21,Active
20260801,2026-08-01,E10006,D01,CC102,1.0,13591.16,Active
20260801,2026-08-01,E10007,D01,CC102,1.0,7347.43,Active
20260801,2026-08-01,E10009,D01,CC101,1.0,15647.12,Active
20260801,2026-08-01,E10010,D01,CC102,1.0,14033.28,Active
20260801,2026-08-01,E10011,D01,CC102,1.0,12534.12,Active
20260801,2026-08-01,E10012,D01,CC102,0.8,8170.12,Active
20260801,2026-08-01,E10013,D01,CC101,0.8,9649.92,Active
20260801,2026-08-01,E10014,D01,CC102,1.0,12059.11,Active
20260801,2026-08-01,E10015,D01,CC102,1.0,9236.98,Active
20260801,2026-08-01,E10016,D01,CC102,1.0,13051.16,Active
20260801,2026-08-01,E10017,D01,CC102,1.0,11208.09,Active
20260801,2026-08-01,E10018,D01,CC102,1.0,15345.03,Active
20260801,2026-08-01,E10019,D01,CC102,1.0,6881.49,Active
20260801,2026-08-01,E10020,D01,CC101,0.8,6911.88,Active
20260801,2026-08-01,E10022,D01,CC102,0.8,10560.91,Active
20260801,2026-08-01,E10023,D01,CC101,1.0,6374.6,Active
20260801,2026-08-01,E10024,D01,CC101,1.0,10365.37,Active
20260801,2026-08-01,E10026,D01,CC102,1.0,10360.42,Active
20260801,2026-08-01,E10027,D01,CC101,1.0,9097.68,Active
20260801,2026-08-01,E10028,D01,CC102,1.0,13441.82,Active
20260801,2026-08-01,E10029,D01,CC102,1.0,5612.67,Active
20260801,2026-08-01,E10030,D01,CC102,0.8,8431.36,Active
20260801,2026-08-01,E10031,D01,CC102,1.0,8818.17,Active
20260801,2026-08-01,E10032,D01,CC101,1.0,6428.9,Active
20260801,2026-08-01,E10033,D01,CC101,0.8,11399.82,Active
20260801,2026-08-01,E10034,D01,CC101,1.0,12373.96,Active
20260801,2026-08-01,E10035,D01,CC101,1.0,14774.91,Active
20260801,2026-08-01,E10036,D01,CC102,0.8,8306.44,Active
20260801,2026-08-01,E10038,D01,CC101,1.0,14686.68,Active
20260801,2026-08-01,E10039,D02,CC202,1.0,14350.75,Active
20260801,2026-08-01,E10040,D02,CC202,1.0,6534.54,Active
20260801,2026-08-01,E10041,D02,CC202,1.0,13345.95,Active
20260801,2026-08-01,E10042,D02,CC202,1.0,10818.54,Active
20260801,2026-08-01,E10043,D02,CC202,1.0,11097.3,Active
20260801,2026-08-01,E10044,D02,CC202,1.0,6116.64,Active
20260801,2026-08-01,E10045,D02,CC202,1.0,15587.33,Active
20260801,2026-08-01,E10046,D02,CC202,1.0,5642.53,Active
20260801,2026-08-01,E10047,D02,CC201,1.0,10198.29,Active
20260801,2026-08-01,E10048,D02,CC202,1.0,9183.47,Active
20260801,2026-08-01,E10049,D02,CC202,1.0,13260.12,Active
20260801,2026-08-01,E10050,D02,CC202,0.8,10143.56,Active
20260801,2026-08-01,E10051,D02,CC201,1.0,14573.0,Active
20260801,2026-08-01,E10052,D02,CC202,1.0,6423.54,Active
20260801,2026-08-01,E10053,D02,CC202,1.0,7162.46,Active
20260801,2026-08-01,E10054,D02,CC202,1.0,15639.49,Active
20260801,2026-08-01,E10055,D02,CC201,1.0,11521.17,Active
20260801,2026-08-01,E10056,D02,CC201,1.0,9389.84,Active
20260801,2026-08-01,E10057,D02,CC201,1.0,15182.55,Active
20260801,2026-08-01,E10058,D02,CC201,1.0,6709.32,Active
20260801,2026-08-01,E10059,D02,CC202,1.0,10714.02,Active
20260801,2026-08-01,E10060,D02,CC202,1.0,13762.31,Active
20260801,2026-08-01,E10061,D02,CC201,1.0,14859.7,Active
20260801,2026-08-01,E10062,D02,CC202,1.0,10171.37,Active
20260801,2026-08-01,E10063,D02,CC201,1.0,13877.65,Active
20260801,2026-08-01,E10065,D02,CC202,1.0,7207.99,Active
20260801,2026-08-01,E10066,D02,CC201,1.0,10907.39,Active
20260801,2026-08-01,E10067,D02,CC201,1.0,9016.63,Active
20260801,2026-08-01,E10068,D02,CC202,1.0,10284.98,Active
20260801,2026-08-01,E10069,D02,CC202,1.0,14244.9,Active
20260801,2026-08-01,E10070,D02,CC202,1.0,6356.3,Active
20260801,2026-08-01,E10071,D02,CC201,1.0,12723.47,Active
20260801,2026-08-01,E10072,D02,CC202,1.0,7888.03,Active
20260801,2026-08-01,E10073,D02,CC202,1.0,15232.65,Active
20260801,2026-08-01,E10074,D02,CC201,1.0,13893.48,Active
20260801,2026-08-01,E10075,D02,CC201,1.0,9891.89,Active
20260801,2026-08-01,E10077,D02,CC202,1.0,9973.56,Active
20260801,2026-08-01,E10078,D02,CC202,1.0,5563.98,Active
20260801,2026-08-01,E10079,D02,CC202,1.0,7056.94,Active
20260801,2026-08-01,E10080,D02,CC202,1.0,15119.32,Active
20260801,2026-08-01,E10081,D02,CC202,1.0,13985.48,Active
20260801,2026-08-01,E10082,D02,CC202,1.0,6381.26,Active
20260801,2026-08-01,E10083,D02,CC201,1.0,13530.43,Active
20260801,2026-08-01,E10084,D02,CC201,1.0,8479.93,Active
20260801,2026-08-01,E10085,D02,CC201,1.0,11154.84,Active
20260801,2026-08-01,E10087,D02,CC201,1.0,6710.83,Active
20260801,2026-08-01,E10088,D02,CC201,1.0,10861.73,Active
20260801,2026-08-01,E10089,D02,CC202,1.0,15533.22,Active
20260801,2026-08-01,E10090,D02,CC202,1.0,5532.37,Active
20260801,2026-08-01,E10091,D02,CC201,1.0,16301.73,Active
20260801,2026-08-01,E10092,D02,CC201,1.0,12684.69,Active
20260801,2026-08-01,E10093,D02,CC202,1.0,8100.96,Active
20260801,2026-08-01,E10094,D02,CC202,1.0,14297.77,Active
20260801,2026-08-01,E10095,D02,CC201,1.0,14419.61,Active
20260801,2026-08-01,E10097,D02,CC202,1.0,11189.09,Active
20260801,2026-08-01,E10098,D02,CC202,0.8,9930.91,Active
20260801,2026-08-01,E10099,D02,CC201,1.0,9976.67,Active
20260801,2026-08-01,E10100,D02,CC202,1.0,10696.39,Active
20260801,2026-08-01,E10101,D02,CC201,1.0,11035.62,Active
20260801,2026-08-01,E10102,D02,CC201,1.0,5842.75,Active
20260801,2026-08-01,E10103,D02,CC202,1.0,15620.73,Active
20260801,2026-08-01,E10104,D02,CC201,1.0,11727.57,Active
20260801,2026-08-01,E10105,D02,CC202,1.0,9477.44,Active
20260801,2026-08-01,E10106,D02,CC201,1.0,5808.33,Active
20260801,2026-08-01,E10107,D02,CC202,1.0,9960.52,Active
20260801,2026-08-01,E10108,D02,CC202,1.0,14184.02,Active
20260801,2026-08-01,E10109,D02,CC201,0.8,7429.76,Active
20260801,2026-08-01,E10110,D02,CC202,1.0,8788.2,Active
20260801,2026-08-01,E10111,D02,CC201,1.0,10528.79,Active
20260801,2026-08-01,E10112,D02,CC202,1.0,10341.42,Active
20260801,2026-08-01,E10113,D02,CC201,1.0,13341.53,Active
20260801,2026-08-01,E10114,D02,CC201,1.0,9886.56,Active
20260801,2026-08-01,E10115,D02,CC202,1.0,5980.74,Active
20260801,2026-08-01,E10116,D02,CC201,1.0,14718.53,Active
20260801,2026-08-01,E10117,D02,CC202,1.0,13825.19,Active
20260801,2026-08-01,E10118,D02,CC201,1.0,12543.01,Active
20260801,2026-08-01,E10119,D02,CC201,1.0,11296.9,Active
20260801,2026-08-01,E10120,D02,CC201,1.0,13650.12,Active
20260801,2026-08-01,E10121,D02,CC201,1.0,11199.06,Active
20260801,2026-08-01,E10122,D02,CC202,1.0,8135.89,Active
20260801,2026-08-01,E10123,D02,CC202,1.0,12082.93,Active
20260801,2026-08-01,E10125,D02,CC202,1.0,8916.12,Active
20260801,2026-08-01,E10127,D02,CC201,1.0,13824.99,Active
20260801,2026-08-01,E10128,D02,CC201,1.0,12774.95,Active
20260801,2026-08-01,E10129,D02,CC201,1.0,7376.63,Active
20260801,2026-08-01,E10130,D02,CC202,1.0,8856.78,Active
20260801,2026-08-01,E10131,D03,CC301,1.0,15755.97,Active
20260801,2026-08-01,E10132,D03,CC301,1.0,13702.89,Active
20260801,2026-08-01,E10133,D03,CC301,0.8,8713.99,Active
20260801,2026-08-01,E10136,D03,CC301,1.0,11800.79,Active
20260801,2026-08-01,E10137,D03,CC301,1.0,12629.96,Active
20260801,2026-08-01,E10138,D03,CC301,1.0,10312.51,Active
20260801,2026-08-01,E10139,D03,CC301,1.0,16078.49,Active
20260801,2026-08-01,E10140,D03,CC301,1.0,15844.39,Active
20260801,2026-08-01,E10141,D03,CC301,1.0,15839.07,Active
20260801,2026-08-01,E10142,D03,CC301,1.0,15402.13,Active
20260801,2026-08-01,E10143,D03,CC301,1.0,12743.49,Active
20260801,2026-08-01,E10144,D03,CC301,1.0,11001.18,Active
20260801,2026-08-01,E10145,D03,CC301,0.8,9324.04,Active
20260801,2026-08-01,E10146,D03,CC301,1.0,6769.61,Active
20260801,2026-08-01,E10147,D03,CC301,1.0,14817.24,Active
20260801,2026-08-01,E10148,D03,CC301,1.0,14195.98,Active
20260801,2026-08-01,E10149,D03,CC301,1.0,13054.59,Active
20260801,2026-08-01,E10150,D03,CC301,1.0,8985.25,Active
20260801,2026-08-01,E10151,D03,CC301,1.0,8962.95,Active
20260801,2026-08-01,E10152,D03,CC301,1.0,5481.16,Active
20260801,2026-08-01,E10153,D03,CC301,1.0,15192.56,Active
20260801,2026-08-01,E10154,D03,CC301,1.0,14018.53,Active
20260801,2026-08-01,E10155,D03,CC301,1.0,12777.61,Active
20260801,2026-08-01,E10156,D03,CC301,1.0,9256.82,Active
20260801,2026-08-01,E10157,D03,CC301,0.8,7582.99,Active
20260801,2026-08-01,E10160,D03,CC301,1.0,15846.58,Active
20260801,2026-08-01,E10161,D03,CC301,1.0,13193.25,Active
20260801,2026-08-01,E10162,D03,CC301,1.0,14338.62,Active
20260801,2026-08-01,E10163,D03,CC301,1.0,11515.86,Active
20260801,2026-08-01,E10164,D03,CC301,1.0,12607.34,Active
20260801,2026-08-01,E10165,D03,CC301,1.0,13395.24,Active
20260801,2026-08-01,E10166,D03,CC301,1.0,14757.45,Active
20260801,2026-08-01,E10167,D03,CC301,1.0,5728.02,Active
20260801,2026-08-01,E10168,D03,CC301,1.0,5431.55,Active
20260801,2026-08-01,E10169,D03,CC301,1.0,9024.68,Active
20260801,2026-08-01,E10170,D03,CC301,1.0,11156.51,Active
20260801,2026-08-01,E10171,D03,CC301,1.0,5937.4,Active
20260801,2026-08-01,E10172,D03,CC301,1.0,10073.64,Active
20260801,2026-08-01,E10174,D03,CC301,1.0,10024.37,Active
20260801,2026-08-01,E10175,D03,CC301,1.0,8936.31,Active
20260801,2026-08-01,E10176,D03,CC301,1.0,14305.98,Active
20260801,2026-08-01,E10177,D03,CC301,1.0,10528.07,Active
20260801,2026-08-01,E10178,D03,CC301,1.0,11181.07,Active
20260801,2026-08-01,E10179,D03,CC301,1.0,12101.71,Active
20260801,2026-08-01,E10180,D03,CC301,1.0,6440.55,Active
20260801,2026-08-01,E10181,D03,CC301,1.0,15014.18,Active
20260801,2026-08-01,E10182,D03,CC301,1.0,10149.22,Active
20260801,2026-08-01,E10183,D03,CC301,1.0,6119.03,Active
20260801,2026-08-01,E10184,D03,CC301,1.0,9799.9,Active
20260801,2026-08-01,E10185,D03,CC301,1.0,13863.66,Active
20260801,2026-08-01,E10186,D03,CC301,1.0,14180.1,Active
20260801,2026-08-01,E10187,D03,CC301,1.0,12875.97,Active
20260801,2026-08-01,E10188,D03,CC301,1.0,11717.9,Active
20260801,2026-08-01,E10190,D03,CC301,1.0,10875.78,Active
20260801,2026-08-01,E10191,D03,CC301,1.0,12073.8,Active
20260801,2026-08-01,E10192,D03,CC301,1.0,5901.39,Active
20260801,2026-08-01,E10193,D03,CC301,1.0,11054.69,Active
20260801,2026-08-01,E10194,D03,CC301,1.0,11269.35,Active
20260801,2026-08-01,E10195,D03,CC301,1.0,11869.05,Active
20260801,2026-08-01,E10196,D03,CC301,1.0,11148.56,Active
20260801,2026-08-01,E10197,D03,CC301,1.0,14177.51,Active
20260801,2026-08-01,E10198,D03,CC301,1.0,16027.61,Active
20260801,2026-08-01,E10199,D03,CC301,1.0,12578.47,Active
20260801,2026-08-01,E10200,D03,CC301,1.0,14566.62,Active
20260801,2026-08-01,E10201,D04,CC401,1.0,9077.31,Active
20260801,2026-08-01,E10202,D04,CC401,1.0,15196.3,Active
20260801,2026-08-01,E10203,D04,CC401,1.0,12417.05,Active
20260801,2026-08-01,E10204,D04,CC401,1.0,8062.3,Active
20260801,2026-08-01,E10205,D04,CC401,1.0,7449.09,Active
20260801,2026-08-01,E10207,D04,CC401,1.0,7561.09,Active
20260801,2026-08-01,E10208,D04,CC401,1.0,7602.66,Active
20260801,2026-08-01,E10209,D04,CC401,1.0,8250.2,Active
20260801,2026-08-01,E10210,D04,CC401,1.0,8051.84,Active
20260801,2026-08-01,E10211,D04,CC401,1.0,8291.13,Active
20260801,2026-08-01,E10212,D04,CC401,1.0,6890.29,Active
20260801,2026-08-01,E10213,D04,CC401,1.0,8693.16,Active
20260801,2026-08-01,E10214,D04,CC401,1.0,12553.83,Active
20260801,2026-08-01,E10216,D04,CC401,1.0,9441.35,Active
20260801,2026-08-01,E10217,D04,CC401,1.0,13816.12,Active
20260801,2026-08-01,E10218,D04,CC401,1.0,7029.65,Active
20260801,2026-08-01,E10219,D04,CC401,1.0,8441.08,Active
20260801,2026-08-01,E10220,D04,CC401,0.8,12055.54,Active
20260801,2026-08-01,E10221,D04,CC401,1.0,14060.01,Active
20260801,2026-08-01,E10222,D04,CC401,1.0,13560.0,Active
20260801,2026-08-01,E10223,D04,CC401,1.0,7372.85,Active
20260801,2026-08-01,E10224,D04,CC401,1.0,13153.07,Active
20260801,2026-08-01,E10225,D04,CC401,1.0,9795.61,Active
20260801,2026-08-01,E10226,D04,CC401,1.0,7590.39,Active
20260801,2026-08-01,E10227,D04,CC401,1.0,10029.12,Active
20260801,2026-08-01,E10228,D04,CC401,1.0,14660.87,Active
20260801,2026-08-01,E10230,D04,CC401,1.0,10484.69,Active
20260801,2026-08-01,E10231,D04,CC401,1.0,10179.07,Active
20260801,2026-08-01,E10232,D04,CC401,1.0,9600.28,Active
20260801,2026-08-01,E10233,D04,CC401,1.0,12421.08,Active
20260801,2026-08-01,E10234,D04,CC401,1.0,10888.04,Active
20260801,2026-08-01,E10235,D04,CC401,1.0,6537.07,Active
20260801,2026-08-01,E10237,D04,CC401,1.0,14146.28,Active
20260801,2026-08-01,E10238,D04,CC401,1.0,16412.74,Active
20260801,2026-08-01,E10239,D04,CC401,1.0,8481.05,Active
20260801,2026-08-01,E10240,D04,CC401,1.0,14474.43,Active
20260801,2026-08-01,E10241,D04,CC401,1.0,16064.7,Active
20260801,2026-08-01,E10242,D04,CC401,1.0,13284.17,Active
20260801,2026-08-01,E10243,D04,CC401,1.0,11891.51,Active
20260801,2026-08-01,E10244,D04,CC401,1.0,6406.4,Active
20260801,2026-08-01,E10245,D04,CC401,1.0,12918.75,Active
20260801,2026-08-01,E10246,D04,CC401,1.0,11559.5,Active
20260801,2026-08-01,E10247,D04,CC401,1.0,6829.84,Active
20260801,2026-08-01,E10248,D04,CC401,1.0,14591.26,Active
20260801,2026-08-01,E10249,D05,CC502,1.0,12918.59,Active
20260801,2026-08-01,E10250,D05,CC501,1.0,11892.7,Active
20260801,2026-08-01,E10251,D05,CC502,1.0,15691.67,Active
20260801,2026-08-01,E10252,D05,CC502,1.0,11862.88,Active
20260801,2026-08-01,E10253,D05,CC502,1.0,9686.52,Active
20260801,2026-08-01,E10254,D05,CC502,1.0,9002.17,Active
20260801,2026-08-01,E10256,D05,CC501,1.0,11875.24,Active
20260801,2026-08-01,E10257,D05,CC502,1.0,15299.38,Active
20260801,2026-08-01,E10258,D05,CC501,1.0,8673.2,Active
20260801,2026-08-01,E10259,D05,CC502,0.8,4475.91,Active
20260801,2026-08-01,E10260,D05,CC501,1.0,16133.11,Active
20260801,2026-08-01,E10261,D05,CC502,1.0,13543.6,Active
20260801,2026-08-01,E10262,D05,CC502,1.0,7731.15,Active
20260801,2026-08-01,E10263,D05,CC502,1.0,11594.49,Active
20260801,2026-08-01,E10264,D05,CC502,1.0,13204.41,Active
20260801,2026-08-01,E10265,D05,CC502,1.0,16179.07,Active
20260801,2026-08-01,E10266,D05,CC501,1.0,11965.72,Active
20260801,2026-08-01,E10267,D05,CC502,1.0,11537.53,Active
20260801,2026-08-01,E10268,D05,CC501,1.0,5888.84,Active
20260801,2026-08-01,E10269,D05,CC502,1.0,15415.12,Active
20260801,2026-08-01,E10270,D05,CC501,1.0,14375.75,Active
20260801,2026-08-01,E10271,D05,CC502,1.0,15304.43,Active
20260801,2026-08-01,E10272,D05,CC501,1.0,12552.18,Active
20260801,2026-08-01,E10273,D05,CC501,1.0,5943.56,Active
20260801,2026-08-01,E10274,D05,CC501,0.8,8979.54,Active
20260801,2026-08-01,E10275,D05,CC501,0.8,7966.22,Active
20260801,2026-08-01,E10277,D05,CC501,1.0,8210.93,Active
20260801,2026-08-01,E10278,D05,CC502,1.0,9557.86,Active
20260801,2026-08-01,E10279,D05,CC501,1.0,5598.93,Active
20260801,2026-08-01,E10280,D05,CC502,1.0,13515.45,Active
20260801,2026-08-01,E10281,D05,CC502,0.8,10123.53,Active
20260801,2026-08-01,E10282,D05,CC501,1.0,8427.07,Active
20260801,2026-08-01,E10283,D05,CC501,1.0,12131.28,Active
20260801,2026-08-01,E10284,D05,CC501,1.0,13388.36,Active
20260801,2026-08-01,E10285,D05,CC502,1.0,5591.52,Active
20260801,2026-08-01,E10286,D05,CC501,1.0,7311.71,Active
20260801,2026-08-01,E10287,D05,CC501,1.0,12940.5,Active
20260801,2026-08-01,E10288,D05,CC501,1.0,10351.2,Active
20260801,2026-08-01,E10289,D05,CC501,1.0,13753.42,Active
20260801,2026-08-01,E10290,D05,CC501,1.0,7637.91,Active
20260801,2026-08-01,E10292,D05,CC501,1.0,14923.99,Active
20260801,2026-08-01,E10294,D05,CC501,1.0,7516.03,Active
20260801,2026-08-01,E10295,D05,CC501,1.0,9991.44,Active
20260801,2026-08-01,E10298,D05,CC501,1.0,9473.59,Active
20260801,2026-08-01,E10299,D05,CC502,1.0,13819.43,Active
20260801,2026-08-01,E10300,D05,CC501,1.0,13961.76,Active
20260801,2026-08-01,E10301,D05,CC502,1.0,12036.35,Active
20260801,2026-08-01,E10302,D05,CC502,1.0,12395.99,Active
20260801,2026-08-01,E10304,D05,CC501,1.0,13373.67,Active
20260801,2026-08-01,E10305,D05,CC502,1.0,15094.37,Active
20260801,2026-08-01,E10306,D05,CC501,1.0,13731.47,Active
20260801,2026-08-01,E10307,D05,CC501,1.0,10937.04,Active
20260801,2026-08-01,E10308,D05,CC501,1.0,12288.65,Active
20260801,2026-08-01,E10309,D05,CC502,1.0,10260.94,Active
20260801,2026-08-01,E10310,D05,CC501,1.0,12447.94,Active
20260801,2026-08-01,E10311,D05,CC502,0.8,7913.42,Active
20260801,2026-08-01,E10312,D05,CC502,1.0,13514.89,Active
20260801,2026-08-01,E10313,D05,CC501,1.0,6070.24,Active
20260801,2026-08-01,E10314,D05,CC502,0.8,7744.59,Active
20260801,2026-08-01,E10315,D05,CC502,1.0,5534.76,Active
20260801,2026-08-01,E10316,D05,CC501,1.0,5980.88,Active
20260801,2026-08-01,E10317,D05,CC501,1.0,7361.88,Active
20260801,2026-08-01,E10318,D05,CC502,1.0,10113.83,Active
20260801,2026-08-01,E10319,D05,CC502,1.0,7659.82,Active
20260801,2026-08-01,E10320,D05,CC502,1.0,8776.57,Active
20260801,2026-08-01,E10321,D05,CC501,1.0,13774.37,Active
20260801,2026-08-01,E10322,D05,CC502,1.0,7282.03,Active
20260801,2026-08-01,E10323,D05,CC501,1.0,13519.53,Active
20260801,2026-08-01,E10324,D05,CC501,1.0,10100.92,Active
20260801,2026-08-01,E10325,D06,CC601,1.0,7150.66,Active
20260801,2026-08-01,E10326,D06,CC601,1.0,8728.85,Active
20260801,2026-08-01,E10327,D06,CC601,1.0,10710.77,Active
20260801,2026-08-01,E10328,D06,CC601,1.0,7592.23,Active
20260801,2026-08-01,E10329,D06,CC601,1.0,13395.71,Active
20260801,2026-08-01,E10330,D06,CC601,1.0,9929.07,Active
20260801,2026-08-01,E10331,D06,CC601,1.0,8807.91,Active
20260801,2026-08-01,E10332,D06,CC601,1.0,16036.44,Active
20260801,2026-08-01,E10333,D06,CC601,1.0,7150.79,Active
20260801,2026-08-01,E10334,D06,CC601,1.0,13577.36,Active
20260801,2026-08-01,E10335,D06,CC601,1.0,12390.46,Active
20260801,2026-08-01,E10336,D06,CC601,1.0,15602.19,Active
20260801,2026-08-01,E10337,D06,CC601,1.0,15369.64,Active
20260801,2026-08-01,E10338,D06,CC601,1.0,12338.08,Active
20260801,2026-08-01,E10339,D06,CC601,1.0,12867.77,Active
20260801,2026-08-01,E10340,D06,CC601,1.0,15781.13,Active
20260801,2026-08-01,E10342,D06,CC601,1.0,15880.22,Active
20260801,2026-08-01,E10343,D06,CC601,1.0,14790.79,Active
20260801,2026-08-01,E10344,D06,CC601,1.0,8724.82,Active
20260801,2026-08-01,E10345,D06,CC601,1.0,9934.11,Active
20260801,2026-08-01,E10346,D06,CC601,1.0,13956.62,Active
20260801,2026-08-01,E10347,D06,CC601,1.0,7695.31,Active
20260801,2026-08-01,E10349,D06,CC601,1.0,11137.22,Active
20260801,2026-08-01,E10350,D06,CC601,1.0,9478.2,Active
20260801,2026-08-01,E10351,D06,CC601,1.0,10788.8,Active
20260801,2026-08-01,E10352,D06,CC601,1.0,7709.97,Active
20260801,2026-08-01,E10353,D06,CC601,1.0,14325.23,Active
20260801,2026-08-01,E10354,D06,CC601,1.0,14827.42,Active
20260801,2026-08-01,E10356,D06,CC601,0.8,4877.9,Active
20260801,2026-08-01,E10357,D06,CC601,1.0,10752.23,Active
20260801,2026-08-01,E10359,D07,CC701,1.0,14084.91,Active
20260801,2026-08-01,E10360,D07,CC701,1.0,16004.99,Active
20260801,2026-08-01,E10361,D07,CC701,1.0,9033.6,Active
20260801,2026-08-01,E10362,D07,CC701,1.0,15031.27,Active
20260801,2026-08-01,E10363,D07,CC701,1.0,12768.39,Active
20260801,2026-08-01,E10364,D07,CC701,1.0,14867.81,Active
20260801,2026-08-01,E10365,D07,CC701,1.0,13028.63,Active
20260801,2026-08-01,E10366,D07,CC701,1.0,14757.89,Active
20260801,2026-08-01,E10367,D07,CC701,1.0,12135.85,Active
20260801,2026-08-01,E10368,D07,CC701,1.0,7531.91,Active
20260801,2026-08-01,E10369,D07,CC701,1.0,14800.18,Active
20260801,2026-08-01,E10370,D07,CC701,1.0,10737.85,Active
20260801,2026-08-01,E10371,D07,CC701,1.0,15434.98,Active
20260801,2026-08-01,E10372,D07,CC701,1.0,8566.01,Active
20260801,2026-08-01,E10373,D07,CC701,1.0,15062.42,Active
20260801,2026-08-01,E10374,D07,CC701,1.0,6387.39,Active
20260801,2026-08-01,E10375,D07,CC701,0.8,12509.91,Active
20260801,2026-08-01,E10376,D07,CC701,1.0,7765.18,Active
20260801,2026-08-01,E10377,D07,CC701,1.0,13307.88,Active
20260801,2026-08-01,E10378,D07,CC701,1.0,13775.15,Active
20260801,2026-08-01,E10379,D07,CC701,1.0,15624.26,Active
20260801,2026-08-01,E10380,D07,CC701,1.0,12227.36,Active
20260801,2026-08-01,E10381,D07,CC701,1.0,8992.39,Active
20260801,2026-08-01,E10382,D07,CC701,1.0,11934.17,Active
20260801,2026-08-01,E10383,D07,CC701,1.0,13567.83,Active
20260801,2026-08-01,E10384,D07,CC701,1.0,10157.06,Active
20260801,2026-08-01,E10385,D07,CC701,1.0,8551.15,Active
20260801,2026-08-01,E10386,D07,CC701,1.0,11889.36,Active
20260801,2026-08-01,E10387,D07,CC701,1.0,6905.1,Active
20260801,2026-08-01,E10388,D07,CC701,0.8,4358.09,Active
20260801,2026-08-01,E10389,D07,CC701,1.0,14579.17,Active
20260801,2026-08-01,E10390,D07,CC701,0.8,11204.0,Active
20260801,2026-08-01,E10391,D07,CC701,1.0,11869.71,Active
20260801,2026-08-01,E10392,D07,CC701,1.0,8841.6,Active
20260801,2026-08-01,E10393,D07,CC701,1.0,10456.08,Active
20260801,2026-08-01,E10394,D07,CC701,0.8,11632.94,Active
20260801,2026-08-01,E10395,D07,CC701,1.0,10930.56,Active
20260801,2026-08-01,E10396,D07,CC701,0.8,10496.86,Active
20260801,2026-08-01,E10397,D07,CC701,1.0,12999.87,Active
20260801,2026-08-01,E10398,D07,CC701,1.0,9061.04,Active
20260801,2026-08-01,E10399,D07,CC701,1.0,6041.01,Active
20260801,2026-08-01,E10400,D07,CC701,0.8,6976.16,Active
20260801,2026-08-01,E10401,D07,CC701,1.0,9123.99,Active
20260801,2026-08-01,E10402,D07,CC701,1.0,9611.73,Active
20260801,2026-08-01,E10403,D08,CC802,1.0,7621.65,Active
20260801,2026-08-01,E10404,D08,CC801,1.0,13655.02,Active
20260801,2026-08-01,E10405,D08,CC801,1.0,7229.23,Active
20260801,2026-08-01,E10406,D08,CC801,1.0,8585.4,Active
20260801,2026-08-01,E10407,D08,CC801,1.0,13502.01,Active
20260801,2026-08-01,E10408,D08,CC801,1.0,11704.55,Active
20260801,2026-08-01,E10409,D08,CC801,1.0,10159.54,Active
20260801,2026-08-01,E10410,D08,CC801,1.0,7371.0,Active
20260801,2026-08-01,E10411,D08,CC802,1.0,12547.5,Active
20260801,2026-08-01,E10412,D08,CC801,1.0,9757.78,Active
20260801,2026-08-01,E10413,D08,CC801,1.0,10843.85,Active
20260801,2026-08-01,E10414,D08,CC801,1.0,16169.32,Active
20260801,2026-08-01,E10415,D08,CC802,1.0,12501.73,Active
20260801,2026-08-01,E10416,D08,CC801,1.0,6735.03,Active
20260801,2026-08-01,E10417,D08,CC801,1.0,12752.37,Active
20260801,2026-08-01,E10418,D08,CC802,1.0,16120.09,Active
20260801,2026-08-01,E10419,D08,CC801,1.0,6433.1,Active
20260801,2026-08-01,E10420,D08,CC802,1.0,12495.19,Active
20260801,2026-08-01,E10421,D08,CC801,1.0,6550.39,Active
20260801,2026-08-01,E10422,D08,CC801,1.0,14370.88,Active
20260801,2026-08-01,E10423,D08,CC802,1.0,11368.11,Active
20260801,2026-08-01,E10424,D08,CC801,1.0,11765.08,Active
20260801,2026-08-01,E10425,D08,CC801,1.0,15033.61,Active
20260801,2026-08-01,E10426,D08,CC802,1.0,5514.37,Active
20260801,2026-08-01,E10427,D08,CC801,1.0,6841.92,Active
20260801,2026-08-01,E10429,D08,CC802,1.0,10996.05,Active
20260801,2026-08-01,E10430,D08,CC801,1.0,15894.84,Active
20260801,2026-08-01,E10431,D08,CC802,1.0,15637.18,Active
20260801,2026-08-01,E10432,D08,CC802,1.0,11679.21,Active
20260801,2026-08-01,E10433,D08,CC801,1.0,16312.26,Active
20260801,2026-08-01,E10434,D08,CC801,0.8,4720.06,Active
20260801,2026-08-01,E10435,D08,CC801,1.0,14604.9,Active
20260801,2026-08-01,E10436,D08,CC802,1.0,7803.82,Active
20260801,2026-08-01,E10437,D08,CC801,1.0,12074.27,Active
20260801,2026-08-01,E10438,D08,CC801,1.0,9584.72,Active
20260801,2026-08-01,E10439,D08,CC802,1.0,15625.73,Active
20260801,2026-08-01,E10440,D08,CC802,1.0,6185.55,Active
20260801,2026-08-01,E10441,D08,CC801,1.0,11564.84,Active
20260801,2026-08-01,E10442,D08,CC802,1.0,8805.34,Active
20260801,2026-08-01,E10443,D08,CC802,1.0,8188.56,Active
20260801,2026-08-01,E10444,D08,CC802,1.0,12801.82,Active
20260801,2026-08-01,E10445,D08,CC802,1.0,6411.22,Active
20260801,2026-08-01,E10446,D08,CC802,1.0,13974.12,Active
20260801,2026-08-01,E10448,D08,CC802,1.0,13244.1,Active
20260801,2026-08-01,E10449,D08,CC802,1.0,10652.31,Active
20260801,2026-08-01,E10450,D08,CC801,0.8,9185.0,Active
20260801,2026-08-01,E10451,D08,CC802,1.0,15645.23,Active
20260801,2026-08-01,E10452,D08,CC802,1.0,13495.94,Active
20260801,2026-08-01,E10453,D08,CC801,1.0,8329.14,Active
20260801,2026-08-01,E10454,D08,CC802,1.0,11538.62,Active
20260801,2026-08-01,E10455,D08,CC802,1.0,12300.42,Active
20260801,2026-08-01,E10456,D08,CC802,1.0,9952.27,Active
20260801,2026-08-01,E10457,D08,CC802,1.0,9288.94,Active
20260801,2026-08-01,E10458,D08,CC801,1.0,15798.04,Active
20260801,2026-08-01,E10459,D08,CC802,1.0,6397.56,Active
20260801,2026-08-01,E10460,D08,CC801,1.0,14663.71,Active
20260801,2026-08-01,E10461,D08,CC801,1.0,15728.63,Active
20260801,2026-08-01,E10462,D08,CC802,1.0,11495.16,Active
20260801,2026-08-01,E10463,D08,CC801,1.0,10059.47,Active
20260801,2026-08-01,E10464,D08,CC801,1.0,12828.62,Active
20260801,2026-08-01,E10466,D08,CC801,1.0,13574.12,Active
20260801,2026-08-01,E10467,D08,CC802,0.8,4696.43,Active
20260801,2026-08-01,E10468,D08,CC801,1.0,15109.3,Active
20260801,2026-08-01,E10469,D08,CC802,1.0,6943.78,Active
20260801,2026-08-01,E10470,D08,CC802,1.0,9546.14,Active
20260801,2026-08-01,E10471,D01,CC101,1.0,16318.72,Active
20260801,2026-08-01,E10473,D01,CC102,1.0,9374.21,Active
20260801,2026-08-01,E10474,D02,CC202,1.0,5890.08,Active
20260801,2026-08-01,E10475,D02,CC201,1.0,16440.38,Active
20260801,2026-08-01,E10476,D02,CC202,1.0,16035.34,Active
20260801,2026-08-01,E10477,D02,CC202,1.0,10043.49,Active
20260801,2026-08-01,E10478,D02,CC201,1.0,9292.58,Active
20260801,2026-08-01,E10479,D03,CC301,1.0,16123.78,Active
20260801,2026-08-01,E10480,D03,CC301,1.0,9987.58,Active
20260801,2026-08-01,E10481,D03,CC301,1.0,11621.39,Active
20260801,2026-08-01,E10483,D04,CC401,1.0,16311.36,Active
20260801,2026-08-01,E10484,D04,CC401,1.0,14664.55,Active
20260801,2026-08-01,E10485,D04,CC401,1.0,11337.94,Active
20260801,2026-08-01,E10486,D04,CC401,1.0,10093.5,Active
20260801,2026-08-01,E10488,D04,CC401,1.0,13263.02,Active
20260801,2026-08-01,E10489,D05,CC502,1.0,9856.66,Active
20260801,2026-08-01,E10490,D05,CC501,0.8,7979.31,Active
20260801,2026-08-01,E10491,D05,CC501,1.0,8060.46,Active
20260801,2026-08-01,E10492,D05,CC502,1.0,10402.61,Active
20260801,2026-08-01,E10493,D06,CC601,1.0,13399.34,Active
20260801,2026-08-01,E10495,D06,CC601,1.0,11375.06,Active
20260801,2026-08-01,E10496,D07,CC701,1.0,14368.05,Active
20260801,2026-08-01,E10498,D07,CC701,1.0,7124.17,Active
20260801,2026-08-01,E10499,D07,CC701,1.0,7337.73,Active
20260801,2026-08-01,E10500,D08,CC801,1.0,14609.81,Active
20260801,2026-08-01,E10501,D08,CC802,0.8,10901.7,Active
20260801,2026-08-01,E10502,D08,CC801,1.0,16972.59,Active
20260801,2026-08-01,E10503,D08,CC802,1.0,11459.19,Active
20260801,2026-08-01,E10504,D08,CC802,1.0,6835.84,Active
20260801,2026-08-01,E10505,D08,CC801,1.0,13044.06,Active
20260801,2026-08-01,E10506,D08,CC801,1.0,9170.6,Active
20260901,2026-09-01,E10002,D01,CC101,1.0,8420.81,Active
20260901,2026-09-01,E10003,D01,CC102,1.0,12554.86,Active
20260901,2026-09-01,E10004,D01,CC101,1.0,16389.26,Active
20260901,2026-09-01,E10005,D01,CC102,1.0,14185.15,Active
20260901,2026-09-01,E10006,D01,CC102,1.0,13370.84,Active
20260901,2026-09-01,E10007,D01,CC102,1.0,7454.97,Active
20260901,2026-09-01,E10009,D01,CC101,1.0,15770.71,Active
20260901,2026-09-01,E10010,D01,CC102,1.0,14088.19,Active
20260901,2026-09-01,E10011,D01,CC102,1.0,12604.77,Active
20260901,2026-09-01,E10012,D01,CC102,1.0,10269.02,Active
20260901,2026-09-01,E10013,D01,CC101,1.0,11988.48,Active
20260901,2026-09-01,E10014,D01,CC102,1.0,12000.64,Active
20260901,2026-09-01,E10015,D01,CC102,1.0,9189.05,Active
20260901,2026-09-01,E10016,D01,CC102,1.0,13305.81,Active
20260901,2026-09-01,E10017,D01,CC102,1.0,11077.16,Active
20260901,2026-09-01,E10018,D01,CC102,1.0,15342.05,Active
20260901,2026-09-01,E10019,D01,CC102,1.0,6781.3,Active
20260901,2026-09-01,E10020,D01,CC101,1.0,8690.8,Active
20260901,2026-09-01,E10022,D01,CC102,1.0,13307.86,Active
20260901,2026-09-01,E10023,D01,CC101,1.0,6331.67,Active
20260901,2026-09-01,E10024,D01,CC101,1.0,10363.83,Active
20260901,2026-09-01,E10026,D01,CC102,1.0,10407.82,Active
20260901,2026-09-01,E10027,D01,CC101,1.0,9215.35,Active
20260901,2026-09-01,E10028,D01,CC102,1.0,13622.53,Active
20260901,2026-09-01,E10029,D01,CC102,1.0,5597.71,Active
20260901,2026-09-01,E10030,D01,CC102,1.0,10361.17,Active
20260901,2026-09-01,E10031,D01,CC102,1.0,8673.91,Active
20260901,2026-09-01,E10032,D01,CC101,1.0,6451.48,Active
20260901,2026-09-01,E10033,D01,CC101,1.0,14347.56,Active
20260901,2026-09-01,E10034,D01,CC101,1.0,12475.7,Active
20260901,2026-09-01,E10035,D01,CC101,1.0,14708.21,Active
20260901,2026-09-01,E10036,D01,CC102,1.0,10569.27,Active
20260901,2026-09-01,E10038,D01,CC101,1.0,14671.5,Active
20260901,2026-09-01,E10039,D02,CC202,1.0,14408.25,Active
20260901,2026-09-01,E10040,D02,CC202,1.0,6580.33,Active
20260901,2026-09-01,E10041,D02,CC202,0.8,10807.52,Active
20260901,2026-09-01,E10042,D02,CC202,1.0,10819.49,Active
20260901,2026-09-01,E10043,D02,CC202,1.0,11152.54,Active
20260901,2026-09-01,E10044,D02,CC202,1.0,6163.85,Active
20260901,2026-09-01,E10045,D02,CC202,1.0,15577.8,Active
20260901,2026-09-01,E10046,D02,CC202,1.0,5700.96,Active
20260901,2026-09-01,E10047,D02,CC201,1.0,10283.29,Active
20260901,2026-09-01,E10048,D02,CC202,1.0,9196.71,Active
20260901,2026-09-01,E10049,D02,CC202,1.0,13152.78,Active
20260901,2026-09-01,E10050,D02,CC202,1.0,12845.96,Active
20260901,2026-09-01,E10051,D02,CC201,1.0,14656.41,Active
20260901,2026-09-01,E10052,D02,CC202,0.8,5151.28,Active
20260901,2026-09-01,E10053,D02,CC202,1.0,7167.93,Active
20260901,2026-09-01,E10054,D02,CC202,1.0,15531.85,Active
20260901,2026-09-01,E10055,D02,CC201,1.0,11416.71,Active
20260901,2026-09-01,E10056,D02,CC201,0.8,7479.98,Active
20260901,2026-09-01,E10057,D02,CC201,1.0,14982.5,Active
20260901,2026-09-01,E10058,D02,CC201,1.0,6670.06,Active
20260901,2026-09-01,E10059,D02,CC202,1.0,10714.72,Active
20260901,2026-09-01,E10060,D02,CC202,1.0,13797.01,Active
20260901,2026-09-01,E10061,D02,CC201,1.0,14971.18,Active
20260901,2026-09-01,E10062,D02,CC202,1.0,10272.12,Active
20260901,2026-09-01,E10063,D02,CC201,1.0,13920.23,Active
20260901,2026-09-01,E10065,D02,CC202,1.0,7178.2,Active
20260901,2026-09-01,E10066,D02,CC201,1.0,10749.35,Active
20260901,2026-09-01,E10067,D02,CC201,1.0,9000.37,Active
20260901,2026-09-01,E10068,D02,CC202,1.0,10162.39,Active
20260901,2026-09-01,E10069,D02,CC202,1.0,14184.09,Active
20260901,2026-09-01,E10070,D02,CC202,1.0,6361.37,Active
20260901,2026-09-01,E10071,D02,CC201,1.0,12736.35,Active
20260901,2026-09-01,E10072,D02,CC202,1.0,7949.08,Active
20260901,2026-09-01,E10073,D02,CC202,1.0,15177.14,Active
20260901,2026-09-01,E10074,D02,CC201,1.0,13736.87,Active
20260901,2026-09-01,E10075,D02,CC201,1.0,9804.97,Active
20260901,2026-09-01,E10078,D02,CC202,1.0,5559.27,Active
20260901,2026-09-01,E10079,D02,CC202,0.8,5686.26,Active
20260901,2026-09-01,E10080,D02,CC202,1.0,15004.29,Active
20260901,2026-09-01,E10081,D02,CC202,1.0,13804.08,Active
20260901,2026-09-01,E10082,D02,CC202,1.0,6365.23,Active
20260901,2026-09-01,E10083,D02,CC201,1.0,13353.59,Active
20260901,2026-09-01,E10084,D02,CC201,1.0,8451.72,Active
20260901,2026-09-01,E10085,D02,CC201,1.0,11162.69,Active
20260901,2026-09-01,E10087,D02,CC201,1.0,6641.76,Active
20260901,2026-09-01,E10088,D02,CC201,1.0,10991.07,Active
20260901,2026-09-01,E10089,D02,CC202,1.0,15548.1,Active
20260901,2026-09-01,E10090,D02,CC202,1.0,5509.31,Active
20260901,2026-09-01,E10091,D02,CC201,1.0,16161.19,Active
20260901,2026-09-01,E10092,D02,CC201,1.0,12794.66,Active
20260901,2026-09-01,E10093,D02,CC202,1.0,8125.52,Active
20260901,2026-09-01,E10094,D02,CC202,1.0,14379.52,Active
20260901,2026-09-01,E10097,D02,CC202,1.0,11125.89,Active
20260901,2026-09-01,E10098,D02,CC202,1.0,12401.55,Active
20260901,2026-09-01,E10099,D02,CC201,1.0,10001.71,Active
20260901,2026-09-01,E10100,D02,CC202,1.0,10609.76,Active
20260901,2026-09-01,E10101,D02,CC201,1.0,11058.42,Active
20260901,2026-09-01,E10102,D02,CC201,1.0,5793.22,Active
20260901,2026-09-01,E10103,D02,CC202,1.0,15661.75,Active
20260901,2026-09-01,E10104,D02,CC201,1.0,11610.23,Active
20260901,2026-09-01,E10105,D02,CC202,1.0,9494.11,Active
20260901,2026-09-01,E10106,D02,CC201,1.0,5755.63,Active
20260901,2026-09-01,E10107,D02,CC202,1.0,9995.17,Active
20260901,2026-09-01,E10108,D02,CC202,1.0,14244.21,Active
20260901,2026-09-01,E10109,D02,CC201,1.0,9259.46,Active
20260901,2026-09-01,E10110,D02,CC202,1.0,8811.04,Active
20260901,2026-09-01,E10111,D02,CC201,1.0,10575.82,Active
20260901,2026-09-01,E10112,D02,CC202,1.0,10360.27,Active
20260901,2026-09-01,E10113,D02,CC201,1.0,13385.28,Active
20260901,2026-09-01,E10114,D02,CC201,1.0,9799.8,Active
20260901,2026-09-01,E10115,D02,CC202,1.0,5960.24,Active
20260901,2026-09-01,E10116,D02,CC201,1.0,14803.15,Active
20260901,2026-09-01,E10117,D02,CC202,1.0,13833.72,Active
20260901,2026-09-01,E10118,D02,CC201,1.0,12502.15,Active
20260901,2026-09-01,E10119,D02,CC201,1.0,11208.2,Active
20260901,2026-09-01,E10120,D02,CC201,1.0,13534.11,Active
20260901,2026-09-01,E10121,D02,CC201,1.0,11285.1,Active
20260901,2026-09-01,E10122,D02,CC202,1.0,8153.98,Active
20260901,2026-09-01,E10123,D02,CC202,1.0,12037.61,Active
20260901,2026-09-01,E10125,D02,CC202,1.0,8848.93,Active
20260901,2026-09-01,E10127,D02,CC201,1.0,13733.68,Active
20260901,2026-09-01,E10128,D02,CC201,1.0,12686.83,Active
20260901,2026-09-01,E10129,D02,CC201,1.0,7478.1,Active
20260901,2026-09-01,E10130,D02,CC202,1.0,8885.53,Active
20260901,2026-09-01,E10131,D03,CC301,1.0,15561.36,Active
20260901,2026-09-01,E10132,D03,CC301,1.0,13585.39,Active
20260901,2026-09-01,E10133,D03,CC301,1.0,11005.97,Active
20260901,2026-09-01,E10136,D03,CC301,1.0,11814.63,Active
20260901,2026-09-01,E10137,D03,CC301,1.0,12603.07,Active
20260901,2026-09-01,E10138,D03,CC301,1.0,10311.87,Active
20260901,2026-09-01,E10139,D03,CC301,1.0,16027.08,Active
20260901,2026-09-01,E10140,D03,CC301,1.0,15966.31,Active
20260901,2026-09-01,E10141,D03,CC301,1.0,15947.47,Active
20260901,2026-09-01,E10142,D03,CC301,1.0,15558.94,Active
20260901,2026-09-01,E10143,D03,CC301,1.0,12715.75,Active
20260901,2026-09-01,E10144,D03,CC301,1.0,10979.48,Active
20260901,2026-09-01,E10145,D03,CC301,1.0,11463.86,Active
20260901,2026-09-01,E10146,D03,CC301,1.0,6810.7,Active
20260901,2026-09-01,E10147,D03,CC301,1.0,14868.37,Active
20260901,2026-09-01,E10148,D03,CC301,1.0,14010.28,Active
20260901,2026-09-01,E10149,D03,CC301,1.0,13004.97,Active
20260901,2026-09-01,E10150,D03,CC301,1.0,8997.03,Active
20260901,2026-09-01,E10151,D03,CC301,1.0,8972.37,Active
20260901,2026-09-01,E10152,D03,CC301,1.0,5525.57,Active
20260901,2026-09-01,E10153,D03,CC301,1.0,15259.97,Active
20260901,2026-09-01,E10154,D03,CC301,1.0,13932.45,Active
20260901,2026-09-01,E10155,D03,CC301,1.0,12819.14,Active
20260901,2026-09-01,E10156,D03,CC301,1.0,9321.51,Active
20260901,2026-09-01,E10157,D03,CC301,1.0,9515.48,Active
20260901,2026-09-01,E10160,D03,CC301,1.0,16011.65,Active
20260901,2026-09-01,E10161,D03,CC301,1.0,13187.94,Active
20260901,2026-09-01,E10162,D03,CC301,1.0,14364.13,Active
20260901,2026-09-01,E10163,D03,CC301,1.0,11586.08,Active
20260901,2026-09-01,E10164,D03,CC301,1.0,12579.65,Active
20260901,2026-09-01,E10165,D03,CC301,1.0,13501.36,Active
20260901,2026-09-01,E10166,D03,CC301,1.0,14651.98,Active
20260901,2026-09-01,E10167,D03,CC301,1.0,5735.53,Active
20260901,2026-09-01,E10168,D03,CC301,1.0,5520.03,Active
20260901,2026-09-01,E10169,D03,CC301,1.0,9003.19,Active
20260901,2026-09-01,E10170,D03,CC301,0.8,8872.65,Active
20260901,2026-09-01,E10171,D03,CC301,1.0,5889.92,Active
20260901,2026-09-01,E10172,D03,CC301,1.0,9959.27,Active
20260901,2026-09-01,E10174,D03,CC301,1.0,10078.66,Active
20260901,2026-09-01,E10175,D03,CC301,1.0,8996.12,Active
20260901,2026-09-01,E10176,D03,CC301,1.0,14234.41,Active
20260901,2026-09-01,E10177,D03,CC301,1.0,10514.49,Active
20260901,2026-09-01,E10178,D03,CC301,1.0,11097.89,Active
20260901,2026-09-01,E10179,D03,CC301,1.0,12098.32,Active
20260901,2026-09-01,E10180,D03,CC301,1.0,6322.9,Active
20260901,2026-09-01,E10181,D03,CC301,0.8,12115.66,Active
20260901,2026-09-01,E10182,D03,CC301,1.0,10186.77,Active
20260901,2026-09-01,E10183,D03,CC301,0.8,4899.1,Active
20260901,2026-09-01,E10184,D03,CC301,1.0,9831.76,Active
20260901,2026-09-01,E10185,D03,CC301,1.0,14090.55,Active
20260901,2026-09-01,E10186,D03,CC301,1.0,14128.66,Active
20260901,2026-09-01,E10187,D03,CC301,1.0,12658.52,Active
20260901,2026-09-01,E10188,D03,CC301,1.0,11913.99,Active
20260901,2026-09-01,E10190,D03,CC301,1.0,10860.83,Active
20260901,2026-09-01,E10191,D03,CC301,0.8,9720.38,Active
20260901,2026-09-01,E10192,D03,CC301,1.0,5962.48,Active
20260901,2026-09-01,E10193,D03,CC301,1.0,11085.35,Active
20260901,2026-09-01,E10194,D03,CC301,1.0,11334.61,Active
20260901,2026-09-01,E10195,D03,CC301,1.0,12085.33,Active
20260901,2026-09-01,E10196,D03,CC301,1.0,11018.6,Active
20260901,2026-09-01,E10197,D03,CC301,1.0,14380.68,Active
20260901,2026-09-01,E10198,D03,CC301,1.0,16147.35,Active
20260901,2026-09-01,E10199,D03,CC301,1.0,12583.42,Active
20260901,2026-09-01,E10200,D03,CC301,1.0,14666.25,Active
20260901,2026-09-01,E10201,D04,CC401,1.0,8969.33,Active
20260901,2026-09-01,E10202,D04,CC401,1.0,15428.83,Active
20260901,2026-09-01,E10203,D04,CC401,1.0,12346.79,Active
20260901,2026-09-01,E10204,D04,CC401,1.0,8101.8,Active
20260901,2026-09-01,E10205,D04,CC401,1.0,7413.86,Active
20260901,2026-09-01,E10207,D04,CC401,1.0,7619.43,Active
20260901,2026-09-01,E10208,D04,CC401,1.0,7688.88,Active
20260901,2026-09-01,E10209,D04,CC401,1.0,8233.59,Active
20260901,2026-09-01,E10210,D04,CC401,1.0,8107.64,Active
20260901,2026-09-01,E10211,D04,CC401,1.0,8294.3,Active
20260901,2026-09-01,E10212,D04,CC401,1.0,6949.67,Active
20260901,2026-09-01,E10213,D04,CC401,1.0,8827.5,Active
20260901,2026-09-01,E10214,D04,CC401,1.0,12730.91,Active
20260901,2026-09-01,E10216,D04,CC401,1.0,9436.94,Active
20260901,2026-09-01,E10217,D04,CC401,0.8,11038.39,Active
20260901,2026-09-01,E10218,D04,CC401,1.0,7099.91,Active
20260901,2026-09-01,E10219,D04,CC401,1.0,8407.63,Active
20260901,2026-09-01,E10220,D04,CC401,1.0,14904.82,Active
20260901,2026-09-01,E10221,D04,CC401,1.0,14083.67,Active
20260901,2026-09-01,E10222,D04,CC401,1.0,13536.39,Active
20260901,2026-09-01,E10223,D04,CC401,1.0,7404.67,Active
20260901,2026-09-01,E10224,D04,CC401,1.0,13122.79,Active
20260901,2026-09-01,E10225,D04,CC401,1.0,9870.18,Active
20260901,2026-09-01,E10226,D04,CC401,1.0,7678.68,Active
20260901,2026-09-01,E10227,D04,CC401,1.0,10132.87,Active
20260901,2026-09-01,E10228,D04,CC401,1.0,14482.93,Active
20260901,2026-09-01,E10230,D04,CC401,1.0,10575.35,Active
20260901,2026-09-01,E10231,D04,CC401,1.0,10220.59,Active
20260901,2026-09-01,E10232,D04,CC401,1.0,9636.17,Active
20260901,2026-09-01,E10233,D04,CC401,1.0,12365.07,Active
20260901,2026-09-01,E10234,D04,CC401,0.8,8780.18,Active
20260901,2026-09-01,E10235,D04,CC401,0.8,5171.18,Active
20260901,2026-09-01,E10237,D04,CC401,0.8,11497.55,Active
20260901,2026-09-01,E10238,D04,CC401,1.0,16112.23,Active
20260901,2026-09-01,E10239,D04,CC401,1.0,8442.47,Active
20260901,2026-09-01,E10240,D04,CC401,0.8,11579.88,Active
20260901,2026-09-01,E10241,D04,CC401,1.0,16169.25,Active
20260901,2026-09-01,E10242,D04,CC401,0.8,10631.98,Active
20260901,2026-09-01,E10243,D04,CC401,1.0,11744.83,Active
20260901,2026-09-01,E10244,D04,CC401,1.0,6360.47,Active
20260901,2026-09-01,E10245,D04,CC401,1.0,13107.3,Active
20260901,2026-09-01,E10246,D04,CC401,1.0,11425.94,Active
20260901,2026-09-01,E10247,D04,CC401,1.0,6864.72,Active
20260901,2026-09-01,E10248,D04,CC401,1.0,14605.6,Active
20260901,2026-09-01,E10249,D05,CC502,1.0,12910.87,Active
20260901,2026-09-01,E10250,D05,CC501,1.0,11710.74,Active
20260901,2026-09-01,E10251,D05,CC502,1.0,15729.33,Active
20260901,2026-09-01,E10252,D05,CC502,1.0,12015.67,Active
20260901,2026-09-01,E10253,D05,CC502,1.0,9744.92,Active
20260901,2026-09-01,E10254,D05,CC502,1.0,8950.98,Active
20260901,2026-09-01,E10256,D05,CC501,1.0,11990.15,Active
20260901,2026-09-01,E10257,D05,CC502,1.0,15464.5,Active
20260901,2026-09-01,E10258,D05,CC501,1.0,8574.41,Active
20260901,2026-09-01,E10259,D05,CC502,1.0,5601.5,Active
20260901,2026-09-01,E10260,D05,CC501,1.0,16148.89,Active
20260901,2026-09-01,E10261,D05,CC502,0.8,10764.73,Active
20260901,2026-09-01,E10262,D05,CC502,1.0,7618.87,Active
20260901,2026-09-01,E10263,D05,CC502,1.0,11795.91,Active
20260901,2026-09-01,E10264,D05,CC502,0.8,10537.56,Active
20260901,2026-09-01,E10265,D05,CC502,1.0,16085.43,Active
20260901,2026-09-01,E10266,D05,CC501,1.0,11940.11,Active
20260901,2026-09-01,E10267,D05,CC502,1.0,11600.57,Active
20260901,2026-09-01,E10268,D05,CC501,1.0,5895.02,Active
20260901,2026-09-01,E10269,D05,CC502,1.0,15333.25,Active
20260901,2026-09-01,E10270,D05,CC501,1.0,14381.97,Active
20260901,2026-09-01,E10271,D05,CC502,1.0,15268.17,Active
20260901,2026-09-01,E10272,D05,CC501,1.0,12568.36,Active
20260901,2026-09-01,E10273,D05,CC501,1.0,5991.4,Active
20260901,2026-09-01,E10274,D05,CC501,1.0,11243.15,Active
20260901,2026-09-01,E10275,D05,CC501,0.8,7962.6,Active
20260901,2026-09-01,E10277,D05,CC501,1.0,8191.35,Active
20260901,2026-09-01,E10278,D05,CC502,1.0,9652.49,Active
20260901,2026-09-01,E10279,D05,CC501,1.0,5573.75,Active
20260901,2026-09-01,E10280,D05,CC502,1.0,13455.33,Active
20260901,2026-09-01,E10281,D05,CC502,1.0,12643.73,Active
20260901,2026-09-01,E10282,D05,CC501,1.0,8551.3,Active
20260901,2026-09-01,E10283,D05,CC501,1.0,12030.83,Active
20260901,2026-09-01,E10284,D05,CC501,1.0,13440.34,Active
20260901,2026-09-01,E10285,D05,CC502,1.0,5598.52,Active
20260901,2026-09-01,E10286,D05,CC501,1.0,7426.12,Active
20260901,2026-09-01,E10287,D05,CC501,1.0,13105.55,Active
20260901,2026-09-01,E10288,D05,CC501,1.0,10191.71,Active
20260901,2026-09-01,E10289,D05,CC501,1.0,13738.45,Active
20260901,2026-09-01,E10290,D05,CC501,1.0,7651.98,Active
20260901,2026-09-01,E10292,D05,CC501,0.8,12049.36,Active
20260901,2026-09-01,E10294,D05,CC501,1.0,7531.52,Active
20260901,2026-09-01,E10295,D05,CC501,1.0,10066.38,Active
20260901,2026-09-01,E10298,D05,CC501,1.0,9387.96,Active
20260901,2026-09-01,E10299,D05,CC502,1.0,13799.76,Active
20260901,2026-09-01,E10300,D05,CC501,1.0,14077.5,Active
20260901,2026-09-01,E10301,D05,CC502,1.0,11828.25,Active
20260901,2026-09-01,E10302,D05,CC502,1.0,12352.0,Active
20260901,2026-09-01,E10304,D05,CC501,1.0,13500.41,Active
20260901,2026-09-01,E10305,D05,CC502,1.0,15105.15,Active
20260901,2026-09-01,E10306,D05,CC501,1.0,13644.23,Active
20260901,2026-09-01,E10307,D05,CC501,1.0,10815.24,Active
20260901,2026-09-01,E10308,D05,CC501,1.0,12402.66,Active
20260901,2026-09-01,E10309,D05,CC502,1.0,10268.96,Active
20260901,2026-09-01,E10310,D05,CC501,1.0,12434.73,Active
20260901,2026-09-01,E10311,D05,CC502,1.0,9953.48,Active
20260901,2026-09-01,E10312,D05,CC502,1.0,13499.61,Active
20260901,2026-09-01,E10313,D05,CC501,1.0,6098.15,Active
20260901,2026-09-01,E10314,D05,CC502,1.0,9638.15,Active
20260901,2026-09-01,E10315,D05,CC502,1.0,5574.77,Active
20260901,2026-09-01,E10316,D05,CC501,1.0,6021.47,Active
20260901,2026-09-01,E10317,D05,CC501,1.0,7348.82,Active
20260901,2026-09-01,E10318,D05,CC502,1.0,9997.09,Active
20260901,2026-09-01,E10319,D05,CC502,1.0,7651.5,Active
20260901,2026-09-01,E10320,D05,CC502,1.0,8711.98,Active
20260901,2026-09-01,E10321,D05,CC501,1.0,13918.79,Active
20260901,2026-09-01,E10322,D05,CC502,1.0,7218.25,Active
20260901,2026-09-01,E10323,D05,CC501,1.0,13415.11,Active
20260901,2026-09-01,E10325,D06,CC601,0.8,5732.47,Active
20260901,2026-09-01,E10326,D06,CC601,1.0,8687.7,Active
20260901,2026-09-01,E10327,D06,CC601,1.0,10592.88,Active
20260901,2026-09-01,E10328,D06,CC601,1.0,7607.58,Active
20260901,2026-09-01,E10329,D06,CC601,1.0,13478.6,Active
20260901,2026-09-01,E10330,D06,CC601,1.0,10034.56,Active
20260901,2026-09-01,E10331,D06,CC601,1.0,8782.48,Active
20260901,2026-09-01,E10332,D06,CC601,0.8,12885.67,Active
20260901,2026-09-01,E10333,D06,CC601,0.8,5731.35,Active
20260901,2026-09-01,E10334,D06,CC601,1.0,13485.99,Active
20260901,2026-09-01,E10335,D06,CC601,1.0,12241.0,Active
20260901,2026-09-01,E10336,D06,CC601,1.0,15345.25,Active
20260901,2026-09-01,E10337,D06,CC601,1.0,15529.22,Active
20260901,2026-09-01,E10338,D06,CC601,0.8,9906.69,Active
20260901,2026-09-01,E10339,D06,CC601,1.0,12946.05,Active
20260901,2026-09-01,E10340,D06,CC601,1.0,15798.58,Active
20260901,2026-09-01,E10342,D06,CC601,1.0,16153.89,Active
20260901,2026-09-01,E10343,D06,CC601,1.0,15038.84,Active
20260901,2026-09-01,E10344,D06,CC601,1.0,8678.02,Active
20260901,2026-09-01,E10345,D06,CC601,1.0,9923.6,Active
20260901,2026-09-01,E10346,D06,CC601,1.0,13967.03,Active
20260901,2026-09-01,E10347,D06,CC601,0.8,6236.72,Active
20260901,2026-09-01,E10349,D06,CC601,1.0,11030.5,Active
20260901,2026-09-01,E10350,D06,CC601,1.0,9466.52,Active
20260901,2026-09-01,E10351,D06,CC601,1.0,10870.68,Active
20260901,2026-09-01,E10352,D06,CC601,1.0,7702.94,Active
20260901,2026-09-01,E10353,D06,CC601,1.0,14232.36,Active
20260901,2026-09-01,E10354,D06,CC601,1.0,14877.46,Active
20260901,2026-09-01,E10356,D06,CC601,1.0,6171.62,Active
20260901,2026-09-01,E10357,D06,CC601,1.0,10749.63,Active
20260901,2026-09-01,E10359,D07,CC701,1.0,14130.91,Active
20260901,2026-09-01,E10360,D07,CC701,1.0,15961.99,Active
20260901,2026-09-01,E10361,D07,CC701,1.0,9069.48,Active
20260901,2026-09-01,E10362,D07,CC701,1.0,15226.11,Active
20260901,2026-09-01,E10363,D07,CC701,1.0,12629.54,Active
20260901,2026-09-01,E10364,D07,CC701,1.0,14901.15,Active
20260901,2026-09-01,E10365,D07,CC701,0.8,10384.87,Active
20260901,2026-09-01,E10366,D07,CC701,1.0,14944.17,Active
20260901,2026-09-01,E10367,D07,CC701,1.0,12099.84,Active
20260901,2026-09-01,E10368,D07,CC701,1.0,7450.39,Active
20260901,2026-09-01,E10369,D07,CC701,1.0,14776.68,Active
20260901,2026-09-01,E10370,D07,CC701,1.0,10685.09,Active
20260901,2026-09-01,E10371,D07,CC701,1.0,15545.32,Active
20260901,2026-09-01,E10372,D07,CC701,1.0,8612.89,Active
20260901,2026-09-01,E10373,D07,CC701,1.0,14846.44,Active
20260901,2026-09-01,E10374,D07,CC701,1.0,6372.13,Active
20260901,2026-09-01,E10375,D07,CC701,1.0,15724.67,Active
20260901,2026-09-01,E10376,D07,CC701,1.0,7706.84,Active
20260901,2026-09-01,E10377,D07,CC701,1.0,13162.23,Active
20260901,2026-09-01,E10378,D07,CC701,1.0,13728.1,Active
20260901,2026-09-01,E10379,D07,CC701,1.0,15724.21,Active
20260901,2026-09-01,E10380,D07,CC701,1.0,12295.62,Active
20260901,2026-09-01,E10381,D07,CC701,1.0,9022.96,Active
20260901,2026-09-01,E10382,D07,CC701,1.0,11873.67,Active
20260901,2026-09-01,E10383,D07,CC701,1.0,13579.25,Active
20260901,2026-09-01,E10384,D07,CC701,1.0,10190.74,Active
20260901,2026-09-01,E10385,D07,CC701,0.8,6886.62,Active
20260901,2026-09-01,E10386,D07,CC701,1.0,11803.83,Active
20260901,2026-09-01,E10387,D07,CC701,1.0,6858.59,Active
20260901,2026-09-01,E10388,D07,CC701,1.0,5490.21,Active
20260901,2026-09-01,E10389,D07,CC701,1.0,14717.83,Active
20260901,2026-09-01,E10390,D07,CC701,1.0,14013.0,Active
20260901,2026-09-01,E10391,D07,CC701,1.0,11832.8,Active
20260901,2026-09-01,E10393,D07,CC701,1.0,10355.49,Active
20260901,2026-09-01,E10394,D07,CC701,1.0,14601.15,Active
20260901,2026-09-01,E10395,D07,CC701,1.0,10956.5,Active
20260901,2026-09-01,E10396,D07,CC701,1.0,12985.64,Active
20260901,2026-09-01,E10397,D07,CC701,1.0,12952.86,Active
20260901,2026-09-01,E10398,D07,CC701,1.0,9021.11,Active
20260901,2026-09-01,E10399,D07,CC701,1.0,6056.58,Active
20260901,2026-09-01,E10400,D07,CC701,0.8,6949.97,Active
20260901,2026-09-01,E10401,D07,CC701,1.0,9185.2,Active
20260901,2026-09-01,E10402,D07,CC701,1.0,9739.44,Active
20260901,2026-09-01,E10403,D08,CC802,1.0,7599.74,Active
20260901,2026-09-01,E10404,D08,CC801,1.0,13708.52,Active
20260901,2026-09-01,E10405,D08,CC801,1.0,7178.57,Active
20260901,2026-09-01,E10406,D08,CC801,1.0,8576.15,Active
20260901,2026-09-01,E10407,D08,CC801,1.0,13668.17,Active
20260901,2026-09-01,E10408,D08,CC801,1.0,11795.73,Active
20260901,2026-09-01,E10409,D08,CC801,0.8,8073.4,Active
20260901,2026-09-01,E10410,D08,CC801,0.8,5912.91,Active
20260901,2026-09-01,E10411,D08,CC802,1.0,12613.92,Active
20260901,2026-09-01,E10412,D08,CC801,1.0,9738.46,Active
20260901,2026-09-01,E10413,D08,CC801,1.0,10786.87,Active
20260901,2026-09-01,E10414,D08,CC801,0.8,13071.03,Active
20260901,2026-09-01,E10415,D08,CC802,0.8,9931.52,Active
20260901,2026-09-01,E10416,D08,CC801,1.0,6732.35,Active
20260901,2026-09-01,E10417,D08,CC801,1.0,12790.65,Active
20260901,2026-09-01,E10418,D08,CC802,1.0,16126.56,Active
20260901,2026-09-01,E10419,D08,CC801,1.0,6506.42,Active
20260901,2026-09-01,E10420,D08,CC802,1.0,12364.81,Active
20260901,2026-09-01,E10421,D08,CC801,1.0,6534.34,Active
20260901,2026-09-01,E10422,D08,CC801,1.0,14324.83,Active
20260901,2026-09-01,E10423,D08,CC802,1.0,11328.35,Active
20260901,2026-09-01,E10424,D08,CC801,1.0,11689.63,Active
20260901,2026-09-01,E10425,D08,CC801,1.0,15215.14,Active
20260901,2026-09-01,E10426,D08,CC802,1.0,5492.72,Active
20260901,2026-09-01,E10427,D08,CC801,1.0,6839.59,Active
20260901,2026-09-01,E10429,D08,CC802,1.0,10925.4,Active
20260901,2026-09-01,E10430,D08,CC801,1.0,16043.83,Active
20260901,2026-09-01,E10431,D08,CC802,1.0,15655.74,Active
20260901,2026-09-01,E10432,D08,CC802,1.0,11740.31,Active
20260901,2026-09-01,E10433,D08,CC801,1.0,16094.56,Active
20260901,2026-09-01,E10434,D08,CC801,1.0,5910.94,Active
20260901,2026-09-01,E10435,D08,CC801,1.0,14781.82,Active
20260901,2026-09-01,E10436,D08,CC802,1.0,7764.13,Active
20260901,2026-09-01,E10437,D08,CC801,1.0,12131.69,Active
20260901,2026-09-01,E10438,D08,CC801,1.0,9680.42,Active
20260901,2026-09-01,E10439,D08,CC802,1.0,15778.89,Active
20260901,2026-09-01,E10440,D08,CC802,1.0,6233.61,Active
20260901,2026-09-01,E10441,D08,CC801,1.0,11458.35,Active
20260901,2026-09-01,E10442,D08,CC802,1.0,8956.6,Active
20260901,2026-09-01,E10443,D08,CC802,1.0,8113.49,Active
20260901,2026-09-01,E10444,D08,CC802,1.0,12785.21,Active
20260901,2026-09-01,E10445,D08,CC802,1.0,6362.05,Active
20260901,2026-09-01,E10446,D08,CC802,1.0,13988.76,Active
20260901,2026-09-01,E10448,D08,CC802,1.0,13428.94,Active
20260901,2026-09-01,E10449,D08,CC802,1.0,10690.65,Active
20260901,2026-09-01,E10450,D08,CC801,1.0,11398.71,Active
20260901,2026-09-01,E10451,D08,CC802,1.0,15583.62,Active
20260901,2026-09-01,E10452,D08,CC802,1.0,13427.93,Active
20260901,2026-09-01,E10453,D08,CC801,1.0,8338.3,Active
20260901,2026-09-01,E10454,D08,CC802,1.0,11659.06,Active
20260901,2026-09-01,E10455,D08,CC802,1.0,12437.48,Active
20260901,2026-09-01,E10456,D08,CC802,1.0,9903.74,Active
20260901,2026-09-01,E10457,D08,CC802,1.0,9200.98,Active
20260901,2026-09-01,E10458,D08,CC801,1.0,15642.29,Active
20260901,2026-09-01,E10459,D08,CC802,1.0,6420.12,Active
20260901,2026-09-01,E10460,D08,CC801,1.0,14459.44,Active
20260901,2026-09-01,E10461,D08,CC801,1.0,15540.52,Active
20260901,2026-09-01,E10463,D08,CC801,1.0,9961.77,Active
20260901,2026-09-01,E10464,D08,CC801,1.0,12802.8,Active
20260901,2026-09-01,E10466,D08,CC801,1.0,13495.72,Active
20260901,2026-09-01,E10467,D08,CC802,1.0,5898.67,Active
20260901,2026-09-01,E10468,D08,CC801,1.0,15071.49,Active
20260901,2026-09-01,E10469,D08,CC802,1.0,6875.72,Active
20260901,2026-09-01,E10470,D08,CC802,0.8,7621.91,Active
20260901,2026-09-01,E10471,D01,CC101,1.0,16370.72,Active
20260901,2026-09-01,E10472,D01,CC101,1.0,15717.37,Active
20260901,2026-09-01,E10473,D01,CC102,1.0,9342.03,Active
20260901,2026-09-01,E10474,D02,CC202,1.0,5873.39,Active
20260901,2026-09-01,E10475,D02,CC201,1.0,16591.6,Active
20260901,2026-09-01,E10476,D02,CC202,1.0,16002.95,Active
20260901,2026-09-01,E10477,D02,CC202,1.0,10016.73,Active
20260901,2026-09-01,E10478,D02,CC201,1.0,9305.04,Active
20260901,2026-09-01,E10479,D03,CC301,1.0,16006.78,Active
20260901,2026-09-01,E10480,D03,CC301,1.0,10024.23,Active
20260901,2026-09-01,E10481,D03,CC301,1.0,11546.05,Active
20260901,2026-09-01,E10482,D04,CC401,0.8,12896.96,Active
20260901,2026-09-01,E10483,D04,CC401,1.0,16298.11,Active
20260901,2026-09-01,E10484,D04,CC401,1.0,14791.78,Active
20260901,2026-09-01,E10485,D04,CC401,1.0,11194.07,Active
20260901,2026-09-01,E10486,D04,CC401,1.0,9972.66,Active
20260901,2026-09-01,E10487,D04,CC401,1.0,15159.44,Active
20260901,2026-09-01,E10488,D04,CC401,1.0,13375.47,Active
20260901,2026-09-01,E10489,D05,CC502,1.0,9949.65,Active
20260901,2026-09-01,E10490,D05,CC501,1.0,10035.09,Active
20260901,2026-09-01,E10491,D05,CC501,1.0,7973.01,Active
20260901,2026-09-01,E10492,D05,CC502,1.0,10345.42,Active
20260901,2026-09-01,E10493,D06,CC601,1.0,13510.48,Active
20260901,2026-09-01,E10495,D06,CC601,1.0,11511.1,Active
20260901,2026-09-01,E10496,D07,CC701,1.0,14587.09,Active
20260901,2026-09-01,E10497,D07,CC701,1.0,14306.88,Active
20260901,2026-09-01,E10498,D07,CC701,1.0,7069.97,Active
20260901,2026-09-01,E10499,D07,CC701,1.0,7273.21,Active
20260901,2026-09-01,E10500,D08,CC801,1.0,14657.97,Active
20260901,2026-09-01,E10501,D08,CC802,1.0,13682.15,Active
20260901,2026-09-01,E10502,D08,CC801,1.0,17023.96,Active
20260901,2026-09-01,E10503,D08,CC802,1.0,11288.15,Active
20260901,2026-09-01,E10504,D08,CC802,1.0,6821.12,Active
20260901,2026-09-01,E10505,D08,CC801,1.0,13053.01,Active
20260901,2026-09-01,E10506,D08,CC801,1.0,9153.84,Active
20261001,2026-10-01,E10002,D01,CC101,1.0,8324.73,Active
20261001,2026-10-01,E10003,D01,CC102,1.0,12458.95,Active
20261001,2026-10-01,E10004,D01,CC101,1.0,16333.38,Active
20261001,2026-10-01,E10005,D01,CC102,1.0,14002.7,Active
20261001,2026-10-01,E10006,D01,CC102,1.0,13430.89,Active
20261001,2026-10-01,E10007,D01,CC102,1.0,7334.48,Active
20261001,2026-10-01,E10009,D01,CC101,1.0,15702.07,Active
20261001,2026-10-01,E10010,D01,CC102,1.0,14003.99,Active
20261001,2026-10-01,E10011,D01,CC102,1.0,12586.17,Active
20261001,2026-10-01,E10012,D01,CC102,1.0,10334.61,Active
20261001,2026-10-01,E10013,D01,CC101,1.0,11839.59,Active
20261001,2026-10-01,E10014,D01,CC102,1.0,12102.33,Active
20261001,2026-10-01,E10016,D01,CC102,1.0,13046.45,Active
20261001,2026-10-01,E10017,D01,CC102,1.0,11100.15,Active
20261001,2026-10-01,E10018,D01,CC102,1.0,15307.72,Active
20261001,2026-10-01,E10019,D01,CC102,1.0,6824.69,Active
20261001,2026-10-01,E10020,D01,CC101,1.0,8613.1,Active
20261001,2026-10-01,E10022,D01,CC102,1.0,13120.39,Active
20261001,2026-10-01,E10023,D01,CC101,1.0,6281.64,Active
20261001,2026-10-01,E10024,D01,CC101,1.0,10440.35,Active
20261001,2026-10-01,E10026,D01,CC102,1.0,10327.66,Active
20261001,2026-10-01,E10027,D01,CC101,1.0,9172.2,Active
20261001,2026-10-01,E10028,D01,CC102,1.0,13605.4,Active
20261001,2026-10-01,E10029,D01,CC102,1.0,5636.36,Active
20261001,2026-10-01,E10030,D01,CC102,0.8,8365.1,Active
20261001,2026-10-01,E10031,D01,CC102,1.0,8726.5,Active
20261001,2026-10-01,E10032,D01,CC101,1.0,6374.16,Active
20261001,2026-10-01,E10033,D01,CC101,1.0,14219.62,Active
20261001,2026-10-01,E10034,D01,CC101,1.0,12529.46,Active
20261001,2026-10-01,E10035,D01,CC101,1.0,14714.22,Active
20261001,2026-10-01,E10036,D01,CC102,1.0,10509.52,Active
20261001,2026-10-01,E10038,D01,CC101,1.0,14631.42,Active
20261001,2026-10-01,E10039,D02,CC202,1.0,14328.4,Active
20261001,2026-10-01,E10040,D02,CC202,1.0,6575.79,Active
20261001,2026-10-01,E10041,D02,CC202,1.0,13317.47,Active
20261001,2026-10-01,E10042,D02,CC202,1.0,10727.78,Active
20261001,2026-10-01,E10043,D02,CC202,1.0,11100.48,Active
20261001,2026-10-01,E10044,D02,CC202,0.8,4942.11,Active
20261001,2026-10-01,E10045,D02,CC202,1.0,15535.13,Active
20261001,2026-10-01,E10046,D02,CC202,1.0,5639.61,Active
20261001,2026-10-01,E10047,D02,CC201,1.0,10126.55,Active
20261001,2026-10-01,E10048,D02,CC202,1.0,9134.41,Active
20261001,2026-10-01,E10049,D02,CC202,1.0,13242.45,Active
20261001,2026-10-01,E10050,D02,CC202,1.0,12620.29,Active
20261001,2026-10-01,E10051,D02,CC201,1.0,14505.16,Active
20261001,2026-10-01,E10052,D02,CC202,1.0,6440.94,Active
20261001,2026-10-01,E10053,D02,CC202,1.0,7153.82,Active
20261001,2026-10-01,E10054,D02,CC202,1.0,15702.1,Active
20261001,2026-10-01,E10055,D02,CC201,1.0,11560.45,Active
20261001,2026-10-01,E10056,D02,CC201,1.0,9333.61,Active
20261001,2026-10-01,E10057,D02,CC201,1.0,15008.24,Active
20261001,2026-10-01,E10058,D02,CC201,1.0,6689.75,Active
20261001,2026-10-01,E10059,D02,CC202,1.0,10694.39,Active
20261001,2026-10-01,E10060,D02,CC202,0.8,11085.81,Active
20261001,2026-10-01,E10061,D02,CC201,1.0,14851.25,Active
20261001,2026-10-01,E10062,D02,CC202,1.0,10191.45,Active
20261001,2026-10-01,E10063,D02,CC201,0.8,11024.7,Active
20261001,2026-10-01,E10065,D02,CC202,1.0,7123.51,Active
20261001,2026-10-01,E10066,D02,CC201,1.0,10910.98,Active
20261001,2026-10-01,E10067,D02,CC201,1.0,9153.83,Active
20261001,2026-10-01,E10068,D02,CC202,1.0,10195.42,Active
20261001,2026-10-01,E10069,D02,CC202,1.0,14172.59,Active
20261001,2026-10-01,E10070,D02,CC202,1.0,6419.39,Active
20261001,2026-10-01,E10071,D02,CC201,1.0,12737.44,Active
20261001,2026-10-01,E10072,D02,CC202,1.0,7877.1,Active
20261001,2026-10-01,E10073,D02,CC202,1.0,15181.4,Active
20261001,2026-10-01,E10074,D02,CC201,1.0,13681.67,Active
20261001,2026-10-01,E10075,D02,CC201,1.0,9853.55,Active
20261001,2026-10-01,E10078,D02,CC202,1.0,5578.57,Active
20261001,2026-10-01,E10079,D02,CC202,1.0,7014.41,Active
20261001,2026-10-01,E10080,D02,CC202,1.0,15090.95,Active
20261001,2026-10-01,E10081,D02,CC202,1.0,13883.51,Active
20261001,2026-10-01,E10082,D02,CC202,1.0,6412.62,Active
20261001,2026-10-01,E10083,D02,CC201,1.0,13451.15,Active
20261001,2026-10-01,E10084,D02,CC201,1.0,8485.69,Active
20261001,2026-10-01,E10085,D02,CC201,1.0,11139.17,Active
20261001,2026-10-01,E10087,D02,CC201,1.0,6688.4,Active
20261001,2026-10-01,E10088,D02,CC201,1.0,10930.05,Active
20261001,2026-10-01,E10089,D02,CC202,1.0,15617.37,Active
20261001,2026-10-01,E10090,D02,CC202,1.0,5505.44,Active
20261001,2026-10-01,E10091,D02,CC201,1.0,16124.28,Active
20261001,2026-10-01,E10092,D02,CC201,1.0,12780.15,Active
20261001,2026-10-01,E10093,D02,CC202,1.0,8092.38,Active
20261001,2026-10-01,E10094,D02,CC202,0.8,11455.87,Active
20261001,2026-10-01,E10097,D02,CC202,1.0,11061.9,Active
20261001,2026-10-01,E10098,D02,CC202,1.0,12430.24,Active
20261001,2026-10-01,E10099,D02,CC201,1.0,9926.45,Active
20261001,2026-10-01,E10100,D02,CC202,1.0,10631.21,Active
20261001,2026-10-01,E10101,D02,CC201,1.0,11051.36,Active
20261001,2026-10-01,E10102,D02,CC201,1.0,5843.04,Active
20261001,2026-10-01,E10103,D02,CC202,1.0,15716.39,Active
20261001,2026-10-01,E10104,D02,CC201,1.0,11596.39,Active
20261001,2026-10-01,E10105,D02,CC202,1.0,9454.91,Active
20261001,2026-10-01,E10106,D02,CC201,1.0,5728.56,Active
20261001,2026-10-01,E10107,D02,CC202,1.0,9980.59,Active
20261001,2026-10-01,E10108,D02,CC202,1.0,14196.16,Active
20261001,2026-10-01,E10109,D02,CC201,1.0,9282.17,Active
20261001,2026-10-01,E10110,D02,CC202,1.0,8752.01,Active
20261001,2026-10-01,E10111,D02,CC201,1.0,10573.0,Active
20261001,2026-10-01,E10112,D02,CC202,1.0,10387.95,Active
20261001,2026-10-01,E10113,D02,CC201,1.0,13462.6,Active
20261001,2026-10-01,E10114,D02,CC201,1.0,9832.22,Active
20261001,2026-10-01,E10115,D02,CC202,1.0,5927.18,Active
20261001,2026-10-01,E10116,D02,CC201,0.8,11800.99,Active
20261001,2026-10-01,E10117,D02,CC202,1.0,13815.47,Active
20261001,2026-10-01,E10118,D02,CC201,1.0,12447.08,Active
20261001,2026-10-01,E10119,D02,CC201,1.0,11416.6,Active
20261001,2026-10-01,E10120,D02,CC201,1.0,13591.2,Active
20261001,2026-10-01,E10121,D02,CC201,1.0,11151.81,Active
20261001,2026-10-01,E10122,D02,CC202,0.8,6495.58,Active
20261001,2026-10-01,E10123,D02,CC202,1.0,12047.99,Active
20261001,2026-10-01,E10127,D02,CC201,1.0,13742.11,Active
20261001,2026-10-01,E10128,D02,CC201,1.0,12886.94,Active
20261001,2026-10-01,E10129,D02,CC201,1.0,7433.85,Active
20261001,2026-10-01,E10130,D02,CC202,1.0,9001.91,Active
20261001,2026-10-01,E10131,D03,CC301,1.0,15707.91,Active
20261001,2026-10-01,E10132,D03,CC301,1.0,13489.27,Active
20261001,2026-10-01,E10133,D03,CC301,1.0,10911.51,Active
20261001,2026-10-01,E10136,D03,CC301,0.8,9407.44,Active
20261001,2026-10-01,E10137,D03,CC301,1.0,12397.57,Active
20261001,2026-10-01,E10138,D03,CC301,1.0,10190.72,Active
20261001,2026-10-01,E10139,D03,CC301,1.0,16175.93,Active
20261001,2026-10-01,E10140,D03,CC301,1.0,15724.44,Active
20261001,2026-10-01,E10142,D03,CC301,1.0,15314.68,Active
20261001,2026-10-01,E10143,D03,CC301,1.0,12809.0,Active
20261001,2026-10-01,E10144,D03,CC301,1.0,10873.89,Active
20261001,2026-10-01,E10145,D03,CC301,1.0,11537.33,Active
20261001,2026-10-01,E10146,D03,CC301,1.0,6856.39,Active
20261001,2026-10-01,E10147,D03,CC301,1.0,14824.99,Active
20261001,2026-10-01,E10148,D03,CC301,1.0,14087.5,Active
20261001,2026-10-01,E10149,D03,CC301,1.0,13143.95,Active
20261001,2026-10-01,E10150,D03,CC301,1.0,8979.13,Active
20261001,2026-10-01,E10151,D03,CC301,1.0,9072.22,Active
20261001,2026-10-01,E10152,D03,CC301,1.0,5482.59,Active
20261001,2026-10-01,E10153,D03,CC301,1.0,15179.96,Active
20261001,2026-10-01,E10154,D03,CC301,0.8,11104.02,Active
20261001,2026-10-01,E10155,D03,CC301,1.0,12630.14,Active
20261001,2026-10-01,E10156,D03,CC301,1.0,9290.18,Active
20261001,2026-10-01,E10157,D03,CC301,1.0,9521.76,Active
20261001,2026-10-01,E10160,D03,CC301,1.0,15875.44,Active
20261001,2026-10-01,E10161,D03,CC301,1.0,13088.11,Active
20261001,2026-10-01,E10162,D03,CC301,1.0,14226.3,Active
20261001,2026-10-01,E10163,D03,CC301,1.0,11723.53,Active
20261001,2026-10-01,E10164,D03,CC301,1.0,12594.27,Active
20261001,2026-10-01,E10165,D03,CC301,1.0,13577.68,Active
20261001,2026-10-01,E10166,D03,CC301,1.0,14772.78,Active
20261001,2026-10-01,E10167,D03,CC301,1.0,5680.7,Active
20261001,2026-10-01,E10168,D03,CC301,1.0,5448.27,Active
20261001,2026-10-01,E10169,D03,CC301,1.0,8970.49,Active
20261001,2026-10-01,E10170,D03,CC301,1.0,11035.82,Active
20261001,2026-10-01,E10171,D03,CC301,1.0,5967.78,Active
20261001,2026-10-01,E10172,D03,CC301,1.0,10053.64,Active
20261001,2026-10-01,E10174,D03,CC301,1.0,10063.04,Active
20261001,2026-10-01,E10175,D03,CC301,1.0,8969.67,Active
20261001,2026-10-01,E10177,D03,CC301,1.0,10583.24,Active
20261001,2026-10-01,E10178,D03,CC301,1.0,11155.45,Active
20261001,2026-10-01,E10179,D03,CC301,1.0,12246.45,Active
20261001,2026-10-01,E10180,D03,CC301,1.0,6403.99,Active
20261001,2026-10-01,E10181,D03,CC301,1.0,14951.55,Active
20261001,2026-10-01,E10183,D03,CC301,1.0,6226.79,Active
20261001,2026-10-01,E10185,D03,CC301,1.0,13868.59,Active
20261001,2026-10-01,E10186,D03,CC301,1.0,14150.62,Active
20261001,2026-10-01,E10187,D03,CC301,1.0,12749.63,Active
20261001,2026-10-01,E10188,D03,CC301,1.0,11743.59,Active
20261001,2026-10-01,E10190,D03,CC301,1.0,10891.75,Active
20261001,2026-10-01,E10191,D03,CC301,1.0,12248.15,Active
20261001,2026-10-01,E10192,D03,CC301,1.0,5927.32,Active
20261001,2026-10-01,E10193,D03,CC301,1.0,11083.79,Active
20261001,2026-10-01,E10194,D03,CC301,1.0,11338.24,Active
20261001,2026-10-01,E10195,D03,CC301,1.0,11929.34,Active
20261001,2026-10-01,E10196,D03,CC301,0.8,8908.53,Active
20261001,2026-10-01,E10197,D03,CC301,1.0,14348.7,Active
20261001,2026-10-01,E10198,D03,CC301,0.8,12810.68,Active
20261001,2026-10-01,E10199,D03,CC301,1.0,12646.7,Active
20261001,2026-10-01,E10200,D03,CC301,1.0,14679.14,Active
20261001,2026-10-01,E10201,D04,CC401,1.0,8964.42,Active
20261001,2026-10-01,E10202,D04,CC401,1.0,15431.15,Active
20261001,2026-10-01,E10203,D04,CC401,1.0,12302.57,Active
20261001,2026-10-01,E10204,D04,CC401,1.0,8058.83,Active
20261001,2026-10-01,E10205,D04,CC401,1.0,7396.51,Active
20261001,2026-10-01,E10207,D04,CC401,1.0,7528.96,Active
20261001,2026-10-01,E10208,D04,CC401,1.0,7629.31,Active
20261001,2026-10-01,E10209,D04,CC401,1.0,8361.65,Active
20261001,2026-10-01,E10210,D04,CC401,1.0,8183.76,Active
20261001,2026-10-01,E10211,D04,CC401,1.0,8342.44,Active
20261001,2026-10-01,E10212,D04,CC401,1.0,6958.2,Active
20261001,2026-10-01,E10213,D04,CC401,1.0,8728.29,Active
20261001,2026-10-01,E10214,D04,CC401,1.0,12498.49,Active
20261001,2026-10-01,E10216,D04,CC401,1.0,9599.12,Active
20261001,2026-10-01,E10217,D04,CC401,1.0,13645.29,Active
20261001,2026-10-01,E10218,D04,CC401,1.0,7055.58,Active
20261001,2026-10-01,E10219,D04,CC401,1.0,8562.86,Active
20261001,2026-10-01,E10220,D04,CC401,1.0,15188.13,Active
20261001,2026-10-01,E10221,D04,CC401,1.0,13988.24,Active
20261001,2026-10-01,E10222,D04,CC401,0.8,10910.97,Active
20261001,2026-10-01,E10223,D04,CC401,1.0,7406.44,Active
20261001,2026-10-01,E10224,D04,CC401,1.0,13135.92,Active
20261001,2026-10-01,E10225,D04,CC401,1.0,9839.99,Active
20261001,2026-10-01,E10226,D04,CC401,1.0,7627.64,Active
20261001,2026-10-01,E10227,D04,CC401,1.0,10034.42,Active
20261001,2026-10-01,E10228,D04,CC401,1.0,14600.94,Active
20261001,2026-10-01,E10230,D04,CC401,0.8,8439.0,Active
20261001,2026-10-01,E10231,D04,CC401,1.0,10117.26,Active
20261001,2026-10-01,E10232,D04,CC401,1.0,9564.19,Active
20261001,2026-10-01,E10233,D04,CC401,1.0,12326.6,Active
20261001,2026-10-01,E10234,D04,CC401,1.0,10929.21,Active
20261001,2026-10-01,E10235,D04,CC401,1.0,6574.13,Active
20261001,2026-10-01,E10237,D04,CC401,1.0,14270.28,Active
20261001,2026-10-01,E10238,D04,CC401,1.0,16388.12,Active
20261001,2026-10-01,E10239,D04,CC401,0.8,6872.59,Active
20261001,2026-10-01,E10240,D04,CC401,1.0,14453.53,Active
20261001,2026-10-01,E10241,D04,CC401,1.0,16146.37,Active
20261001,2026-10-01,E10242,D04,CC401,1.0,13387.03,Active
20261001,2026-10-01,E10243,D04,CC401,1.0,11913.71,Active
20261001,2026-10-01,E10244,D04,CC401,1.0,6378.34,Active
20261001,2026-10-01,E10245,D04,CC401,1.0,12895.46,Active
20261001,2026-10-01,E10246,D04,CC401,1.0,11606.09,Active
20261001,2026-10-01,E10247,D04,CC401,1.0,6907.54,Active
20261001,2026-10-01,E10248,D04,CC401,1.0,14476.63,Active
20261001,2026-10-01,E10249,D05,CC502,1.0,12871.07,Active
20261001,2026-10-01,E10250,D05,CC501,1.0,11759.21,Active
20261001,2026-10-01,E10251,D05,CC502,0.8,12716.12,Active
20261001,2026-10-01,E10252,D05,CC502,1.0,12017.53,Active
20261001,2026-10-01,E10253,D05,CC502,1.0,9730.24,Active
20261001,2026-10-01,E10254,D05,CC502,1.0,8943.22,Active
20261001,2026-10-01,E10256,D05,CC501,1.0,12076.36,Active
20261001,2026-10-01,E10257,D05,CC502,1.0,15233.35,Active
20261001,2026-10-01,E10258,D05,CC501,1.0,8593.12,Active
20261001,2026-10-01,E10259,D05,CC502,1.0,5544.3,Active
20261001,2026-10-01,E10260,D05,CC501,1.0,16101.92,Active
20261001,2026-10-01,E10261,D05,CC502,1.0,13387.53,Active
20261001,2026-10-01,E10262,D05,CC502,1.0,7707.27,Active
20261001,2026-10-01,E10263,D05,CC502,1.0,11625.53,Active
20261001,2026-10-01,E10264,D05,CC502,1.0,13336.62,Active
20261001,2026-10-01,E10265,D05,CC502,1.0,16104.41,Active
20261001,2026-10-01,E10266,D05,CC501,1.0,12041.8,Active
20261001,2026-10-01,E10267,D05,CC502,1.0,11564.99,Active
20261001,2026-10-01,E10268,D05,CC501,1.0,5912.58,Active
20261001,2026-10-01,E10269,D05,CC502,0.8,12343.15,Active
20261001,2026-10-01,E10270,D05,CC501,1.0,14322.59,Active
20261001,2026-10-01,E10271,D05,CC502,1.0,15068.8,Active
20261001,2026-10-01,E10272,D05,CC501,1.0,12591.66,Active
20261001,2026-10-01,E10273,D05,CC501,1.0,5989.17,Active
20261001,2026-10-01,E10274,D05,CC501,1.0,11224.66,Active
20261001,2026-10-01,E10275,D05,CC501,1.0,9923.03,Active
20261001,2026-10-01,E10277,D05,CC501,1.0,8192.85,Active
20261001,2026-10-01,E10279,D05,CC501,1.0,5580.49,Active
20261001,2026-10-01,E10280,D05,CC502,1.0,13664.64,Active
20261001,2026-10-01,E10281,D05,CC502,1.0,12520.44,Active
20261001,2026-10-01,E10282,D05,CC501,1.0,8416.89,Active
20261001,2026-10-01,E10283,D05,CC501,1.0,12142.45,Active
20261001,2026-10-01,E10284,D05,CC501,1.0,13512.06,Active
20261001,2026-10-01,E10285,D05,CC502,1.0,5617.48,Active
20261001,2026-10-01,E10286,D05,CC501,1.0,7321.82,Active
20261001,2026-10-01,E10287,D05,CC501,1.0,13068.02,Active
20261001,2026-10-01,E10288,D05,CC501,0.8,8160.06,Active
20261001,2026-10-01,E10289,D05,CC501,1.0,13788.39,Active
20261001,2026-10-01,E10290,D05,CC501,1.0,7634.72,Active
20261001,2026-10-01,E10292,D05,CC501,1.0,14862.48,Active
20261001,2026-10-01,E10294,D05,CC501,1.0,7471.18,Active
20261001,2026-10-01,E10295,D05,CC501,1.0,10063.64,Active
20261001,2026-10-01,E10298,D05,CC501,1.0,9533.03,Active
20261001,2026-10-01,E10299,D05,CC502,1.0,13671.08,Active
20261001,2026-10-01,E10300,D05,CC501,1.0,13974.57,Active
20261001,2026-10-01,E10301,D05,CC502,1.0,11919.78,Active
20261001,2026-10-01,E10302,D05,CC502,1.0,12230.94,Active
20261001,2026-10-01,E10304,D05,CC501,1.0,13569.74,Active
20261001,2026-10-01,E10305,D05,CC502,1.0,15065.25,Active
20261001,2026-10-01,E10306,D05,CC501,1.0,13741.28,Active
20261001,2026-10-01,E10307,D05,CC501,1.0,10915.26,Active
20261001,2026-10-01,E10308,D05,CC501,1.0,12349.18,Active
20261001,2026-10-01,E10309,D05,CC502,1.0,10186.84,Active
20261001,2026-10-01,E10310,D05,CC501,0.8,9921.47,Active
20261001,2026-10-01,E10311,D05,CC502,1.0,9995.75,Active
20261001,2026-10-01,E10312,D05,CC502,1.0,13303.38,Active
20261001,2026-10-01,E10313,D05,CC501,1.0,6065.91,Active
20261001,2026-10-01,E10314,D05,CC502,1.0,9534.02,Active
20261001,2026-10-01,E10315,D05,CC502,1.0,5493.16,Active
20261001,2026-10-01,E10316,D05,CC501,1.0,6076.43,Active
20261001,2026-10-01,E10317,D05,CC501,1.0,7320.88,Active
20261001,2026-10-01,E10318,D05,CC502,1.0,10020.32,Active
20261001,2026-10-01,E10319,D05,CC502,0.8,6069.14,Active
20261001,2026-10-01,E10320,D05,CC502,1.0,8792.55,Active
20261001,2026-10-01,E10321,D05,CC501,1.0,13839.84,Active
20261001,2026-10-01,E10322,D05,CC502,1.0,7257.47,Active
20261001,2026-10-01,E10323,D05,CC501,1.0,13309.98,Active
20261001,2026-10-01,E10325,D06,CC601,1.0,7044.36,Active
20261001,2026-10-01,E10326,D06,CC601,1.0,8739.69,Active
20261001,2026-10-01,E10327,D06,CC601,1.0,10676.88,Active
20261001,2026-10-01,E10328,D06,CC601,1.0,7648.5,Active
20261001,2026-10-01,E10329,D06,CC601,1.0,13394.63,Active
20261001,2026-10-01,E10330,D06,CC601,1.0,10018.22,Active
20261001,2026-10-01,E10331,D06,CC601,1.0,8808.1,Active
20261001,2026-10-01,E10332,D06,CC601,1.0,16329.99,Active
20261001,2026-10-01,E10333,D06,CC601,1.0,7268.72,Active
20261001,2026-10-01,E10334,D06,CC601,1.0,13568.45,Active
20261001,2026-10-01,E10335,D06,CC601,1.0,12419.42,Active
20261001,2026-10-01,E10336,D06,CC601,1.0,15426.66,Active
20261001,2026-10-01,E10337,D06,CC601,1.0,15301.08,Active
20261001,2026-10-01,E10338,D06,CC601,1.0,12415.61,Active
20261001,2026-10-01,E10339,D06,CC601,0.8,10251.95,Active
20261001,2026-10-01,E10340,D06,CC601,1.0,15760.74,Active
20261001,2026-10-01,E10342,D06,CC601,0.8,12863.37,Active
20261001,2026-10-01,E10343,D06,CC601,1.0,14886.28,Active
20261001,2026-10-01,E10344,D06,CC601,1.0,8730.02,Active
20261001,2026-10-01,E10345,D06,CC601,1.0,9997.7,Active
20261001,2026-10-01,E10346,D06,CC601,1.0,13926.32,Active
20261001,2026-10-01,E10347,D06,CC601,1.0,7710.87,Active
20261001,2026-10-01,E10350,D06,CC601,1.0,9599.91,Active
20261001,2026-10-01,E10351,D06,CC601,1.0,10915.17,Active
20261001,2026-10-01,E10352,D06,CC601,1.0,7721.46,Active
20261001,2026-10-01,E10353,D06,CC601,0.8,11414.67,Active
20261001,2026-10-01,E10354,D06,CC601,1.0,14991.73,Active
20261001,2026-10-01,E10356,D06,CC601,1.0,6200.81,Active
20261001,2026-10-01,E10357,D06,CC601,1.0,10693.08,Active
20261001,2026-10-01,E10359,D07,CC701,0.8,11296.23,Active
20261001,2026-10-01,E10360,D07,CC701,1.0,15994.17,Active
20261001,2026-10-01,E10361,D07,CC701,1.0,9189.36,Active
20261001,2026-10-01,E10362,D07,CC701,1.0,15094.12,Active
20261001,2026-10-01,E10363,D07,CC701,1.0,12766.97,Active
20261001,2026-10-01,E10365,D07,CC701,1.0,12998.68,Active
20261001,2026-10-01,E10366,D07,CC701,1.0,14852.48,Active
20261001,2026-10-01,E10367,D07,CC701,1.0,12130.99,Active
20261001,2026-10-01,E10368,D07,CC701,1.0,7515.39,Active
20261001,2026-10-01,E10369,D07,CC701,1.0,14974.16,Active
20261001,2026-10-01,E10370,D07,CC701,1.0,10597.54,Active
20261001,2026-10-01,E10371,D07,CC701,1.0,15531.32,Active
20261001,2026-10-01,E10372,D07,CC701,1.0,8649.01,Active
20261001,2026-10-01,E10373,D07,CC701,1.0,14841.09,Active
20261001,2026-10-01,E10374,D07,CC701,1.0,6364.42,Active
20261001,2026-10-01,E10375,D07,CC701,1.0,15823.83,Active
20261001,2026-10-01,E10376,D07,CC701,1.0,7738.81,Active
20261001,2026-10-01,E10377,D07,CC701,1.0,13073.91,Active
20261001,2026-10-01,E10378,D07,CC701,1.0,13864.86,Active
20261001,2026-10-01,E10379,D07,CC701,1.0,15879.46,Active
20261001,2026-10-01,E10380,D07,CC701,1.0,12381.15,Active
20261001,2026-10-01,E10381,D07,CC701,1.0,9096.82,Active
20261001,2026-10-01,E10382,D07,CC701,1.0,11891.62,Active
20261001,2026-10-01,E10383,D07,CC701,1.0,13372.54,Active
20261001,2026-10-01,E10384,D07,CC701,1.0,10236.55,Active
20261001,2026-10-01,E10385,D07,CC701,1.0,8551.47,Active
20261001,2026-10-01,E10386,D07,CC701,1.0,11763.11,Active
20261001,2026-10-01,E10387,D07,CC701,1.0,6843.09,Active
20261001,2026-10-01,E10388,D07,CC701,1.0,5459.65,Active
20261001,2026-10-01,E10389,D07,CC701,1.0,14563.3,Active
20261001,2026-10-01,E10390,D07,CC701,0.8,11184.75,Active
20261001,2026-10-01,E10391,D07,CC701,0.8,9548.06,Active
20261001,2026-10-01,E10393,D07,CC701,1.0,10397.4,Active
20261001,2026-10-01,E10394,D07,CC701,1.0,14789.45,Active
20261001,2026-10-01,E10395,D07,CC701,1.0,10821.85,Active
20261001,2026-10-01,E10396,D07,CC701,1.0,13187.75,Active
20261001,2026-10-01,E10397,D07,CC701,1.0,13151.01,Active
20261001,2026-10-01,E10398,D07,CC701,1.0,9110.19,Active
20261001,2026-10-01,E10399,D07,CC701,1.0,6046.21,Active
20261001,2026-10-01,E10400,D07,CC701,1.0,8739.78,Active
20261001,2026-10-01,E10401,D07,CC701,1.0,9119.89,Active
20261001,2026-10-01,E10402,D07,CC701,0.8,7733.71,Active
20261001,2026-10-01,E10403,D08,CC802,1.0,7547.33,Active
20261001,2026-10-01,E10404,D08,CC801,0.8,10950.55,Active
20261001,2026-10-01,E10405,D08,CC801,0.8,5735.63,Active
20261001,2026-10-01,E10406,D08,CC801,1.0,8597.59,Active
20261001,2026-10-01,E10407,D08,CC801,1.0,13581.16,Active
20261001,2026-10-01,E10408,D08,CC801,1.0,11757.64,Active
20261001,2026-10-01,E10409,D08,CC801,1.0,9978.72,Active
20261001,2026-10-01,E10410,D08,CC801,1.0,7465.01,Active
20261001,2026-10-01,E10411,D08,CC802,1.0,12402.73,Active
20261001,2026-10-01,E10412,D08,CC801,1.0,9870.11,Active
20261001,2026-10-01,E10413,D08,CC801,1.0,10749.69,Active
20261001,2026-10-01,E10414,D08,CC801,1.0,16033.43,Active
20261001,2026-10-01,E10415,D08,CC802,1.0,12450.02,Active
20261001,2026-10-01,E10416,D08,CC801,1.0,6818.0,Active
20261001,2026-10-01,E10417,D08,CC801,1.0,12620.8,Active
20261001,2026-10-01,E10418,D08,CC802,1.0,16067.58,Active
20261001,2026-10-01,E10419,D08,CC801,1.0,6451.24,Active
20261001,2026-10-01,E10420,D08,CC802,1.0,12455.62,Active
20261001,2026-10-01,E10421,D08,CC801,1.0,6564.05,Active
20261001,2026-10-01,E10422,D08,CC801,1.0,14261.77,Active
20261001,2026-10-01,E10423,D08,CC802,1.0,11182.64,Active
20261001,2026-10-01,E10424,D08,CC801,1.0,11769.56,Active
20261001,2026-10-01,E10425,D08,CC801,1.0,15160.52,Active
20261001,2026-10-01,E10426,D08,CC802,1.0,5561.96,Active
20261001,2026-10-01,E10427,D08,CC801,1.0,6814.75,Active
20261001,2026-10-01,E10429,D08,CC802,1.0,10922.3,Active
20261001,2026-10-01,E10430,D08,CC801,1.0,15981.64,Active
20261001,2026-10-01,E10431,D08,CC802,1.0,15670.72,Active
20261001,2026-10-01,E10432,D08,CC802,1.0,11792.34,Active
20261001,2026-10-01,E10433,D08,CC801,1.0,16384.32,Active
20261001,2026-10-01,E10434,D08,CC801,1.0,5921.6,Active
20261001,2026-10-01,E10435,D08,CC801,0.8,11801.75,Active
20261001,2026-10-01,E10436,D08,CC802,1.0,7861.16,Active
20261001,2026-10-01,E10437,D08,CC801,1.0,12266.8,Active
20261001,2026-10-01,E10438,D08,CC801,1.0,9588.17,Active
20261001,2026-10-01,E10439,D08,CC802,1.0,15637.97,Active
20261001,2026-10-01,E10440,D08,CC802,1.0,6196.56,Active
20261001,2026-10-01,E10441,D08,CC801,1.0,11506.16,Active
20261001,2026-10-01,E10442,D08,CC802,1.0,8852.0,Active
20261001,2026-10-01,E10443,D08,CC802,1.0,8193.39,Active
20261001,2026-10-01,E10444,D08,CC802,1.0,12846.87,Active
20261001,2026-10-01,E10445,D08,CC802,1.0,6464.11,Active
20261001,2026-10-01,E10446,D08,CC802,0.8,11330.23,Active
20261001,2026-10-01,E10448,D08,CC802,1.0,13307.33,Active
20261001,2026-10-01,E10449,D08,CC802,1.0,10749.92,Active
20261001,2026-10-01,E10450,D08,CC801,0.8,9207.97,Active
20261001,2026-10-01,E10451,D08,CC802,0.8,12649.27,Active
20261001,2026-10-01,E10452,D08,CC802,1.0,13437.96,Active
20261001,2026-10-01,E10453,D08,CC801,1.0,8252.68,Active
20261001,2026-10-01,E10454,D08,CC802,1.0,11502.66,Active
20261001,2026-10-01,E10455,D08,CC802,1.0,12365.75,Active
20261001,2026-10-01,E10456,D08,CC802,1.0,10038.61,Active
20261001,2026-10-01,E10457,D08,CC802,0.8,7443.95,Active
20261001,2026-10-01,E10458,D08,CC801,1.0,15807.74,Active
20261001,2026-10-01,E10459,D08,CC802,0.8,5156.18,Active
20261001,2026-10-01,E10460,D08,CC801,1.0,14687.86,Active
20261001,2026-10-01,E10461,D08,CC801,1.0,15633.92,Active
20261001,2026-10-01,E10463,D08,CC801,1.0,9993.58,Active
20261001,2026-10-01,E10464,D08,CC801,1.0,12808.69,Active
20261001,2026-10-01,E10466,D08,CC801,1.0,13698.77,Active
20261001,2026-10-01,E10467,D08,CC802,1.0,5936.39,Active
20261001,2026-10-01,E10468,D08,CC801,1.0,14921.89,Active
20261001,2026-10-01,E10469,D08,CC802,1.0,6958.96,Active
20261001,2026-10-01,E10470,D08,CC802,1.0,9489.19,Active
20261001,2026-10-01,E10471,D01,CC101,1.0,16499.38,Active
20261001,2026-10-01,E10472,D01,CC101,1.0,15746.9,Active
20261001,2026-10-01,E10473,D01,CC102,1.0,9213.56,Active
20261001,2026-10-01,E10474,D02,CC202,1.0,5877.25,Active
20261001,2026-10-01,E10475,D02,CC201,0.8,13286.94,Active
20261001,2026-10-01,E10476,D02,CC202,1.0,15956.22,Active
20261001,2026-10-01,E10477,D02,CC202,1.0,10014.17,Active
20261001,2026-10-01,E10478,D02,CC201,1.0,9341.74,Active
20261001,2026-10-01,E10479,D03,CC301,1.0,16043.04,Active
20261001,2026-10-01,E10480,D03,CC301,1.0,9975.27,Active
20261001,2026-10-01,E10481,D03,CC301,1.0,11527.05,Active
20261001,2026-10-01,E10482,D04,CC401,1.0,16271.27,Active
20261001,2026-10-01,E10483,D04,CC401,1.0,16195.57,Active
20261001,2026-10-01,E10484,D04,CC401,1.0,14799.92,Active
20261001,2026-10-01,E10485,D04,CC401,1.0,11323.23,Active
20261001,2026-10-01,E10486,D04,CC401,1.0,10137.93,Active
20261001,2026-10-01,E10487,D04,CC401,1.0,15039.65,Active
20261001,2026-10-01,E10488,D04,CC401,1.0,13383.19,Active
20261001,2026-10-01,E10489,D05,CC502,1.0,9847.71,Active
20261001,2026-10-01,E10490,D05,CC501,1.0,10021.02,Active
20261001,2026-10-01,E10491,D05,CC501,1.0,8076.79,Active
20261001,2026-10-01,E10492,D05,CC502,1.0,10387.59,Active
20261001,2026-10-01,E10493,D06,CC601,1.0,13477.68,Active
20261001,2026-10-01,E10495,D06,CC601,1.0,11542.11,Active
20261001,2026-10-01,E10496,D07,CC701,1.0,14587.82,Active
20261001,2026-10-01,E10497,D07,CC701,1.0,14051.61,Active
20261001,2026-10-01,E10498,D07,CC701,1.0,7083.54,Active
20261001,2026-10-01,E10499,D07,CC701,1.0,7393.49,Active
20261001,2026-10-01,E10500,D08,CC801,1.0,14521.01,Active
20261001,2026-10-01,E10501,D08,CC802,1.0,13525.33,Active
20261001,2026-10-01,E10502,D08,CC801,1.0,17124.03,Active
20261001,2026-10-01,E10503,D08,CC802,1.0,11262.87,Active
20261001,2026-10-01,E10504,D08,CC802,1.0,6853.43,Active
20261001,2026-10-01,E10505,D08,CC801,1.0,13054.31,Active
20261001,2026-10-01,E10506,D08,CC801,1.0,9064.07,Active
20261101,2026-11-01,E10002,D01,CC101,1.0,8402.89,Active
20261101,2026-11-01,E10003,D01,CC102,1.0,12537.0,Active
20261101,2026-11-01,E10004,D01,CC101,1.0,16132.17,Active
20261101,2026-11-01,E10005,D01,CC102,0.8,11205.25,Active
20261101,2026-11-01,E10006,D01,CC102,1.0,13512.82,Active
20261101,2026-11-01,E10007,D01,CC102,1.0,7356.88,Active
20261101,2026-11-01,E10009,D01,CC101,1.0,15898.22,Active
20261101,2026-11-01,E10010,D01,CC102,1.0,14149.54,Active
20261101,2026-11-01,E10011,D01,CC102,1.0,12645.9,Active
20261101,2026-11-01,E10012,D01,CC102,1.0,10244.49,Active
20261101,2026-11-01,E10013,D01,CC101,1.0,11904.69,Active
20261101,2026-11-01,E10014,D01,CC102,1.0,12009.01,Active
20261101,2026-11-01,E10016,D01,CC102,1.0,13205.83,Active
20261101,2026-11-01,E10017,D01,CC102,1.0,11026.76,Active
20261101,2026-11-01,E10018,D01,CC102,1.0,15385.61,Active
20261101,2026-11-01,E10019,D01,CC102,1.0,6872.43,Active
20261101,2026-11-01,E10020,D01,CC101,1.0,8652.32,Active
20261101,2026-11-01,E10022,D01,CC102,1.0,13212.35,Active
20261101,2026-11-01,E10023,D01,CC101,1.0,6397.09,Active
20261101,2026-11-01,E10024,D01,CC101,1.0,10519.37,Active
20261101,2026-11-01,E10026,D01,CC102,1.0,10341.38,Active
20261101,2026-11-01,E10027,D01,CC101,1.0,9150.96,Active
20261101,2026-11-01,E10028,D01,CC102,1.0,13458.91,Active
20261101,2026-11-01,E10029,D01,CC102,1.0,5701.09,Active
20261101,2026-11-01,E10030,D01,CC102,1.0,10473.05,Active
20261101,2026-11-01,E10031,D01,CC102,0.8,6967.61,Active
20261101,2026-11-01,E10032,D01,CC101,1.0,6377.98,Active
20261101,2026-11-01,E10033,D01,CC101,1.0,14261.39,Active
20261101,2026-11-01,E10034,D01,CC101,1.0,12553.38,Active
20261101,2026-11-01,E10035,D01,CC101,1.0,14874.24,Active
20261101,2026-11-01,E10036,D01,CC102,1.0,10529.71,Active
20261101,2026-11-01,E10038,D01,CC101,1.0,14660.64,Active
20261101,2026-11-01,E10039,D02,CC202,1.0,14445.05,Active
20261101,2026-11-01,E10040,D02,CC202,1.0,6619.82,Active
20261101,2026-11-01,E10041,D02,CC202,1.0,13312.74,Active
20261101,2026-11-01,E10042,D02,CC202,1.0,10675.08,Active
20261101,2026-11-01,E10043,D02,CC202,1.0,11239.28,Active
20261101,2026-11-01,E10044,D02,CC202,1.0,6106.4,Active
20261101,2026-11-01,E10045,D02,CC202,1.0,15764.56,Active
20261101,2026-11-01,E10046,D02,CC202,1.0,5720.01,Active
20261101,2026-11-01,E10047,D02,CC201,1.0,10294.64,Active
20261101,2026-11-01,E10048,D02,CC202,1.0,9120.77,Active
20261101,2026-11-01,E10049,D02,CC202,1.0,13193.62,Active
20261101,2026-11-01,E10050,D02,CC202,1.0,12852.39,Active
20261101,2026-11-01,E10051,D02,CC201,1.0,14511.98,Active
20261101,2026-11-01,E10052,D02,CC202,1.0,6450.28,Active
20261101,2026-11-01,E10053,D02,CC202,1.0,7206.53,Active
20261101,2026-11-01,E10054,D02,CC202,1.0,15731.9,Active
20261101,2026-11-01,E10055,D02,CC201,1.0,11587.88,Active
20261101,2026-11-01,E10056,D02,CC201,1.0,9276.35,Active
20261101,2026-11-01,E10057,D02,CC201,1.0,15060.65,Active
20261101,2026-11-01,E10058,D02,CC201,1.0,6757.1,Active
20261101,2026-11-01,E10059,D02,CC202,1.0,10808.96,Active
20261101,2026-11-01,E10060,D02,CC202,1.0,13818.43,Active
20261101,2026-11-01,E10061,D02,CC201,1.0,14898.08,Active
20261101,2026-11-01,E10062,D02,CC202,1.0,10292.58,Active
20261101,2026-11-01,E10063,D02,CC201,1.0,14008.3,Active
20261101,2026-11-01,E10065,D02,CC202,1.0,7101.27,Active
20261101,2026-11-01,E10066,D02,CC201,1.0,10809.82,Active
20261101,2026-11-01,E10067,D02,CC201,1.0,9023.07,Active
20261101,2026-11-01,E10068,D02,CC202,1.0,10124.66,Active
20261101,2026-11-01,E10069,D02,CC202,1.0,14093.84,Active
20261101,2026-11-01,E10070,D02,CC202,1.0,6360.41,Active
20261101,2026-11-01,E10071,D02,CC201,1.0,12617.12,Active
20261101,2026-11-01,E10072,D02,CC202,1.0,7999.5,Active
20261101,2026-11-01,E10073,D02,CC202,1.0,15032.68,Active
20261101,2026-11-01,E10074,D02,CC201,0.8,10988.84,Active
20261101,2026-11-01,E10075,D02,CC201,0.8,7833.82,Active
20261101,2026-11-01,E10078,D02,CC202,1.0,5569.0,Active
20261101,2026-11-01,E10079,D02,CC202,1.0,7064.75,Active
20261101,2026-11-01,E10080,D02,CC202,1.0,15031.25,Active
20261101,2026-11-01,E10081,D02,CC202,1.0,13857.81,Active
20261101,2026-11-01,E10082,D02,CC202,1.0,6348.53,Active
20261101,2026-11-01,E10083,D02,CC201,1.0,13555.06,Active
20261101,2026-11-01,E10084,D02,CC201,1.0,8573.22,Active
20261101,2026-11-01,E10085,D02,CC201,1.0,11206.56,Active
20261101,2026-11-01,E10087,D02,CC201,1.0,6692.11,Active
20261101,2026-11-01,E10088,D02,CC201,1.0,10879.36,Active
20261101,2026-11-01,E10089,D02,CC202,1.0,15528.44,Active
20261101,2026-11-01,E10090,D02,CC202,1.0,5555.85,Active
20261101,2026-11-01,E10091,D02,CC201,1.0,16104.74,Active
20261101,2026-11-01,E10092,D02,CC201,0.8,10099.04,Active
20261101,2026-11-01,E10093,D02,CC202,1.0,8157.38,Active
20261101,2026-11-01,E10094,D02,CC202,1.0,14245.03,Active
20261101,2026-11-01,E10097,D02,CC202,1.0,11063.28,Active
20261101,2026-11-01,E10098,D02,CC202,1.0,12314.31,Active
20261101,2026-11-01,E10099,D02,CC201,1.0,10006.9,Active
20261101,2026-11-01,E10100,D02,CC202,1.0,10608.3,Active
20261101,2026-11-01,E10101,D02,CC201,1.0,11085.01,Active
20261101,2026-11-01,E10102,D02,CC201,1.0,5815.72,Active
20261101,2026-11-01,E10103,D02,CC202,1.0,15805.67,Active
20261101,2026-11-01,E10104,D02,CC201,1.0,11699.54,Active
20261101,2026-11-01,E10105,D02,CC202,1.0,9409.45,Active
20261101,2026-11-01,E10106,D02,CC201,1.0,5811.57,Active
20261101,2026-11-01,E10107,D02,CC202,1.0,9937.87,Active
20261101,2026-11-01,E10108,D02,CC202,1.0,14277.55,Active
20261101,2026-11-01,E10109,D02,CC201,1.0,9169.81,Active
20261101,2026-11-01,E10110,D02,CC202,1.0,8868.56,Active
20261101,2026-11-01,E10111,D02,CC201,1.0,10574.46,Active
20261101,2026-11-01,E10112,D02,CC202,1.0,10451.1,Active
20261101,2026-11-01,E10113,D02,CC201,1.0,13330.94,Active
20261101,2026-11-01,E10114,D02,CC201,1.0,9931.36,Active
20261101,2026-11-01,E10115,D02,CC202,1.0,5897.31,Active
20261101,2026-11-01,E10116,D02,CC201,1.0,14718.29,Active
20261101,2026-11-01,E10117,D02,CC202,1.0,13841.62,Active
20261101,2026-11-01,E10118,D02,CC201,1.0,12457.12,Active
20261101,2026-11-01,E10119,D02,CC201,1.0,11378.82,Active
20261101,2026-11-01,E10120,D02,CC201,1.0,13565.31,Active
20261101,2026-11-01,E10121,D02,CC201,1.0,11135.35,Active
20261101,2026-11-01,E10122,D02,CC202,0.8,6549.95,Active
20261101,2026-11-01,E10123,D02,CC202,1.0,12122.41,Active
20261101,2026-11-01,E10127,D02,CC201,1.0,13725.04,Active
20261101,2026-11-01,E10128,D02,CC201,1.0,12704.14,Active
20261101,2026-11-01,E10129,D02,CC201,1.0,7430.85,Active
20261101,2026-11-01,E10130,D02,CC202,1.0,8857.86,Active
20261101,2026-11-01,E10131,D03,CC301,1.0,15579.1,Active
20261101,2026-11-01,E10132,D03,CC301,1.0,13653.39,Active
20261101,2026-11-01,E10133,D03,CC301,0.8,8763.15,Active
20261101,2026-11-01,E10136,D03,CC301,1.0,11899.87,Active
20261101,2026-11-01,E10137,D03,CC301,1.0,12558.17,Active
20261101,2026-11-01,E10138,D03,CC301,1.0,10310.39,Active
20261101,2026-11-01,E10139,D03,CC301,1.0,15960.09,Active
20261101,2026-11-01,E10140,D03,CC301,1.0,15789.8,Active
20261101,2026-11-01,E10142,D03,CC301,0.8,12415.42,Active
20261101,2026-11-01,E10143,D03,CC301,1.0,12753.22,Active
20261101,2026-11-01,E10144,D03,CC301,1.0,10948.16,Active
20261101,2026-11-01,E10145,D03,CC301,1.0,11544.44,Active
20261101,2026-11-01,E10146,D03,CC301,1.0,6831.37,Active
20261101,2026-11-01,E10147,D03,CC301,1.0,14990.6,Active
20261101,2026-11-01,E10148,D03,CC301,1.0,14195.87,Active
20261101,2026-11-01,E10149,D03,CC301,0.8,10569.26,Active
20261101,2026-11-01,E10150,D03,CC301,1.0,9022.91,Active
20261101,2026-11-01,E10151,D03,CC301,1.0,8981.71,Active
20261101,2026-11-01,E10152,D03,CC301,1.0,5526.96,Active
20261101,2026-11-01,E10153,D03,CC301,1.0,15019.3,Active
20261101,2026-11-01,E10154,D03,CC301,1.0,14010.2,Active
20261101,2026-11-01,E10156,D03,CC301,1.0,9388.37,Active
20261101,2026-11-01,E10157,D03,CC301,1.0,9477.89,Active
20261101,2026-11-01,E10160,D03,CC301,1.0,16057.2,Active
20261101,2026-11-01,E10161,D03,CC301,1.0,13173.66,Active
20261101,2026-11-01,E10162,D03,CC301,1.0,14397.03,Active
20261101,2026-11-01,E10163,D03,CC301,1.0,11641.17,Active
20261101,2026-11-01,E10164,D03,CC301,1.0,12488.85,Active
20261101,2026-11-01,E10165,D03,CC301,1.0,13651.88,Active
20261101,2026-11-01,E10166,D03,CC301,1.0,14602.54,Active
20261101,2026-11-01,E10167,D03,CC301,1.0,5749.23,Active
20261101,2026-11-01,E10168,D03,CC301,0.8,4348.8,Active
20261101,2026-11-01,E10169,D03,CC301,1.0,8993.87,Active
20261101,2026-11-01,E10170,D03,CC301,1.0,11039.29,Active
20261101,2026-11-01,E10171,D03,CC301,1.0,5927.93,Active
20261101,2026-11-01,E10172,D03,CC301,1.0,10036.06,Active
20261101,2026-11-01,E10174,D03,CC301,1.0,10120.39,Active
20261101,2026-11-01,E10175,D03,CC301,1.0,9041.38,Active
20261101,2026-11-01,E10177,D03,CC301,1.0,10479.44,Active
20261101,2026-11-01,E10178,D03,CC301,1.0,11137.89,Active
20261101,2026-11-01,E10179,D03,CC301,1.0,12247.4,Active
20261101,2026-11-01,E10180,D03,CC301,1.0,6423.07,Active
20261101,2026-11-01,E10181,D03,CC301,1.0,15155.61,Active
20261101,2026-11-01,E10183,D03,CC301,1.0,6227.16,Active
20261101,2026-11-01,E10185,D03,CC301,1.0,13922.88,Active
20261101,2026-11-01,E10186,D03,CC301,1.0,14130.98,Active
20261101,2026-11-01,E10187,D03,CC301,1.0,12847.4,Active
20261101,2026-11-01,E10188,D03,CC301,1.0,11925.22,Active
20261101,2026-11-01,E10190,D03,CC301,1.0,10950.68,Active
20261101,2026-11-01,E10191,D03,CC301,1.0,12196.06,Active
20261101,2026-11-01,E10192,D03,CC301,1.0,5990.92,Active
20261101,2026-11-01,E10193,D03,CC301,1.0,10946.71,Active
20261101,2026-11-01,E10194,D03,CC301,0.8,9061.63,Active
20261101,2026-11-01,E10195,D03,CC301,1.0,11895.38,Active
20261101,2026-11-01,E10196,D03,CC301,1.0,11057.26,Active
20261101,2026-11-01,E10197,D03,CC301,1.0,14249.55,Active
20261101,2026-11-01,E10198,D03,CC301,1.0,16026.43,Active
20261101,2026-11-01,E10199,D03,CC301,1.0,12690.19,Active
20261101,2026-11-01,E10200,D03,CC301,1.0,14772.71,Active
20261101,2026-11-01,E10201,D04,CC401,1.0,9048.05,Active
20261101,2026-11-01,E10202,D04,CC401,1.0,15427.2,Active
20261101,2026-11-01,E10203,D04,CC401,1.0,12408.72,Active
20261101,2026-11-01,E10204,D04,CC401,1.0,8071.31,Active
20261101,2026-11-01,E10205,D04,CC401,1.0,7401.75,Active
20261101,2026-11-01,E10207,D04,CC401,1.0,7595.28,Active
20261101,2026-11-01,E10208,D04,CC401,1.0,7653.13,Active
20261101,2026-11-01,E10209,D04,CC401,1.0,8246.8,Active
20261101,2026-11-01,E10210,D04,CC401,1.0,8072.95,Active
20261101,2026-11-01,E10211,D04,CC401,1.0,8292.89,Active
20261101,2026-11-01,E10212,D04,CC401,1.0,6949.17,Active
20261101,2026-11-01,E10213,D04,CC401,1.0,8836.81,Active
20261101,2026-11-01,E10214,D04,CC401,1.0,12710.27,Active
20261101,2026-11-01,E10216,D04,CC401,1.0,9508.02,Active
20261101,2026-11-01,E10217,D04,CC401,1.0,13685.1,Active
20261101,2026-11-01,E10218,D04,CC401,1.0,7074.05,Active
20261101,2026-11-01,E10219,D04,CC401,1.0,8449.74,Active
20261101,2026-11-01,E10220,D04,CC401,1.0,14987.79,Active
20261101,2026-11-01,E10221,D04,CC401,1.0,13968.31,Active
20261101,2026-11-01,E10222,D04,CC401,1.0,13546.65,Active
20261101,2026-11-01,E10223,D04,CC401,1.0,7460.6,Active
20261101,2026-11-01,E10224,D04,CC401,1.0,13158.73,Active
20261101,2026-11-01,E10225,D04,CC401,1.0,9762.88,Active
20261101,2026-11-01,E10226,D04,CC401,1.0,7720.33,Active
20261101,2026-11-01,E10227,D04,CC401,1.0,10054.32,Active
20261101,2026-11-01,E10228,D04,CC401,1.0,14558.47,Active
20261101,2026-11-01,E10230,D04,CC401,1.0,10589.7,Active
20261101,2026-11-01,E10231,D04,CC401,1.0,10165.15,Active
20261101,2026-11-01,E10232,D04,CC401,1.0,9573.42,Active
20261101,2026-11-01,E10233,D04,CC401,1.0,12546.13,Active
20261101,2026-11-01,E10234,D04,CC401,1.0,10848.1,Active
20261101,2026-11-01,E10235,D04,CC401,1.0,6556.68,Active
20261101,2026-11-01,E10237,D04,CC401,1.0,14313.78,Active
20261101,2026-11-01,E10238,D04,CC401,1.0,16174.39,Active
20261101,2026-11-01,E10239,D04,CC401,1.0,8527.41,Active
20261101,2026-11-01,E10240,D04,CC401,1.0,14296.29,Active
20261101,2026-11-01,E10241,D04,CC401,1.0,16249.06,Active
20261101,2026-11-01,E10242,D04,CC401,1.0,13385.61,Active
20261101,2026-11-01,E10243,D04,CC401,1.0,11794.42,Active
20261101,2026-11-01,E10244,D04,CC401,1.0,6355.22,Active
20261101,2026-11-01,E10245,D04,CC401,1.0,13115.82,Active
20261101,2026-11-01,E10246,D04,CC401,0.8,9283.47,Active
20261101,2026-11-01,E10247,D04,CC401,1.0,6848.65,Active
20261101,2026-11-01,E10248,D04,CC401,1.0,14580.0,Active
20261101,2026-11-01,E10249,D05,CC502,1.0,12797.12,Active
20261101,2026-11-01,E10250,D05,CC501,0.8,9495.19,Active
20261101,2026-11-01,E10251,D05,CC502,1.0,15755.02,Active
20261101,2026-11-01,E10252,D05,CC502,1.0,11903.01,Active
20261101,2026-11-01,E10253,D05,CC502,1.0,9612.34,Active
20261101,2026-11-01,E10254,D05,CC502,1.0,9023.89,Active
20261101,2026-11-01,E10256,D05,CC501,1.0,11938.71,Active
20261101,2026-11-01,E10257,D05,CC502,1.0,15214.31,Active
20261101,2026-11-01,E10258,D05,CC501,1.0,8617.48,Active
20261101,2026-11-01,E10260,D05,CC501,1.0,16168.9,Active
20261101,2026-11-01,E10261,D05,CC502,1.0,13538.9,Active
20261101,2026-11-01,E10262,D05,CC502,0.8,6096.22,Active
20261101,2026-11-01,E10263,D05,CC502,1.0,11681.05,Active
20261101,2026-11-01,E10264,D05,CC502,0.8,10465.53,Active
20261101,2026-11-01,E10265,D05,CC502,1.0,16311.25,Active
20261101,2026-11-01,E10266,D05,CC501,1.0,11898.7,Active
20261101,2026-11-01,E10267,D05,CC502,1.0,11702.28,Active
20261101,2026-11-01,E10268,D05,CC501,1.0,5852.35,Active
20261101,2026-11-01,E10269,D05,CC502,1.0,15406.17,Active
20261101,2026-11-01,E10270,D05,CC501,1.0,14436.32,Active
20261101,2026-11-01,E10271,D05,CC502,1.0,15146.3,Active
20261101,2026-11-01,E10272,D05,CC501,1.0,12567.01,Active
20261101,2026-11-01,E10273,D05,CC501,0.8,4721.59,Active
20261101,2026-11-01,E10274,D05,CC501,1.0,11251.49,Active
20261101,2026-11-01,E10275,D05,CC501,1.0,9895.57,Active
20261101,2026-11-01,E10277,D05,CC501,1.0,8264.36,Active
20261101,2026-11-01,E10279,D05,CC501,1.0,5565.3,Active
20261101,2026-11-01,E10280,D05,CC502,1.0,13555.78,Active
20261101,2026-11-01,E10282,D05,CC501,0.8,6760.45,Active
20261101,2026-11-01,E10283,D05,CC501,1.0,12126.83,Active
20261101,2026-11-01,E10284,D05,CC501,1.0,13424.54,Active
20261101,2026-11-01,E10285,D05,CC502,1.0,5537.38,Active
20261101,2026-11-01,E10286,D05,CC501,1.0,7415.53,Active
20261101,2026-11-01,E10287,D05,CC501,1.0,12956.03,Active
20261101,2026-11-01,E10288,D05,CC501,1.0,10287.69,Active
20261101,2026-11-01,E10289,D05,CC501,1.0,13839.71,Active
20261101,2026-11-01,E10290,D05,CC501,1.0,7553.11,Active
20261101,2026-11-01,E10292,D05,CC501,1.0,15115.78,Active
20261101,2026-11-01,E10294,D05,CC501,1.0,7580.53,Active
20261101,2026-11-01,E10295,D05,CC501,1.0,10158.1,Active
20261101,2026-11-01,E10298,D05,CC501,1.0,9480.07,Active
20261101,2026-11-01,E10299,D05,CC502,1.0,13860.33,Active
20261101,2026-11-01,E10300,D05,CC501,1.0,14004.58,Active
20261101,2026-11-01,E10301,D05,CC502,1.0,11959.28,Active
20261101,2026-11-01,E10302,D05,CC502,1.0,12247.18,Active
20261101,2026-11-01,E10304,D05,CC501,1.0,13417.95,Active
20261101,2026-11-01,E10306,D05,CC501,1.0,13614.34,Active
20261101,2026-11-01,E10307,D05,CC501,1.0,10856.33,Active
20261101,2026-11-01,E10308,D05,CC501,1.0,12377.71,Active
20261101,2026-11-01,E10309,D05,CC502,1.0,10281.37,Active
20261101,2026-11-01,E10310,D05,CC501,1.0,12502.83,Active
20261101,2026-11-01,E10311,D05,CC502,1.0,9863.95,Active
20261101,2026-11-01,E10312,D05,CC502,1.0,13402.78,Active
20261101,2026-11-01,E10313,D05,CC501,1.0,5996.46,Active
20261101,2026-11-01,E10314,D05,CC502,1.0,9577.35,Active
20261101,2026-11-01,E10315,D05,CC502,1.0,5477.67,Active
20261101,2026-11-01,E10316,D05,CC501,1.0,6046.18,Active
20261101,2026-11-01,E10317,D05,CC501,1.0,7381.37,Active
20261101,2026-11-01,E10318,D05,CC502,1.0,10002.36,Active
20261101,2026-11-01,E10319,D05,CC502,1.0,7535.63,Active
20261101,2026-11-01,E10320,D05,CC502,1.0,8758.99,Active
20261101,2026-11-01,E10321,D05,CC501,1.0,13981.79,Active
20261101,2026-11-01,E10322,D05,CC502,1.0,7276.91,Active
20261101,2026-11-01,E10323,D05,CC501,1.0,13451.95,Active
20261101,2026-11-01,E10325,D06,CC601,1.0,7103.98,Active
20261101,2026-11-01,E10326,D06,CC601,1.0,8746.56,Active
20261101,2026-11-01,E10327,D06,CC601,1.0,10745.16,Active
20261101,2026-11-01,E10328,D06,CC601,1.0,7555.7,Active
20261101,2026-11-01,E10329,D06,CC601,1.0,13389.06,Active
20261101,2026-11-01,E10330,D06,CC601,1.0,9998.59,Active
20261101,2026-11-01,E10331,D06,CC601,1.0,8754.86,Active
20261101,2026-11-01,E10332,D06,CC601,1.0,16171.54,Active
20261101,2026-11-01,E10333,D06,CC601,1.0,7214.89,Active
20261101,2026-11-01,E10334,D06,CC601,1.0,13563.99,Active
20261101,2026-11-01,E10335,D06,CC601,1.0,12438.44,Active
20261101,2026-11-01,E10336,D06,CC601,1.0,15582.49,Active
20261101,2026-11-01,E10337,D06,CC601,1.0,15460.39,Active
20261101,2026-11-01,E10338,D06,CC601,1.0,12436.02,Active
20261101,2026-11-01,E10339,D06,CC601,1.0,12875.48,Active
20261101,2026-11-01,E10340,D06,CC601,1.0,15631.41,Active
20261101,2026-11-01,E10342,D06,CC601,1.0,16025.37,Active
20261101,2026-11-01,E10343,D06,CC601,1.0,15081.59,Active
20261101,2026-11-01,E10344,D06,CC601,1.0,8660.39,Active
20261101,2026-11-01,E10345,D06,CC601,1.0,9939.99,Active
20261101,2026-11-01,E10346,D06,CC601,1.0,13959.37,Active
20261101,2026-11-01,E10347,D06,CC601,1.0,7743.72,Active
20261101,2026-11-01,E10350,D06,CC601,1.0,9542.9,Active
20261101,2026-11-01,E10351,D06,CC601,1.0,10930.47,Active
20261101,2026-11-01,E10352,D06,CC601,1.0,7756.46,Active
20261101,2026-11-01,E10353,D06,CC601,1.0,14337.06,Active
20261101,2026-11-01,E10354,D06,CC601,1.0,14886.67,Active
20261101,2026-11-01,E10356,D06,CC601,1.0,6106.23,Active
20261101,2026-11-01,E10357,D06,CC601,1.0,10739.1,Active
20261101,2026-11-01,E10359,D07,CC701,1.0,14019.75,Active
20261101,2026-11-01,E10360,D07,CC701,1.0,15875.43,Active
20261101,2026-11-01,E10361,D07,CC701,1.0,9082.05,Active
20261101,2026-11-01,E10362,D07,CC701,1.0,15136.84,Active
20261101,2026-11-01,E10363,D07,CC701,1.0,12744.1,Active
20261101,2026-11-01,E10365,D07,CC701,1.0,13133.67,Active
20261101,2026-11-01,E10366,D07,CC701,1.0,14714.95,Active
20261101,2026-11-01,E10367,D07,CC701,1.0,12208.18,Active
20261101,2026-11-01,E10368,D07,CC701,1.0,7542.97,Active
20261101,2026-11-01,E10369,D07,CC701,1.0,14935.35,Active
20261101,2026-11-01,E10370,D07,CC701,1.0,10670.75,Active
20261101,2026-11-01,E10371,D07,CC701,1.0,15581.72,Active
20261101,2026-11-01,E10372,D07,CC701,1.0,8578.59,Active
20261101,2026-11-01,E10373,D07,CC701,1.0,14945.7,Active
20261101,2026-11-01,E10374,D07,CC701,1.0,6418.28,Active
20261101,2026-11-01,E10375,D07,CC701,1.0,15692.07,Active
20261101,2026-11-01,E10376,D07,CC701,1.0,7704.48,Active
20261101,2026-11-01,E10377,D07,CC701,1.0,13276.8,Active
20261101,2026-11-01,E10378,D07,CC701,1.0,13732.24,Active
20261101,2026-11-01,E10379,D07,CC701,1.0,15739.49,Active
20261101,2026-11-01,E10380,D07,CC701,1.0,12387.38,Active
20261101,2026-11-01,E10381,D07,CC701,1.0,9049.2,Active
20261101,2026-11-01,E10382,D07,CC701,1.0,11897.64,Active
20261101,2026-11-01,E10383,D07,CC701,1.0,13540.93,Active
20261101,2026-11-01,E10384,D07,CC701,1.0,10248.77,Active
20261101,2026-11-01,E10385,D07,CC701,1.0,8563.11,Active
20261101,2026-11-01,E10386,D07,CC701,1.0,11877.93,Active
20261101,2026-11-01,E10387,D07,CC701,1.0,6847.85,Active
20261101,2026-11-01,E10388,D07,CC701,1.0,5480.15,Active
20261101,2026-11-01,E10389,D07,CC701,1.0,14749.92,Active
20261101,2026-11-01,E10390,D07,CC701,1.0,14160.26,Active
20261101,2026-11-01,E10391,D07,CC701,0.8,9472.09,Active
20261101,2026-11-01,E10393,D07,CC701,1.0,10456.77,Active
20261101,2026-11-01,E10394,D07,CC701,1.0,14519.68,Active
20261101,2026-11-01,E10395,D07,CC701,1.0,10931.95,Active
20261101,2026-11-01,E10396,D07,CC701,1.0,12980.33,Active
20261101,2026-11-01,E10397,D07,CC701,1.0,13140.58,Active
20261101,2026-11-01,E10398,D07,CC701,1.0,9055.71,Active
20261101,2026-11-01,E10399,D07,CC701,1.0,6000.74,Active
20261101,2026-11-01,E10400,D07,CC701,0.8,6961.81,Active
20261101,2026-11-01,E10401,D07,CC701,1.0,9050.45,Active
20261101,2026-11-01,E10402,D07,CC701,1.0,9653.27,Active
20261101,2026-11-01,E10403,D08,CC802,1.0,7631.07,Active
20261101,2026-11-01,E10404,D08,CC801,1.0,13663.54,Active
20261101,2026-11-01,E10405,D08,CC801,1.0,7275.24,Active
20261101,2026-11-01,E10406,D08,CC801,1.0,8616.6,Active
20261101,2026-11-01,E10407,D08,CC801,1.0,13576.9,Active
20261101,2026-11-01,E10408,D08,CC801,1.0,11727.34,Active
20261101,2026-11-01,E10409,D08,CC801,1.0,10018.32,Active
20261101,2026-11-01,E10411,D08,CC802,1.0,12615.68,Active
20261101,2026-11-01,E10412,D08,CC801,1.0,9863.36,Active
20261101,2026-11-01,E10413,D08,CC801,1.0,10750.33,Active
20261101,2026-11-01,E10414,D08,CC801,1.0,16175.9,Active
20261101,2026-11-01,E10415,D08,CC802,1.0,12401.37,Active
20261101,2026-11-01,E10416,D08,CC801,1.0,6726.73,Active
20261101,2026-11-01,E10417,D08,CC801,1.0,12620.29,Active
20261101,2026-11-01,E10418,D08,CC802,1.0,16241.56,Active
20261101,2026-11-01,E10419,D08,CC801,1.0,6497.13,Active
20261101,2026-11-01,E10420,D08,CC802,1.0,12354.13,Active
20261101,2026-11-01,E10421,D08,CC801,1.0,6589.15,Active
20261101,2026-11-01,E10422,D08,CC801,1.0,14249.03,Active
20261101,2026-11-01,E10423,D08,CC802,1.0,11287.13,Active
20261101,2026-11-01,E10424,D08,CC801,1.0,11866.5,Active
20261101,2026-11-01,E10425,D08,CC801,1.0,15111.04,Active
20261101,2026-11-01,E10426,D08,CC802,1.0,5542.65,Active
20261101,2026-11-01,E10427,D08,CC801,1.0,6889.96,Active
20261101,2026-11-01,E10429,D08,CC802,1.0,11032.55,Active
20261101,2026-11-01,E10430,D08,CC801,1.0,16175.87,Active
20261101,2026-11-01,E10431,D08,CC802,1.0,15777.32,Active
20261101,2026-11-01,E10432,D08,CC802,1.0,11740.24,Active
20261101,2026-11-01,E10433,D08,CC801,1.0,16374.89,Active
20261101,2026-11-01,E10434,D08,CC801,1.0,5911.52,Active
20261101,2026-11-01,E10435,D08,CC801,1.0,14756.5,Active
20261101,2026-11-01,E10436,D08,CC802,1.0,7805.94,Active
20261101,2026-11-01,E10437,D08,CC801,1.0,12269.39,Active
20261101,2026-11-01,E10438,D08,CC801,1.0,9679.94,Active
20261101,2026-11-01,E10439,D08,CC802,1.0,15818.02,Active
20261101,2026-11-01,E10440,D08,CC802,1.0,6190.39,Active
20261101,2026-11-01,E10441,D08,CC801,1.0,11627.38,Active
20261101,2026-11-01,E10442,D08,CC802,1.0,8918.3,Active
20261101,2026-11-01,E10444,D08,CC802,1.0,12765.05,Active
20261101,2026-11-01,E10445,D08,CC802,1.0,6456.11,Active
20261101,2026-11-01,E10446,D08,CC802,1.0,14215.14,Active
20261101,2026-11-01,E10448,D08,CC802,1.0,13419.62,Active
20261101,2026-11-01,E10449,D08,CC802,1.0,10853.51,Active
20261101,2026-11-01,E10450,D08,CC801,1.0,11348.67,Active
20261101,2026-11-01,E10451,D08,CC802,1.0,15746.01,Active
20261101,2026-11-01,E10452,D08,CC802,1.0,13385.23,Active
20261101,2026-11-01,E10453,D08,CC801,1.0,8331.68,Active
20261101,2026-11-01,E10454,D08,CC802,1.0,11665.37,Active
20261101,2026-11-01,E10455,D08,CC802,1.0,12448.61,Active
20261101,2026-11-01,E10456,D08,CC802,1.0,9949.99,Active
20261101,2026-11-01,E10457,D08,CC802,1.0,9252.51,Active
20261101,2026-11-01,E10458,D08,CC801,1.0,15844.13,Active
20261101,2026-11-01,E10459,D08,CC802,1.0,6370.09,Active
20261101,2026-11-01,E10460,D08,CC801,1.0,14565.57,Active
20261101,2026-11-01,E10461,D08,CC801,1.0,15589.3,Active
20261101,2026-11-01,E10463,D08,CC801,1.0,10109.47,Active
20261101,2026-11-01,E10464,D08,CC801,1.0,12978.86,Active
20261101,2026-11-01,E10466,D08,CC801,1.0,13458.45,Active
20261101,2026-11-01,E10467,D08,CC802,1.0,5921.91,Active
20261101,2026-11-01,E10468,D08,CC801,1.0,15119.59,Active
20261101,2026-11-01,E10470,D08,CC802,1.0,9505.19,Active
20261101,2026-11-01,E10471,D01,CC101,1.0,16239.14,Active
20261101,2026-11-01,E10472,D01,CC101,1.0,15675.6,Active
20261101,2026-11-01,E10473,D01,CC102,1.0,9249.4,Active
20261101,2026-11-01,E10474,D02,CC202,1.0,5922.52,Active
20261101,2026-11-01,E10475,D02,CC201,1.0,16475.0,Active
20261101,2026-11-01,E10476,D02,CC202,1.0,16239.84,Active
20261101,2026-11-01,E10477,D02,CC202,1.0,9911.87,Active
20261101,2026-11-01,E10478,D02,CC201,1.0,9346.41,Active
20261101,2026-11-01,E10479,D03,CC301,1.0,16067.22,Active
20261101,2026-11-01,E10480,D03,CC301,1.0,9914.17,Active
20261101,2026-11-01,E10481,D03,CC301,1.0,11402.78,Active
20261101,2026-11-01,E10482,D04,CC401,1.0,16215.78,Active
20261101,2026-11-01,E10483,D04,CC401,1.0,16246.57,Active
20261101,2026-11-01,E10484,D04,CC401,1.0,14556.99,Active
20261101,2026-11-01,E10485,D04,CC401,1.0,11196.07,Active
20261101,2026-11-01,E10486,D04,CC401,1.0,9992.76,Active
20261101,2026-11-01,E10487,D04,CC401,1.0,15075.77,Active
20261101,2026-11-01,E10488,D04,CC401,1.0,13492.48,Active
20261101,2026-11-01,E10489,D05,CC502,1.0,9887.04,Active
20261101,2026-11-01,E10490,D05,CC501,1.0,9900.78,Active
20261101,2026-11-01,E10491,D05,CC501,1.0,8128.7,Active
20261101,2026-11-01,E10492,D05,CC502,1.0,10392.08,Active
20261101,2026-11-01,E10493,D06,CC601,1.0,13516.45,Active
20261101,2026-11-01,E10494,D06,CC601,1.0,17087.55,Active
20261101,2026-11-01,E10495,D06,CC601,1.0,11448.27,Active
20261101,2026-11-01,E10496,D07,CC701,1.0,14520.87,Active
20261101,2026-11-01,E10497,D07,CC701,1.0,14065.76,Active
20261101,2026-11-01,E10498,D07,CC701,1.0,7201.32,Active
20261101,2026-11-01,E10499,D07,CC701,1.0,7256.37,Active
20261101,2026-11-01,E10500,D08,CC801,1.0,14764.06,Active
20261101,2026-11-01,E10501,D08,CC802,1.0,13520.29,Active
20261101,2026-11-01,E10502,D08,CC801,1.0,17055.68,Active
20261101,2026-11-01,E10503,D08,CC802,1.0,11312.64,Active
20261101,2026-11-01,E10504,D08,CC802,1.0,6870.18,Active
20261101,2026-11-01,E10505,D08,CC801,1.0,13037.91,Active
20261101,2026-11-01,E10506,D08,CC801,1.0,9151.46,Active
20261201,2026-12-01,E10002,D01,CC101,1.0,8360.86,Active
20261201,2026-12-01,E10003,D01,CC102,1.0,12578.81,Active
20261201,2026-12-01,E10004,D01,CC101,1.0,16122.38,Active
20261201,2026-12-01,E10005,D01,CC102,1.0,14181.04,Active
20261201,2026-12-01,E10006,D01,CC102,1.0,13553.28,Active
20261201,2026-12-01,E10007,D01,CC102,1.0,7446.0,Active
20261201,2026-12-01,E10009,D01,CC101,1.0,15804.01,Active
20261201,2026-12-01,E10010,D01,CC102,1.0,14185.85,Active
20261201,2026-12-01,E10011,D01,CC102,1.0,12694.35,Active
20261201,2026-12-01,E10012,D01,CC102,1.0,10201.55,Active
20261201,2026-12-01,E10013,D01,CC101,1.0,12071.75,Active
20261201,2026-12-01,E10014,D01,CC102,1.0,12122.25,Active
20261201,2026-12-01,E10016,D01,CC102,1.0,13078.71,Active
20261201,2026-12-01,E10017,D01,CC102,1.0,11215.31,Active
20261201,2026-12-01,E10018,D01,CC102,1.0,15149.23,Active
20261201,2026-12-01,E10019,D01,CC102,1.0,6848.18,Active
20261201,2026-12-01,E10020,D01,CC101,1.0,8649.5,Active
20261201,2026-12-01,E10023,D01,CC101,0.8,5052.86,Active
20261201,2026-12-01,E10024,D01,CC101,1.0,10430.89,Active
20261201,2026-12-01,E10026,D01,CC102,1.0,10401.23,Active
20261201,2026-12-01,E10027,D01,CC101,1.0,9132.86,Active
20261201,2026-12-01,E10028,D01,CC102,1.0,13640.57,Active
20261201,2026-12-01,E10029,D01,CC102,1.0,5642.62,Active
20261201,2026-12-01,E10031,D01,CC102,0.8,6942.3,Active
20261201,2026-12-01,E10032,D01,CC101,1.0,6437.89,Active
20261201,2026-12-01,E10033,D01,CC101,1.0,14299.1,Active
20261201,2026-12-01,E10034,D01,CC101,1.0,12441.64,Active
20261201,2026-12-01,E10035,D01,CC101,1.0,14596.99,Active
20261201,2026-12-01,E10036,D01,CC102,1.0,10561.6,Active
20261201,2026-12-01,E10038,D01,CC101,1.0,14839.19,Active
20261201,2026-12-01,E10039,D02,CC202,1.0,14352.81,Active
20261201,2026-12-01,E10040,D02,CC202,1.0,6543.77,Active
20261201,2026-12-01,E10041,D02,CC202,1.0,13464.16,Active
20261201,2026-12-01,E10042,D02,CC202,1.0,10697.52,Active
20261201,2026-12-01,E10043,D02,CC202,1.0,11259.78,Active
20261201,2026-12-01,E10044,D02,CC202,1.0,6095.78,Active
20261201,2026-12-01,E10046,D02,CC202,1.0,5732.58,Active
20261201,2026-12-01,E10047,D02,CC201,1.0,10140.58,Active
20261201,2026-12-01,E10048,D02,CC202,1.0,9099.67,Active
20261201,2026-12-01,E10049,D02,CC202,0.8,10551.74,Active
20261201,2026-12-01,E10050,D02,CC202,1.0,12624.26,Active
20261201,2026-12-01,E10051,D02,CC201,1.0,14473.48,Active
20261201,2026-12-01,E10052,D02,CC202,1.0,6359.51,Active
20261201,2026-12-01,E10053,D02,CC202,1.0,7126.28,Active
20261201,2026-12-01,E10054,D02,CC202,1.0,15701.35,Active
20261201,2026-12-01,E10055,D02,CC201,1.0,11497.34,Active
20261201,2026-12-01,E10056,D02,CC201,0.8,7415.47,Active
20261201,2026-12-01,E10057,D02,CC201,1.0,15243.22,Active
20261201,2026-12-01,E10058,D02,CC201,1.0,6691.61,Active
20261201,2026-12-01,E10059,D02,CC202,1.0,10796.59,Active
20261201,2026-12-01,E10060,D02,CC202,1.0,13703.71,Active
20261201,2026-12-01,E10061,D02,CC201,1.0,14909.11,Active
20261201,2026-12-01,E10062,D02,CC202,1.0,10275.28,Active
20261201,2026-12-01,E10063,D02,CC201,1.0,13810.49,Active
20261201,2026-12-01,E10065,D02,CC202,1.0,7186.75,Active
20261201,2026-12-01,E10066,D02,CC201,0.8,8609.46,Active
20261201,2026-12-01,E10067,D02,CC201,1.0,9086.2,Active
20261201,2026-12-01,E10068,D02,CC202,1.0,10236.44,Active
20261201,2026-12-01,E10069,D02,CC202,1.0,14159.96,Active
20261201,2026-12-01,E10070,D02,CC202,1.0,6367.15,Active
20261201,2026-12-01,E10071,D02,CC201,1.0,12716.72,Active
20261201,2026-12-01,E10072,D02,CC202,1.0,7980.54,Active
20261201,2026-12-01,E10073,D02,CC202,1.0,15283.54,Active
20261201,2026-12-01,E10074,D02,CC201,1.0,13668.02,Active
20261201,2026-12-01,E10075,D02,CC201,1.0,9749.82,Active
20261201,2026-12-01,E10078,D02,CC202,1.0,5595.83,Active
20261201,2026-12-01,E10079,D02,CC202,1.0,7109.1,Active
20261201,2026-12-01,E10080,D02,CC202,1.0,15045.64,Active
20261201,2026-12-01,E10081,D02,CC202,1.0,14007.78,Active
20261201,2026-12-01,E10082,D02,CC202,1.0,6389.22,Active
20261201,2026-12-01,E10083,D02,CC201,1.0,13392.67,Active
20261201,2026-12-01,E10084,D02,CC201,1.0,8475.58,Active
20261201,2026-12-01,E10085,D02,CC201,1.0,11080.53,Active
20261201,2026-12-01,E10087,D02,CC201,1.0,6684.41,Active
20261201,2026-12-01,E10088,D02,CC201,1.0,11004.43,Active
20261201,2026-12-01,E10089,D02,CC202,1.0,15790.78,Active
20261201,2026-12-01,E10090,D02,CC202,1.0,5498.76,Active
20261201,2026-12-01,E10091,D02,CC201,1.0,16092.12,Active
20261201,2026-12-01,E10092,D02,CC201,1.0,12681.21,Active
20261201,2026-12-01,E10093,D02,CC202,0.8,6484.93,Active
20261201,2026-12-01,E10094,D02,CC202,1.0,14341.47,Active
20261201,2026-12-01,E10097,D02,CC202,1.0,11228.11,Active
20261201,2026-12-01,E10098,D02,CC202,1.0,12464.5,Active
20261201,2026-12-01,E10099,D02,CC201,1.0,10040.08,Active
20261201,2026-12-01,E10100,D02,CC202,1.0,10630.42,Active
20261201,2026-12-01,E10101,D02,CC201,0.8,8824.7,Active
20261201,2026-12-01,E10102,D02,CC201,1.0,5858.1,Active
20261201,2026-12-01,E10103,D02,CC202,1.0,15779.07,Active
20261201,2026-12-01,E10104,D02,CC201,1.0,11714.14,Active
20261201,2026-12-01,E10105,D02,CC202,1.0,9404.89,Active
20261201,2026-12-01,E10106,D02,CC201,1.0,5760.75,Active
20261201,2026-12-01,E10107,D02,CC202,1.0,10015.82,Active
20261201,2026-12-01,E10108,D02,CC202,1.0,14304.4,Active
20261201,2026-12-01,E10109,D02,CC201,1.0,9275.53,Active
20261201,2026-12-01,E10110,D02,CC202,1.0,8802.61,Active
20261201,2026-12-01,E10111,D02,CC201,1.0,10661.12,Active
20261201,2026-12-01,E10112,D02,CC202,1.0,10421.5,Active
20261201,2026-12-01,E10113,D02,CC201,1.0,13277.47,Active
20261201,2026-12-01,E10114,D02,CC201,1.0,9977.81,Active
20261201,2026-12-01,E10115,D02,CC202,1.0,5986.3,Active
20261201,2026-12-01,E10116,D02,CC201,1.0,14857.56,Active
20261201,2026-12-01,E10117,D02,CC202,1.0,13855.96,Active
20261201,2026-12-01,E10118,D02,CC201,1.0,12386.38,Active
20261201,2026-12-01,E10119,D02,CC201,1.0,11397.56,Active
20261201,2026-12-01,E10120,D02,CC201,1.0,13601.77,Active
20261201,2026-12-01,E10121,D02,CC201,1.0,11306.73,Active
20261201,2026-12-01,E10122,D02,CC202,1.0,8148.12,Active
20261201,2026-12-01,E10123,D02,CC202,1.0,11955.44,Active
20261201,2026-12-01,E10127,D02,CC201,1.0,13744.37,Active
20261201,2026-12-01,E10128,D02,CC201,1.0,12679.8,Active
20261201,2026-12-01,E10129,D02,CC201,1.0,7413.98,Active
20261201,2026-12-01,E10130,D02,CC202,1.0,8913.44,Active
20261201,2026-12-01,E10131,D03,CC301,1.0,15633.27,Active
20261201,2026-12-01,E10132,D03,CC301,1.0,13514.15,Active
20261201,2026-12-01,E10133,D03,CC301,1.0,10986.36,Active
20261201,2026-12-01,E10136,D03,CC301,1.0,11734.05,Active
20261201,2026-12-01,E10137,D03,CC301,1.0,12427.42,Active
20261201,2026-12-01,E10138,D03,CC301,1.0,10336.52,Active
20261201,2026-12-01,E10139,D03,CC301,1.0,16170.93,Active
20261201,2026-12-01,E10140,D03,CC301,1.0,15998.58,Active
20261201,2026-12-01,E10143,D03,CC301,1.0,12939.33,Active
20261201,2026-12-01,E10144,D03,CC301,1.0,10991.04,Active
20261201,2026-12-01,E10145,D03,CC301,1.0,11477.53,Active
20261201,2026-12-01,E10146,D03,CC301,1.0,6777.35,Active
20261201,2026-12-01,E10147,D03,CC301,1.0,15004.41,Active
20261201,2026-12-01,E10148,D03,CC301,1.0,14049.92,Active
20261201,2026-12-01,E10149,D03,CC301,1.0,13162.73,Active
20261201,2026-12-01,E10150,D03,CC301,1.0,8858.41,Active
20261201,2026-12-01,E10151,D03,CC301,1.0,9033.32,Active
20261201,2026-12-01,E10152,D03,CC301,1.0,5478.99,Active
20261201,2026-12-01,E10153,D03,CC301,1.0,15229.39,Active
20261201,2026-12-01,E10154,D03,CC301,1.0,14083.6,Active
20261201,2026-12-01,E10156,D03,CC301,1.0,9415.74,Active
20261201,2026-12-01,E10157,D03,CC301,1.0,9558.56,Active
20261201,2026-12-01,E10160,D03,CC301,1.0,15834.24,Active
20261201,2026-12-01,E10161,D03,CC301,1.0,13047.82,Active
20261201,2026-12-01,E10162,D03,CC301,1.0,14234.48,Active
20261201,2026-12-01,E10163,D03,CC301,1.0,11623.59,Active
20261201,2026-12-01,E10164,D03,CC301,1.0,12666.32,Active
20261201,2026-12-01,E10165,D03,CC301,1.0,13416.87,Active
20261201,2026-12-01,E10166,D03,CC301,1.0,14636.22,Active
20261201,2026-12-01,E10167,D03,CC301,1.0,5658.46,Active
20261201,2026-12-01,E10168,D03,CC301,1.0,5520.77,Active
20261201,2026-12-01,E10169,D03,CC301,1.0,8958.8,Active
20261201,2026-12-01,E10170,D03,CC301,1.0,11029.14,Active
20261201,2026-12-01,E10171,D03,CC301,1.0,5963.26,Active
20261201,2026-12-01,E10172,D03,CC301,1.0,9924.27,Active
20261201,2026-12-01,E10174,D03,CC301,1.0,10070.08,Active
20261201,2026-12-01,E10175,D03,CC301,1.0,9024.22,Active
20261201,2026-12-01,E10177,D03,CC301,0.8,8408.96,Active
20261201,2026-12-01,E10178,D03,CC301,1.0,11038.41,Active
20261201,2026-12-01,E10179,D03,CC301,1.0,12234.1,Active
20261201,2026-12-01,E10180,D03,CC301,1.0,6445.64,Active
20261201,2026-12-01,E10181,D03,CC301,1.0,15235.11,Active
20261201,2026-12-01,E10183,D03,CC301,1.0,6154.88,Active
20261201,2026-12-01,E10185,D03,CC301,1.0,13970.86,Active
20261201,2026-12-01,E10186,D03,CC301,1.0,14186.58,Active
20261201,2026-12-01,E10187,D03,CC301,1.0,12803.64,Active
20261201,2026-12-01,E10188,D03,CC301,1.0,11792.83,Active
20261201,2026-12-01,E10190,D03,CC301,1.0,10863.31,Active
20261201,2026-12-01,E10191,D03,CC301,1.0,12284.31,Active
20261201,2026-12-01,E10192,D03,CC301,1.0,5906.84,Active
20261201,2026-12-01,E10193,D03,CC301,1.0,11005.17,Active
20261201,2026-12-01,E10194,D03,CC301,1.0,11220.39,Active
20261201,2026-12-01,E10195,D03,CC301,1.0,12081.74,Active
20261201,2026-12-01,E10196,D03,CC301,1.0,11161.44,Active
20261201,2026-12-01,E10197,D03,CC301,1.0,14448.75,Active
20261201,2026-12-01,E10198,D03,CC301,1.0,16072.82,Active
20261201,2026-12-01,E10199,D03,CC301,1.0,12675.8,Active
20261201,2026-12-01,E10200,D03,CC301,1.0,14669.79,Active
20261201,2026-12-01,E10201,D04,CC401,1.0,9017.51,Active
20261201,2026-12-01,E10202,D04,CC401,1.0,15398.63,Active
20261201,2026-12-01,E10203,D04,CC401,1.0,12442.83,Active
20261201,2026-12-01,E10204,D04,CC401,1.0,8055.83,Active
20261201,2026-12-01,E10205,D04,CC401,1.0,7403.97,Active
20261201,2026-12-01,E10207,D04,CC401,1.0,7558.52,Active
20261201,2026-12-01,E10208,D04,CC401,1.0,7597.12,Active
20261201,2026-12-01,E10209,D04,CC401,1.0,8281.43,Active
20261201,2026-12-01,E10210,D04,CC401,1.0,8162.37,Active
20261201,2026-12-01,E10211,D04,CC401,1.0,8292.33,Active
20261201,2026-12-01,E10212,D04,CC401,1.0,6877.54,Active
20261201,2026-12-01,E10213,D04,CC401,1.0,8679.0,Active
20261201,2026-12-01,E10214,D04,CC401,1.0,12560.38,Active
20261201,2026-12-01,E10216,D04,CC401,1.0,9441.03,Active
20261201,2026-12-01,E10217,D04,CC401,0.8,11009.92,Active
20261201,2026-12-01,E10218,D04,CC401,1.0,7088.81,Active
20261201,2026-12-01,E10219,D04,CC401,0.8,6821.5,Active
20261201,2026-12-01,E10220,D04,CC401,1.0,14979.4,Active
20261201,2026-12-01,E10221,D04,CC401,1.0,13893.22,Active
20261201,2026-12-01,E10222,D04,CC401,1.0,13584.93,Active
20261201,2026-12-01,E10223,D04,CC401,1.0,7449.84,Active
20261201,2026-12-01,E10224,D04,CC401,1.0,13297.02,Active
20261201,2026-12-01,E10225,D04,CC401,1.0,9779.59,Active
20261201,2026-12-01,E10226,D04,CC401,1.0,7627.82,Active
20261201,2026-12-01,E10227,D04,CC401,1.0,10112.92,Active
20261201,2026-12-01,E10228,D04,CC401,1.0,14543.43,Active
20261201,2026-12-01,E10230,D04,CC401,1.0,10480.66,Active
20261201,2026-12-01,E10231,D04,CC401,1.0,10203.49,Active
20261201,2026-12-01,E10232,D04,CC401,1.0,9637.81,Active
20261201,2026-12-01,E10233,D04,CC401,0.8,9958.49,Active
20261201,2026-12-01,E10234,D04,CC401,1.0,10841.38,Active
20261201,2026-12-01,E10235,D04,CC401,1.0,6581.56,Active
20261201,2026-12-01,E10237,D04,CC401,1.0,14141.36,Active
20261201,2026-12-01,E10238,D04,CC401,1.0,16255.82,Active
20261201,2026-12-01,E10239,D04,CC401,1.0,8576.58,Active
20261201,2026-12-01,E10240,D04,CC401,1.0,14266.98,Active
20261201,2026-12-01,E10241,D04,CC401,1.0,16205.63,Active
20261201,2026-12-01,E10242,D04,CC401,1.0,13361.41,Active
20261201,2026-12-01,E10243,D04,CC401,1.0,11769.61,Active
20261201,2026-12-01,E10244,D04,CC401,1.0,6344.48,Active
20261201,2026-12-01,E10245,D04,CC401,1.0,13004.44,Active
20261201,2026-12-01,E10246,D04,CC401,1.0,11537.24,Active
20261201,2026-12-01,E10247,D04,CC401,1.0,6875.96,Active
20261201,2026-12-01,E10248,D04,CC401,1.0,14471.44,Active
20261201,2026-12-01,E10249,D05,CC502,1.0,12759.16,Active
20261201,2026-12-01,E10250,D05,CC501,1.0,11791.93,Active
20261201,2026-12-01,E10251,D05,CC502,1.0,15872.18,Active
20261201,2026-12-01,E10252,D05,CC502,1.0,11893.35,Active
20261201,2026-12-01,E10253,D05,CC502,1.0,9655.75,Active
20261201,2026-12-01,E10254,D05,CC502,1.0,8934.59,Active
20261201,2026-12-01,E10256,D05,CC501,1.0,11902.62,Active
20261201,2026-12-01,E10257,D05,CC502,1.0,15271.12,Active
20261201,2026-12-01,E10258,D05,CC501,1.0,8643.61,Active
20261201,2026-12-01,E10260,D05,CC501,1.0,16146.3,Active
20261201,2026-12-01,E10261,D05,CC502,0.8,10747.71,Active
20261201,2026-12-01,E10262,D05,CC502,1.0,7637.94,Active
20261201,2026-12-01,E10263,D05,CC502,1.0,11642.35,Active
20261201,2026-12-01,E10264,D05,CC502,1.0,13320.09,Active
20261201,2026-12-01,E10265,D05,CC502,1.0,16328.94,Active
20261201,2026-12-01,E10266,D05,CC501,1.0,11970.7,Active
20261201,2026-12-01,E10267,D05,CC502,1.0,11529.07,Active
20261201,2026-12-01,E10268,D05,CC501,1.0,5848.7,Active
20261201,2026-12-01,E10269,D05,CC502,1.0,15380.5,Active
20261201,2026-12-01,E10270,D05,CC501,1.0,14269.11,Active
20261201,2026-12-01,E10271,D05,CC502,0.8,12224.4,Active
20261201,2026-12-01,E10272,D05,CC501,1.0,12697.8,Active
20261201,2026-12-01,E10273,D05,CC501,1.0,5974.85,Active
20261201,2026-12-01,E10274,D05,CC501,1.0,11380.08,Active
20261201,2026-12-01,E10275,D05,CC501,1.0,9868.15,Active
20261201,2026-12-01,E10277,D05,CC501,1.0,8247.21,Active
20261201,2026-12-01,E10279,D05,CC501,1.0,5538.03,Active
20261201,2026-12-01,E10280,D05,CC502,1.0,13584.39,Active
20261201,2026-12-01,E10282,D05,CC501,1.0,8486.62,Active
20261201,2026-12-01,E10283,D05,CC501,1.0,11947.1,Active
20261201,2026-12-01,E10284,D05,CC501,1.0,13600.72,Active
20261201,2026-12-01,E10285,D05,CC502,1.0,5627.56,Active
20261201,2026-12-01,E10286,D05,CC501,1.0,7345.38,Active
20261201,2026-12-01,E10287,D05,CC501,1.0,12978.18,Active
20261201,2026-12-01,E10288,D05,CC501,1.0,10257.61,Active
20261201,2026-12-01,E10289,D05,CC501,1.0,13689.73,Active
20261201,2026-12-01,E10290,D05,CC501,1.0,7593.23,Active
20261201,2026-12-01,E10292,D05,CC501,1.0,14954.7,Active
20261201,2026-12-01,E10294,D05,CC501,1.0,7569.55,Active
20261201,2026-12-01,E10295,D05,CC501,1.0,10019.9,Active
20261201,2026-12-01,E10298,D05,CC501,1.0,9427.16,Active
20261201,2026-12-01,E10299,D05,CC502,1.0,13716.29,Active
20261201,2026-12-01,E10300,D05,CC501,1.0,14076.63,Active
20261201,2026-12-01,E10301,D05,CC502,1.0,12041.79,Active
20261201,2026-12-01,E10302,D05,CC502,1.0,12367.75,Active
20261201,2026-12-01,E10304,D05,CC501,1.0,13513.29,Active
20261201,2026-12-01,E10306,D05,CC501,1.0,13721.38,Active
20261201,2026-12-01,E10307,D05,CC501,1.0,10946.66,Active
20261201,2026-12-01,E10308,D05,CC501,1.0,12438.56,Active
20261201,2026-12-01,E10309,D05,CC502,1.0,10252.93,Active
20261201,2026-12-01,E10310,D05,CC501,1.0,12535.08,Active
20261201,2026-12-01,E10311,D05,CC502,1.0,9991.04,Active
20261201,2026-12-01,E10312,D05,CC502,1.0,13254.7,Active
20261201,2026-12-01,E10313,D05,CC501,1.0,6068.87,Active
20261201,2026-12-01,E10314,D05,CC502,1.0,9581.53,Active
20261201,2026-12-01,E10315,D05,CC502,1.0,5567.23,Active
20261201,2026-12-01,E10316,D05,CC501,1.0,6046.97,Active
20261201,2026-12-01,E10317,D05,CC501,1.0,7387.22,Active
20261201,2026-12-01,E10318,D05,CC502,1.0,10021.79,Active
20261201,2026-12-01,E10319,D05,CC502,1.0,7525.41,Active
20261201,2026-12-01,E10320,D05,CC502,1.0,8755.44,Active
20261201,2026-12-01,E10321,D05,CC501,0.8,11185.68,Active
20261201,2026-12-01,E10322,D05,CC502,1.0,7240.7,Active
20261201,2026-12-01,E10323,D05,CC501,1.0,13535.5,Active
20261201,2026-12-01,E10325,D06,CC601,1.0,7137.95,Active
20261201,2026-12-01,E10326,D06,CC601,1.0,8722.45,Active
20261201,2026-12-01,E10327,D06,CC601,1.0,10577.96,Active
20261201,2026-12-01,E10328,D06,CC601,1.0,7625.09,Active
20261201,2026-12-01,E10330,D06,CC601,1.0,10039.03,Active
20261201,2026-12-01,E10331,D06,CC601,1.0,8869.83,Active
20261201,2026-12-01,E10332,D06,CC601,1.0,16216.77,Active
20261201,2026-12-01,E10333,D06,CC601,1.0,7270.62,Active
20261201,2026-12-01,E10334,D06,CC601,1.0,13594.21,Active
20261201,2026-12-01,E10335,D06,CC601,1.0,12354.52,Active
20261201,2026-12-01,E10336,D06,CC601,1.0,15628.57,Active
20261201,2026-12-01,E10337,D06,CC601,1.0,15575.33,Active
20261201,2026-12-01,E10338,D06,CC601,1.0,12514.2,Active
20261201,2026-12-01,E10339,D06,CC601,1.0,12845.03,Active
20261201,2026-12-01,E10340,D06,CC601,1.0,15858.74,Active
20261201,2026-12-01,E10342,D06,CC601,1.0,16042.53,Active
20261201,2026-12-01,E10343,D06,CC601,1.0,14909.29,Active
20261201,2026-12-01,E10344,D06,CC601,1.0,8762.29,Active
20261201,2026-12-01,E10345,D06,CC601,1.0,9970.48,Active
20261201,2026-12-01,E10346,D06,CC601,1.0,13819.14,Active
20261201,2026-12-01,E10347,D06,CC601,1.0,7651.83,Active
20261201,2026-12-01,E10350,D06,CC601,1.0,9498.78,Active
20261201,2026-12-01,E10351,D06,CC601,1.0,10948.45,Active
20261201,2026-12-01,E10352,D06,CC601,1.0,7802.33,Active
20261201,2026-12-01,E10353,D06,CC601,1.0,14072.17,Active
20261201,2026-12-01,E10354,D06,CC601,1.0,14780.31,Active
20261201,2026-12-01,E10356,D06,CC601,1.0,6164.19,Active
20261201,2026-12-01,E10357,D06,CC601,1.0,10736.53,Active
20261201,2026-12-01,E10359,D07,CC701,1.0,14119.21,Active
20261201,2026-12-01,E10360,D07,CC701,1.0,15980.36,Active
20261201,2026-12-01,E10361,D07,CC701,1.0,9068.76,Active
20261201,2026-12-01,E10362,D07,CC701,1.0,15083.64,Active
20261201,2026-12-01,E10363,D07,CC701,1.0,12704.87,Active
20261201,2026-12-01,E10365,D07,CC701,1.0,13053.49,Active
20261201,2026-12-01,E10366,D07,CC701,0.8,11986.74,Active
20261201,2026-12-01,E10367,D07,CC701,1.0,12086.39,Active
20261201,2026-12-01,E10368,D07,CC701,1.0,7491.42,Active
20261201,2026-12-01,E10369,D07,CC701,1.0,14967.41,Active
20261201,2026-12-01,E10370,D07,CC701,1.0,10685.89,Active
20261201,2026-12-01,E10371,D07,CC701,1.0,15630.75,Active
20261201,2026-12-01,E10372,D07,CC701,1.0,8650.38,Active
20261201,2026-12-01,E10373,D07,CC701,1.0,14878.45,Active
20261201,2026-12-01,E10374,D07,CC701,1.0,6411.42,Active
20261201,2026-12-01,E10375,D07,CC701,1.0,15718.52,Active
20261201,2026-12-01,E10376,D07,CC701,1.0,7785.99,Active
20261201,2026-12-01,E10377,D07,CC701,1.0,13297.4,Active
20261201,2026-12-01,E10378,D07,CC701,1.0,13799.57,Active
20261201,2026-12-01,E10379,D07,CC701,1.0,15740.69,Active
20261201,2026-12-01,E10380,D07,CC701,1.0,12271.04,Active
20261201,2026-12-01,E10381,D07,CC701,1.0,9118.53,Active
20261201,2026-12-01,E10382,D07,CC701,1.0,11860.36,Active
20261201,2026-12-01,E10383,D07,CC701,1.0,13365.56,Active
20261201,2026-12-01,E10384,D07,CC701,1.0,10140.37,Active
20261201,2026-12-01,E10385,D07,CC701,1.0,8675.45,Active
20261201,2026-12-01,E10386,D07,CC701,1.0,11757.98,Active
20261201,2026-12-01,E10387,D07,CC701,1.0,6827.5,Active
20261201,2026-12-01,E10388,D07,CC701,1.0,5442.95,Active
20261201,2026-12-01,E10389,D07,CC701,1.0,14614.47,Active
20261201,2026-12-01,E10390,D07,CC701,1.0,14122.78,Active
20261201,2026-12-01,E10391,D07,CC701,1.0,11775.99,Active
20261201,2026-12-01,E10393,D07,CC701,1.0,10318.1,Active
20261201,2026-12-01,E10394,D07,CC701,1.0,14598.46,Active
20261201,2026-12-01,E10395,D07,CC701,1.0,10800.11,Active
20261201,2026-12-01,E10396,D07,CC701,0.8,10428.12,Active
20261201,2026-12-01,E10397,D07,CC701,1.0,12969.59,Active
20261201,2026-12-01,E10398,D07,CC701,0.8,7280.63,Active
20261201,2026-12-01,E10399,D07,CC701,1.0,6011.2,Active
20261201,2026-12-01,E10400,D07,CC701,1.0,8694.55,Active
20261201,2026-12-01,E10401,D07,CC701,1.0,9192.17,Active
20261201,2026-12-01,E10402,D07,CC701,1.0,9785.79,Active
20261201,2026-12-01,E10403,D08,CC802,0.8,6013.77,Active
20261201,2026-12-01,E10404,D08,CC801,1.0,13682.18,Active
20261201,2026-12-01,E10405,D08,CC801,1.0,7294.89,Active
20261201,2026-12-01,E10406,D08,CC801,1.0,8534.23,Active
20261201,2026-12-01,E10407,D08,CC801,1.0,13460.58,Active
20261201,2026-12-01,E10408,D08,CC801,1.0,11769.17,Active
20261201,2026-12-01,E10409,D08,CC801,1.0,10025.3,Active
20261201,2026-12-01,E10411,D08,CC802,1.0,12374.79,Active
20261201,2026-12-01,E10412,D08,CC801,1.0,9832.51,Active
20261201,2026-12-01,E10413,D08,CC801,1.0,10818.51,Active
20261201,2026-12-01,E10414,D08,CC801,1.0,16254.76,Active
20261201,2026-12-01,E10415,D08,CC802,1.0,12593.91,Active
20261201,2026-12-01,E10416,D08,CC801,1.0,6790.64,Active
20261201,2026-12-01,E10417,D08,CC801,1.0,12644.77,Active
20261201,2026-12-01,E10418,D08,CC802,1.0,16277.49,Active
20261201,2026-12-01,E10419,D08,CC801,1.0,6497.69,Active
20261201,2026-12-01,E10420,D08,CC802,1.0,12334.37,Active
20261201,2026-12-01,E10421,D08,CC801,1.0,6582.29,Active
20261201,2026-12-01,E10422,D08,CC801,1.0,14250.08,Active
20261201,2026-12-01,E10423,D08,CC802,1.0,11358.61,Active
20261201,2026-12-01,E10424,D08,CC801,1.0,11720.28,Active
20261201,2026-12-01,E10425,D08,CC801,1.0,15207.55,Active
20261201,2026-12-01,E10426,D08,CC802,1.0,5493.04,Active
20261201,2026-12-01,E10427,D08,CC801,1.0,6899.73,Active
20261201,2026-12-01,E10429,D08,CC802,1.0,10987.57,Active
20261201,2026-12-01,E10430,D08,CC801,1.0,16140.23,Active
20261201,2026-12-01,E10431,D08,CC802,1.0,15810.26,Active
20261201,2026-12-01,E10432,D08,CC802,1.0,11792.71,Active
20261201,2026-12-01,E10433,D08,CC801,1.0,16155.08,Active
20261201,2026-12-01,E10434,D08,CC801,1.0,5988.27,Active
20261201,2026-12-01,E10435,D08,CC801,0.8,11759.73,Active
20261201,2026-12-01,E10436,D08,CC802,1.0,7724.98,Active
20261201,2026-12-01,E10437,D08,CC801,1.0,12145.06,Active
20261201,2026-12-01,E10438,D08,CC801,1.0,9567.0,Active
20261201,2026-12-01,E10439,D08,CC802,1.0,15729.93,Active
20261201,2026-12-01,E10440,D08,CC802,1.0,6216.29,Active
20261201,2026-12-01,E10441,D08,CC801,1.0,11510.97,Active
20261201,2026-12-01,E10442,D08,CC802,1.0,8915.67,Active
20261201,2026-12-01,E10444,D08,CC802,1.0,12963.41,Active
20261201,2026-12-01,E10445,D08,CC802,1.0,6453.75,Active
20261201,2026-12-01,E10446,D08,CC802,1.0,13981.31,Active
20261201,2026-12-01,E10448,D08,CC802,1.0,13279.39,Active
20261201,2026-12-01,E10449,D08,CC802,1.0,10805.29,Active
20261201,2026-12-01,E10450,D08,CC801,1.0,11478.1,Active
20261201,2026-12-01,E10451,D08,CC802,1.0,15691.99,Active
20261201,2026-12-01,E10452,D08,CC802,1.0,13477.35,Active
20261201,2026-12-01,E10453,D08,CC801,1.0,8277.26,Active
20261201,2026-12-01,E10454,D08,CC802,0.8,9334.07,Active
20261201,2026-12-01,E10455,D08,CC802,1.0,12411.59,Active
20261201,2026-12-01,E10456,D08,CC802,1.0,9932.01,Active
20261201,2026-12-01,E10457,D08,CC802,1.0,9271.37,Active
20261201,2026-12-01,E10458,D08,CC801,1.0,15828.03,Active
20261201,2026-12-01,E10459,D08,CC802,1.0,6347.62,Active
20261201,2026-12-01,E10460,D08,CC801,1.0,14558.47,Active
20261201,2026-12-01,E10461,D08,CC801,1.0,15708.8,Active
20261201,2026-12-01,E10463,D08,CC801,1.0,10071.04,Active
20261201,2026-12-01,E10464,D08,CC801,1.0,12839.17,Active
20261201,2026-12-01,E10466,D08,CC801,1.0,13637.87,Active
20261201,2026-12-01,E10467,D08,CC802,1.0,5877.87,Active
20261201,2026-12-01,E10468,D08,CC801,1.0,15005.28,Active
20261201,2026-12-01,E10470,D08,CC802,0.8,7716.64,Active
20261201,2026-12-01,E10471,D01,CC101,1.0,16229.01,Active
20261201,2026-12-01,E10472,D01,CC101,0.8,12528.28,Active
20261201,2026-12-01,E10473,D01,CC102,1.0,9336.33,Active
20261201,2026-12-01,E10474,D02,CC202,1.0,5880.81,Active
20261201,2026-12-01,E10475,D02,CC201,1.0,16343.46,Active
20261201,2026-12-01,E10476,D02,CC202,1.0,16068.83,Active
20261201,2026-12-01,E10477,D02,CC202,0.8,7963.7,Active
20261201,2026-12-01,E10478,D02,CC201,1.0,9334.02,Active
20261201,2026-12-01,E10479,D03,CC301,0.8,12863.24,Active
20261201,2026-12-01,E10480,D03,CC301,0.8,7934.25,Active
20261201,2026-12-01,E10481,D03,CC301,1.0,11599.95,Active
20261201,2026-12-01,E10482,D04,CC401,1.0,16190.6,Active
20261201,2026-12-01,E10483,D04,CC401,1.0,16288.48,Active
20261201,2026-12-01,E10484,D04,CC401,1.0,14641.29,Active
20261201,2026-12-01,E10485,D04,CC401,1.0,11278.1,Active
20261201,2026-12-01,E10486,D04,CC401,1.0,10130.4,Active
20261201,2026-12-01,E10487,D04,CC401,1.0,15162.3,Active
20261201,2026-12-01,E10488,D04,CC401,1.0,13509.99,Active
20261201,2026-12-01,E10489,D05,CC502,1.0,9931.53,Active
20261201,2026-12-01,E10490,D05,CC501,1.0,9966.0,Active
20261201,2026-12-01,E10491,D05,CC501,1.0,8023.45,Active
20261201,2026-12-01,E10492,D05,CC502,1.0,10312.62,Active
20261201,2026-12-01,E10493,D06,CC601,1.0,13465.37,Active
20261201,2026-12-01,E10494,D06,CC601,0.8,13749.97,Active
20261201,2026-12-01,E10495,D06,CC601,1.0,11551.07,Active
20261201,2026-12-01,E10496,D07,CC701,1.0,14419.38,Active
20261201,2026-12-01,E10497,D07,CC701,1.0,14072.49,Active
20261201,2026-12-01,E10498,D07,CC701,0.8,5723.08,Active
20261201,2026-12-01,E10499,D07,CC701,1.0,7336.46,Active
20261201,2026-12-01,E10500,D08,CC801,1.0,14727.17,Active
20261201,2026-12-01,E10501,D08,CC802,1.0,13651.24,Active
20261201,2026-12-01,E10502,D08,CC801,1.0,17030.96,Active
20261201,2026-12-01,E10503,D08,CC802,1.0,11310.72,Active
20261201,2026-12-01,E10504,D08,CC802,1.0,6853.31,Active
20261201,2026-12-01,E10505,D08,CC801,1.0,12881.76,Active
20261201,2026-12-01,E10506,D08,CC801,1.0,9024.75,Active
